###############################################################
#  Generated by:      Cadence Innovus 22.15-s091_1
#  OS:                Linux x86_64(Host ID micron4.eng.tau.ac.il)
#  Generated on:      Wed Aug 26 22:30:48 2026
#  Design:            top
#  Command:           summaryReport -noHtml -outfile /project/verif/users/marianajjar/ws/spline_3_1_rerun/innovus/final_final_reports/summary.rpt
###############################################################


==============================
General Design Information
==============================
Design Status: Routed  
Design Name: top  
# Instances: 152770  
# Hard Macros: 0  
# Std Cells: 150126  
    ------------------------------
    Standard Cells in Netlist
    ------------------------------
               Cell Type   Instance Count  Area (um^2)  
                AN2D2LVT               13          32.7600  
                AN2D4LVT               20          86.4000  
                AN2D8LVT                2          13.6800  
               AN2XD1LVT               17          36.7200  
                AN3D4LVT                1           5.0400  
               AO21D1LVT               14          35.2800  
               AO21D2LVT                5          14.4000  
               AO21D4LVT                4          20.1600  
               AO22D0LVT                1           2.8800  
               AO22D1LVT                2           6.4800  
               AO22D2LVT                3          11.8800  
              AOI21D0LVT                4           8.6400  
              AOI21D1LVT               15          32.4000  
              AOI21D2LVT                5          16.2000  
              AOI21D4LVT               16         103.6800  
              AOI22D1LVT               13          32.7600  
              AOI22D2LVT               29         125.2800  
              AOI22D4LVT                8          69.1200  
              AOI31D2LVT                1           4.3200  
               BUFFD0LVT               13          18.7200  
              BUFFD12LVT                7          55.4400  
              BUFFD16LVT                2          20.8800  
               BUFFD1LVT               19          27.3600  
               BUFFD2LVT               20          43.2000  
               BUFFD3LVT                2           5.0400  
               BUFFD4LVT               14          45.3600  
               BUFFD6LVT                3          12.9600  
               BUFFD8LVT               11          63.3600  
              CKAN2D1LVT                1           2.1600  
              CKAN2D2LVT                2           5.0400  
              CKAN2D4LVT               14          45.3600  
              CKAN2D8LVT                4          24.4800  
                CKBD0LVT               11          15.8400  
               CKBD12LVT                3          23.7600  
               CKBD16LVT                2          20.1600  
                CKBD1LVT              315         453.6000  
                CKBD2LVT               10          21.6000  
                CKBD3LVT                1           2.5200  
                CKBD4LVT               73         236.5200  
                CKBD8LVT                6          34.5600  
             CKMUX2D1LVT                1           3.6000  
                CKND0LVT                2           2.1600  
               CKND16LVT                3          23.7600  
                CKND1LVT               27          29.1600  
              CKND2D0LVT                2           2.8800  
              CKND2D1LVT               28          40.3200  
              CKND2D2LVT               54         136.0800  
              CKND2D3LVT               17          55.0800  
              CKND2D4LVT               11          47.5200  
              CKND2D8LVT               12          95.0400  
                CKND2LVT               44          63.3600  
                CKND3LVT                2           4.3200  
                CKND4LVT                6          15.1200  
                CKND6LVT                2           6.4800  
                CKND8LVT                2           8.6400  
             CKXOR2D0LVT                1           3.6000  
             CKXOR2D1LVT               17          61.2000  
             CKXOR2D2LVT                5          19.8000  
               DEL005LVT                1           2.1600  
                DEL01LVT                2           7.9200  
              DFCNQD1LVT              199        1576.0800  
              DFCNQD2LVT                2          18.0000  
              DFCNQD4LVT               54         544.3200  
              DFSNQD4LVT                1           9.7200  
                FA1D0LVT                3          27.0000  
                FA1D1LVT              445        4485.6000  
                FA1D2LVT               83         866.5200  
                FA1D4LVT               60         864.0000  
              IAO21D1LVT                2           5.0400  
              IAO21D2LVT                2           6.4800  
              IAO22D2LVT                1           3.9600  
              IIND4D4LVT                1          10.8000  
               IND2D1LVT               12          25.9200  
               IND2D2LVT               17          48.9600  
               IND2D4LVT                6          34.5600  
               IND3D1LVT                2           5.0400  
               IND3D2LVT                2           8.6400  
               IND3D4LVT                2          15.1200  
               IND4D2LVT                2          11.5200  
               INR2D1LVT                3           6.4800  
               INR2D2LVT                2           5.7600  
               INR2D4LVT                1           5.0400  
              INR2XD0LVT                7          15.1200  
              INR2XD1LVT                4          11.5200  
              INR2XD2LVT                2           9.3600  
               INR3D0LVT                2           5.0400  
               INR3D2LVT                1           3.9600  
                INVD0LVT               13          14.0400  
               INVD12LVT                1           6.1200  
                INVD1LVT               37          39.9600  
                INVD2LVT               22          31.6800  
                INVD3LVT                5          10.8000  
                INVD4LVT                4          10.0800  
                INVD6LVT                3           9.7200  
                INVD8LVT                2           8.6400  
              IOA21D1LVT               11          27.7200  
              IOA21D2LVT               13          42.1200  
              IOA22D2LVT                1           3.9600  
              IOA22D4LVT                1           6.4800  
                LNQD1LVT               37         186.4800  
            MAOI222D0LVT                1           2.8800  
            MAOI222D1LVT               12          34.5600  
            MAOI222D2LVT                2           9.3600  
             MAOI22D1LVT                1           2.8800  
             MOAI22D1LVT              137         394.5600  
             MOAI22D2LVT                1           4.3200  
               MUX2D2LVT                4          15.8400  
              MUX2ND0LVT                3           8.6400  
              MUX3ND0LVT                6          32.4000  
              MUX4ND0LVT                1           7.5600  
                ND2D0LVT                2           2.8800  
                ND2D1LVT               43          61.9200  
                ND2D2LVT               94         236.8800  
                ND2D3LVT               25          81.0000  
                ND2D4LVT               11          47.5200  
                ND2D8LVT                3          23.7600  
                ND3D1LVT                1           2.1600  
                ND3D2LVT                7          22.6800  
                ND3D3LVT                3          14.0400  
                ND3D4LVT                1           6.1200  
                ND3D8LVT                2          24.4800  
                ND4D2LVT                2           9.3600  
                ND4D3LVT               10          61.2000  
                ND4D4LVT                3          25.9200  
                NR2D1LVT               13          18.7200  
                NR2D2LVT               17          42.8400  
                NR2D3LVT                6          19.4400  
                NR2D4LVT                7          30.2400  
                NR2D8LVT                2          15.8400  
               NR2XD0LVT               16          23.0400  
               NR2XD1LVT               22          55.4400  
               NR2XD2LVT               18          77.7600  
               NR2XD3LVT                6          36.7200  
               NR2XD4LVT                2          15.8400  
                NR3D0LVT                1           2.1600  
                NR3D2LVT                1           5.7600  
                NR3D3LVT                1           8.6400  
              OA211D1LVT                1           2.8800  
               OA21D1LVT                2           5.0400  
               OA21D4LVT                1           5.7600  
             OAI211D2LVT                9          38.8800  
             OAI211D4LVT                3          25.9200  
              OAI21D0LVT                2           4.3200  
              OAI21D1LVT               65         140.4000  
              OAI21D2LVT               91         294.8400  
              OAI21D4LVT               38         246.2400  
              OAI22D1LVT               24          60.4800  
              OAI22D2LVT               44         190.0800  
              OAI22D4LVT               22         198.0000  
                OR2D0LVT                2           4.3200  
                OR2D1LVT               18          38.8800  
                OR2D4LVT                2           8.6400  
                OR2D8LVT                1           6.8400  
               OR2XD1LVT               23          49.6800  
                 TIEHLVT                1           1.0800  
               XNR2D0LVT                6          21.6000  
               XNR2D1LVT               62         223.2000  
               XNR2D2LVT                1           3.9600  
               XNR2D4LVT                3          22.6800  
               XNR3D1LVT                1           6.1200  
               XNR3D2LVT                1           7.9200  
               XNR3D4LVT                8          83.5200  
               XOR2D0LVT                4          14.4000  
               XOR2D1LVT                6          21.6000  
               XOR2D2LVT                1           3.9600  
               XOR3D1LVT                5          30.6000  
               XOR3D2LVT               31         212.0400  
               XOR3D4LVT                1          10.4400  
                AN2D0HVT               18          38.8800  
                AN2D1HVT                1           2.1600  
                AN2D2HVT                1           2.5200  
                AN2D4HVT                4          17.2800  
                AN2D8HVT                1           6.8400  
               AN2XD1HVT              176         380.1600  
               AO21D0HVT                8          20.1600  
               AO21D1HVT               89         224.2800  
               AO21D2HVT               24          69.1200  
               AO21D4HVT                9          45.3600  
              AO222D1HVT               31         133.9200  
               AO22D0HVT               25          72.0000  
               AO22D1HVT               10          32.4000  
               AO22D4HVT                1           6.4800  
              AOI21D0HVT               82         177.1200  
              AOI21D1HVT              412         889.9200  
              AOI21D2HVT               13          42.1200  
              AOI21D4HVT                3          19.4400  
              AOI22D0HVT               18          45.3600  
              AOI22D1HVT                8          20.1600  
               BUFFD0HVT               12          17.2800  
              BUFFD12HVT               63         498.9600  
              BUFFD16HVT               27         281.8800  
               BUFFD1HVT               77         110.8800  
               BUFFD2HVT              120         259.2000  
               BUFFD3HVT               17          42.8400  
               BUFFD4HVT              152         492.4800  
               BUFFD6HVT               46         198.7200  
               BUFFD8HVT              108         622.0800  
              CKAN2D0HVT               44          95.0400  
              CKAN2D1HVT                4           8.6400  
              CKAN2D2HVT                1           2.5200  
                CKBD0HVT              318         457.9200  
               CKBD16HVT                2          20.1600  
                CKBD1HVT             1619        2331.3600  
                CKBD2HVT              119         257.0400  
                CKBD3HVT               34          85.6800  
                CKBD4HVT              198         641.5200  
                CKBD6HVT                7          30.2400  
                CKBD8HVT               10          57.6000  
                CKND0HVT              172         185.7600  
               CKND12HVT                9          55.0800  
               CKND16HVT                6          47.5200  
                CKND1HVT              847         914.7600  
              CKND2D0HVT              220         316.8000  
              CKND2D1HVT              289         416.1600  
              CKND2D2HVT               75         189.0000  
              CKND2D3HVT                8          25.9200  
              CKND2D4HVT                1           4.3200  
              CKND2D8HVT                7          55.4400  
                CKND2HVT              158         227.5200  
                CKND3HVT               21          45.3600  
                CKND4HVT               25          63.0000  
                CKND6HVT               16          51.8400  
                CKND8HVT                7          30.2400  
             CKXOR2D0HVT               50         180.0000  
             CKXOR2D1HVT              105         378.0000  
             CKXOR2D2HVT               33         130.6800  
             CMPE42D1HVT              257        4255.9200  
               DEL005HVT              125         270.0000  
               DEL015HVT               20          86.4000  
                DEL01HVT              162         641.5200  
                 DEL0HVT                8          37.4400  
              DFCNQD1HVT              106         839.5200  
              DFCNQD2HVT                2          18.0000  
              DFCNQD4HVT                3          30.2400  
                FA1D0HVT             3171       28539.0000  
                FA1D1HVT              546        5503.6800  
                FA1D2HVT                8          83.5200  
                FA1D4HVT               10         144.0000  
              FICIND1HVT                4          41.7600  
              FICIND2HVT                6          73.4400  
              FICOND1HVT                2          22.3200  
                HA1D0HVT               71         408.9600  
                HA1D1HVT               26         159.1200  
                HA1D2HVT                4          27.3600  
              IAO21D2HVT                1           3.2400  
               IND2D0HVT                7          15.1200  
               IND2D1HVT               98         211.6800  
               IND2D2HVT               45         129.6000  
               IND2D4HVT                5          28.8000  
               INR2D1HVT                3           6.4800  
               INR2D2HVT               12          34.5600  
               INR2D4HVT               10          50.4000  
              INR2XD0HVT                9          19.4400  
              INR2XD1HVT               20          57.6000  
              INR2XD2HVT               46         215.2800  
              INR2XD4HVT                7          65.5200  
                INVD0HVT              591         638.2800  
               INVD12HVT               10          61.2000  
               INVD16HVT                2          15.8400  
                INVD1HVT              502         542.1600  
                INVD2HVT               63          90.7200  
                INVD3HVT               26          56.1600  
                INVD4HVT               11          27.7200  
                INVD6HVT               25          81.0000  
                INVD8HVT               13          56.1600  
              IOA21D0HVT                4          10.0800  
              IOA21D1HVT               30          75.6000  
              IOA21D2HVT               11          35.6400  
              IOA21D4HVT                3          16.2000  
             MOAI22D1HVT              175         504.0000  
             MOAI22D2HVT                1           4.3200  
                ND2D0HVT              942        1356.4800  
                ND2D1HVT              755        1087.2000  
                ND2D2HVT              111         279.7200  
                ND2D3HVT               12          38.8800  
                ND2D4HVT                4          17.2800  
                ND2D8HVT                1           7.9200  
                ND3D2HVT                2           6.4800  
                ND3D3HVT                4          18.7200  
                ND3D4HVT                1           6.1200  
                NR2D0HVT              171         246.2400  
                NR2D1HVT              290         417.6000  
                NR2D2HVT               11          27.7200  
                NR2D3HVT                2           6.4800  
                NR2D4HVT                1           4.3200  
                NR2D8HVT                1           7.9200  
               NR2XD0HVT              420         604.8000  
               NR2XD1HVT               44         110.8800  
               NR2XD2HVT                7          30.2400  
               NR2XD3HVT                3          18.3600  
               NR2XD4HVT                3          23.7600  
               OA21D0HVT                1           2.5200  
               OA21D1HVT                9          22.6800  
               OA21D2HVT                2           5.7600  
              OAI21D0HVT              141         304.5600  
              OAI21D1HVT              578        1248.4800  
              OAI21D2HVT               55         178.2000  
              OAI21D4HVT               25         162.0000  
              OAI22D1HVT              284         715.6800  
              OAI22D2HVT              551        2380.3200  
              OAI22D4HVT              328        2952.0000  
                OR2D0HVT              217         468.7200  
                OR2D1HVT              136         293.7600  
                OR2D2HVT                1           2.5200  
               OR2XD1HVT               54         116.6400  
                 TIEHHVT               36          38.8800  
                 TIELHVT               40          43.2000  
               XNR2D0HVT               94         338.4000  
               XNR2D1HVT              531        1911.6000  
               XNR2D2HVT              130         514.8000  
               XNR2D4HVT                2          15.1200  
               XOR2D0HVT               14          50.4000  
               XOR2D1HVT               28         100.8000  
               XOR2D2HVT               22          87.1200  
               XOR3D0HVT                4          24.4800  
               XOR3D2HVT                1           6.8400  
                   AN2D0                3           6.4800  
                   AN2D2               21          52.9200  
                   AN2D4               21          90.7200  
                   AN2D8                2          13.6800  
                  AN2XD1               41          88.5600  
                  AO21D0                2           5.0400  
                  AO21D1               70         176.4000  
                  AO21D2               35         100.8000  
                  AO21D4               35         176.4000  
                 AO222D1                1           4.3200  
                  AO22D0                3           8.6400  
                  AO22D1               10          32.4000  
                  AO22D2                3          11.8800  
                  AO22D4                1           6.4800  
                 AOI21D0              101         218.1600  
                 AOI21D1              295         637.2000  
                 AOI21D2               50         162.0000  
                 AOI21D4               23         149.0400  
                 AOI22D1                2           5.0400  
                 AOI22D2               15          64.8000  
                 AOI22D4                3          25.9200  
                 AOI32D2                1           5.4000  
                  BUFFD0              219         315.3600  
                  BUFFD1              167         240.4800  
                 BUFFD12               54         427.6800  
                 BUFFD16               46         480.2400  
                  BUFFD2              107         231.1200  
                  BUFFD3               11          27.7200  
                  BUFFD4              101         327.2400  
                  BUFFD6               56         241.9200  
                  BUFFD8              103         593.2800  
                 CKAN2D0               20          43.2000  
                 CKAN2D1                1           2.1600  
                 CKAN2D2                1           2.5200  
                 CKAN2D4                3           9.7200  
                 CKAN2D8                4          24.4800  
                   CKBD0              194         279.3600  
                   CKBD1             2827        4070.8800  
                  CKBD12                3          23.7600  
                  CKBD16                1          10.0800  
                   CKBD2               66         142.5600  
                   CKBD3               14          35.2800  
                   CKBD4              244         790.5600  
                   CKBD6               10          43.2000  
                   CKBD8               29         167.0400  
                CKMUX2D1                1           3.6000  
                   CKND0               67          72.3600  
                   CKND1               93         100.4400  
                  CKND12                4          24.4800  
                  CKND16                6          47.5200  
                   CKND2              139         200.1600  
                 CKND2D0              110         158.4000  
                 CKND2D1              128         184.3200  
                 CKND2D2              189         476.2800  
                 CKND2D3               26          84.2400  
                 CKND2D4               15          64.8000  
                 CKND2D8               94         744.4800  
                   CKND3               17          36.7200  
                   CKND4               26          65.5200  
                   CKND6               11          35.6400  
                   CKND8                2           8.6400  
                CKXOR2D0               17          61.2000  
                CKXOR2D1              163         586.8000  
                CKXOR2D2               35         138.6000  
                CKXOR2D4                5          37.8000  
                CMPE42D1                5          82.8000  
                  DEL005                1           2.1600  
                   DEL01                9          35.6400  
                 DFCNQD1              424        3358.0800  
                 DFCNQD2               32         288.0000  
                 DFCNQD4              202        2036.1600  
                 DFSNQD4                1           9.7200  
                   FA1D0              170        1530.0000  
                   FA1D1             1131       11400.4800  
                   FA1D2              258        2693.5200  
                   FA1D4              279        4017.6000  
                 FICIND1                2          20.8800  
                FIICOND1                1          10.4400  
                   FILL1            14280        5140.8000  
                   FILL2            91218       65676.9600  
                  FILL32             2081       23973.1200  
                  FILL64             6112      140820.4800  
                   HA1D0                1           5.7600  
                   HA1D1               12          73.4400  
                   HA1D2                5          34.2000  
                   HA1D4                1          10.4400  
                 IAO21D0                1           2.5200  
                 IAO21D1                1           2.5200  
                 IAO21D2                2           6.4800  
                 IAO22D4                2          12.9600  
                  IND2D0                1           2.1600  
                  IND2D1               85         183.6000  
                  IND2D2               96         276.4800  
                  IND2D4               26         149.7600  
                  IND3D1                4          10.0800  
                  IND3D2                3          12.9600  
                  INR2D1                9          19.4400  
                  INR2D2               11          31.6800  
                  INR2D4                7          35.2800  
                 INR2XD0                8          17.2800  
                 INR2XD1               18          51.8400  
                 INR2XD2               18          84.2400  
                 INR2XD4                1           9.3600  
                  INR3D1                1           3.6000  
                   INVD0               67          72.3600  
                   INVD1              186         200.8800  
                  INVD12                4          24.4800  
                   INVD2               77         110.8800  
                   INVD3               24          51.8400  
                   INVD4               17          42.8400  
                   INVD6               18          58.3200  
                   INVD8               10          43.2000  
                 IOA21D0                1           2.5200  
                 IOA21D1               19          47.8800  
                 IOA21D2               43         139.3200  
                 IOA21D4                4          21.6000  
                 IOA22D4                3          19.4400  
               MAOI222D1               15          43.2000  
               MAOI222D2                1           4.6800  
               MAOI222D4                1           5.7600  
                MAOI22D1               14          40.3200  
                MAOI22D2                3          12.9600  
                MOAI22D1              461        1327.6800  
                MOAI22D2               27         116.6400  
                MOAI22D4                3          15.1200  
                  MUX2D2                3          11.8800  
                 MUX2ND0                3           8.6400  
                 MUX4ND0                1           7.5600  
                   ND2D0               57          82.0800  
                   ND2D1              149         214.5600  
                   ND2D2              175         441.0000  
                   ND2D3               53         171.7200  
                   ND2D4               14          60.4800  
                   ND2D8               24         190.0800  
                   ND3D1                1           2.1600  
                   ND3D2               10          32.4000  
                   ND3D3               14          65.5200  
                   ND3D4                1           6.1200  
                   ND3D8                1          12.2400  
                   NR2D0              124         178.5600  
                   NR2D1               74         106.5600  
                   NR2D2               37          93.2400  
                   NR2D3                5          16.2000  
                   NR2D4                5          21.6000  
                  NR2XD0              216         311.0400  
                  NR2XD1               28          70.5600  
                  NR2XD2               16          69.1200  
                  NR2XD3                2          12.2400  
                  NR2XD4                7          55.4400  
                   NR3D0                2           4.3200  
                  OA21D1                4          10.0800  
                  OA21D2                1           2.8800  
                  OA21D4                3          17.2800  
                 OAI21D0              128         276.4800  
                 OAI21D1              360         777.6000  
                 OAI21D2              250         810.0000  
                 OAI21D4              144         933.1200  
                 OAI22D1              351         884.5200  
                 OAI22D2              531        2293.9200  
                 OAI22D4              397        3573.0000  
                 OAI31D2                1           4.3200  
                   OR2D0               54         116.6400  
                   OR2D1               51         110.1600  
                   OR2D4                8          34.5600  
                  OR2XD1               71         153.3600  
                  XNR2D0               98         352.8000  
                  XNR2D1             1430        5148.0000  
                  XNR2D2               49         194.0400  
                  XNR2D4               35         264.6000  
                  XNR3D1                1           6.1200  
                  XNR3D2                2          15.8400  
                  XNR3D4                6          62.6400  
                  XOR2D0               56         201.6000  
                  XOR2D1               36         129.6000  
                  XOR2D2               41         162.3600  
                  XOR3D0                1           6.1200  
                  XOR3D1               11          67.3200  
                  XOR3D2               26         177.8400  
                  XOR3D4                4          41.7600  
# Pads: 2644  
    ------------------------------
    IO Cells in Netlist
    ------------------------------
                I/O Name   Instance Count  
                 PCORNER                4  
             PDDW0204CDG               36  
             PFILLER0005             2400  
               PFILLER05               12  
                PFILLER1              122  
               PFILLER10               49  
                PFILLER5               12  
                PVDD1CDG                2  
                PVDD2CDG                2  
                PVDD2POC                1  
                PVSS1CDG                2  
                PVSS2CDG                2  
# Net: 43504  
# Special Net: 2  
# IO Pins: 
    ------------------------------
    Issued IO Information
    ------------------------------
    # Unplaced IO Pin  0  
    # Floating IO  0  
    # IO Connected to Non-IO Inst  0  36  
# Pins: 
    ------------------------------
    Correctness of Pin Connectivity for All Instances
    ------------------------------
    # Floating Terms  
        ------------------------------
        Floating Terms
        ------------------------------
          Floating Term Name             Term Type         Instance Name         Instance Type  
                      VDDPST                 InOut            PAD_POC/I1                   Io   
                      VDDPST                 InOut             PAD_I2/I1                   Io   
                      VDDPST                 InOut             PAD_I1/I1                   Io   
                      VSSPST                 InOut             PAD_G2/I1                   Io   
                      VSSPST                 InOut             PAD_G1/I1                   Io   
                           C                Output                I40/I1                   Io   
                           C                Output                I39/I1                   Io   
                           C                Output                I38/I1                   Io   
                           C                Output                I37/I1                   Io   
                           C                Output                I36/I1                   Io   
                           C                Output                I35/I1                   Io   
                           C                Output                I34/I1                   Io   
                           C                Output                I33/I1                   Io   
                           C                Output                I32/I1                   Io   
                           C                Output                I31/I1                   Io   
                           C                Output                I30/I1                   Io   
                           C                Output                I29/I1                   Io   
                           C                Output                I28/I1                   Io   
                           C                Output                I27/I1                   Io   
                           C                Output                I26/I1                   Io   
                           C                Output                I25/I1                   Io   
                           C                Output                I24/I1                   Io   
                           C                Output                I23/I1                   Io   
                           C                Output                I22/I1                   Io   
                           C                Output                I21/I1                   Io   
                           C                Output                I20/I1                   Io   
                           C                Output                I19/I1                   Io   
                           C                Output                I18/I1                   Io   
                           C                Output                I17/I1                   Io   
                           C                Output                I16/I1                   Io   
                           C                Output                I15/I1                   Io   
                           C                Output                I14/I1                   Io   
                           C                Output                I13/I1                   Io   
                           C                Output                I12/I1                   Io   
                           C                Output                I11/I1                   Io   
                           C                Output                I10/I1                   Io   
                           C                Output                 I9/I1                   Io   37  
    # Output Term Marked Tie Hi/Lo  0  
    # Output Term Shorted to PG Net  0  123464  
# PG Pins: 
    ------------------------------
    Correctness of PG Pin Connectivity for All Instances
    ------------------------------
    # Instances that No Net Defined for Any PG Pin  0  
    # Floating PG Terms  0  
    # PG Pins Connect to Non-PG Net  0  
    # Power Pins Connect Ground Net  0  
    # Ground Pins Connect Power Net  0  300256  
Average Pins Per Net(Signal): 2.838  

==============================
General Library Information
==============================
# Routing Layers: 10  
# Masterslice Layers: 1  
# Pin Layers: 
    General Caution:
        1) Library have M1, M3 and M7 pins, you should setPlaceMode -prerouteAsObs {1 2 3}                                 to ensure these pins are accessible after placement

    ------------------------------
    Pin Layers
    ------------------------------
    M7  
    M3  
    M1  3  
# Layers: 
    ------------------------------
    Layer OVERLAP Information
    ------------------------------
    Type  Overlap  
    ------------------------------
    Layer AP Information
    ------------------------------
    Type  Routing  
    Wire Pitch X  6.500 um  
    Wire Pitch Y  6.500 um  
    Offset X  0.100 um  
    Offset Y  0.100 um  
    Wire Width  3.000 um  
    Spacing  2.000 um  
    ------------------------------
    Layer RV Information
    ------------------------------
    Type  Cut  
    Vias  
        ------------------------------
        Via list in layer RV
        ------------------------------
                  Vias in RV  Default  
                 VIA9AP_1cut      Yes  For complete list click here  
    Multiple Orientation Vias  CAUTION: There is only one default via in this layer  
    ------------------------------
    Layer M9 Information
    ------------------------------
    Type  Routing  
    Wire Pitch X  0.800 um  
    Wire Pitch Y  0.800 um  
    Wire Width  0.400 um  
    Spacing  0.400 um  
    ------------------------------
    Layer VIA8 Information
    ------------------------------
    Type  Cut  
    Vias  
        ------------------------------
        Via list in layer VIA8
        ------------------------------
                Vias in VIA8  Default  
              VIA89_2stack_S      Yes  
              VIA89_2stack_N      Yes  
                  VIA89_4cut      Yes  
                VIA89_2cut_S      Yes  
                VIA89_2cut_N      Yes  
                VIA89_2cut_W      Yes  
                VIA89_2cut_E      Yes  
              VIA89_1stack_S      Yes  
              VIA89_1stack_N      Yes  
              VIA89_1cut_FAT      Yes  
            VIA89_1cut_FAT_H      Yes  
            VIA89_1cut_FAT_V      Yes  
            VIA89_1cut_FAT_C      Yes  
                VIA89_1cut_H      Yes  
                VIA89_1cut_V      Yes  
                  VIA89_1cut      Yes  For complete list click here  
    ------------------------------
    Layer M8 Information
    ------------------------------
    Type  Routing  
    Wire Pitch X  0.800 um  
    Wire Pitch Y  0.800 um  
    Offset X  0.100 um  
    Offset Y  0.100 um  
    Wire Width  0.400 um  
    Spacing  0.400 um  
    ------------------------------
    Layer VIA7 Information
    ------------------------------
    Type  Cut  
    Vias  
        ------------------------------
        Via list in layer VIA7
        ------------------------------
                Vias in VIA7  Default  
                  VIA78_4cut      Yes  
                VIA78_2cut_S      Yes  
                VIA78_2cut_N      Yes  
                VIA78_2cut_W      Yes  
                VIA78_2cut_E      Yes  
              VIA78_1cut_FAT      Yes  
            VIA78_1cut_FAT_V      Yes  
            VIA78_1cut_FAT_H      Yes  
            VIA78_1cut_FAT_C      Yes  
                VIA78_1cut_V      Yes  
                VIA78_1cut_H      Yes  
                  VIA78_1cut      Yes  For complete list click here  
    ------------------------------
    Layer M7 Information
    ------------------------------
    Type  Routing  
    Wire Pitch X  0.200 um  
    Wire Pitch Y  0.200 um  
    Wire Width  0.100 um  
    Spacing  0.100 um  
    ------------------------------
    Layer VIA6 Information
    ------------------------------
    Type  Cut  
    Vias  
        ------------------------------
        Via list in layer VIA6
        ------------------------------
                Vias in VIA6  Default  
              VIA67_2stack_S      Yes  
              VIA67_2stack_N      Yes  
                  VIA67_4cut      Yes  
                VIA67_2cut_S      Yes  
                VIA67_2cut_N      Yes  
                VIA67_2cut_W      Yes  
                VIA67_2cut_E      Yes  
              VIA67_1stack_S      Yes  
              VIA67_1stack_N      Yes  
              VIA67_1cut_FAT      Yes  
            VIA67_1cut_FAT_H      Yes  
            VIA67_1cut_FAT_V      Yes  
            VIA67_1cut_FAT_C      Yes  
                VIA67_1cut_H      Yes  
                VIA67_1cut_V      Yes  
                  VIA67_1cut      Yes  For complete list click here  
    ------------------------------
    Layer M6 Information
    ------------------------------
    Type  Routing  
    Wire Pitch X  0.200 um  
    Wire Pitch Y  0.200 um  
    Offset X  0.100 um  
    Offset Y  0.100 um  
    Wire Width  0.100 um  
    Spacing  0.100 um  
    ------------------------------
    Layer VIA5 Information
    ------------------------------
    Type  Cut  
    Vias  
        ------------------------------
        Via list in layer VIA5
        ------------------------------
                Vias in VIA5  Default  
                  VIA56_4cut      Yes  
                VIA56_2cut_S      Yes  
                VIA56_2cut_N      Yes  
                VIA56_2cut_W      Yes  
                VIA56_2cut_E      Yes  
              VIA56_1stack_W      Yes  
              VIA56_1stack_E      Yes  
              VIA56_1cut_FAT      Yes  
            VIA56_1cut_FAT_V      Yes  
            VIA56_1cut_FAT_H      Yes  
            VIA56_1cut_FAT_C      Yes  
                VIA56_1cut_V      Yes  
                VIA56_1cut_H      Yes  
                  VIA56_1cut      Yes  For complete list click here  
    ------------------------------
    Layer M5 Information
    ------------------------------
    Type  Routing  
    Wire Pitch X  0.200 um  
    Wire Pitch Y  0.200 um  
    Wire Width  0.100 um  
    Spacing  0.100 um  
    ------------------------------
    Layer VIA4 Information
    ------------------------------
    Type  Cut  
    Vias  
        ------------------------------
        Via list in layer VIA4
        ------------------------------
                Vias in VIA4  Default  
                  VIA45_4cut      Yes  
                VIA45_2cut_S      Yes  
                VIA45_2cut_N      Yes  
                VIA45_2cut_W      Yes  
                VIA45_2cut_E      Yes  
              VIA45_1stack_S      Yes  
              VIA45_1stack_N      Yes  
              VIA45_1cut_FAT      Yes  
            VIA45_1cut_FAT_H      Yes  
            VIA45_1cut_FAT_V      Yes  
            VIA45_1cut_FAT_C      Yes  
                VIA45_1cut_H      Yes  
                VIA45_1cut_V      Yes  
                  VIA45_1cut      Yes  For complete list click here  
    ------------------------------
    Layer M4 Information
    ------------------------------
    Type  Routing  
    Wire Pitch X  0.200 um  
    Wire Pitch Y  0.200 um  
    Offset X  0.100 um  
    Offset Y  0.100 um  
    Wire Width  0.100 um  
    Spacing  0.100 um  
    ------------------------------
    Layer VIA3 Information
    ------------------------------
    Type  Cut  
    Vias  
        ------------------------------
        Via list in layer VIA3
        ------------------------------
                Vias in VIA3  Default  
                  VIA34_4cut      Yes  
                VIA34_2cut_S      Yes  
                VIA34_2cut_N      Yes  
                VIA34_2cut_W      Yes  
                VIA34_2cut_E      Yes  
              VIA34_1stack_W      Yes  
              VIA34_1stack_E      Yes  
              VIA34_1cut_FAT      Yes  
            VIA34_1cut_FAT_V      Yes  
            VIA34_1cut_FAT_H      Yes  
            VIA34_1cut_FAT_C      Yes  
                VIA34_1cut_V      Yes  
                VIA34_1cut_H      Yes  
                  VIA34_1cut      Yes  For complete list click here  
    ------------------------------
    Layer M3 Information
    ------------------------------
    Type  Routing  
    Wire Pitch X  0.200 um  
    Wire Pitch Y  0.200 um  
    Wire Width  0.100 um  
    Spacing  0.100 um  
    ------------------------------
    Layer VIA2 Information
    ------------------------------
    Type  Cut  
    Vias  
        ------------------------------
        Via list in layer VIA2
        ------------------------------
                Vias in VIA2  Default  
                  VIA23_4cut      Yes  
                VIA23_2cut_S      Yes  
                VIA23_2cut_N      Yes  
                VIA23_2cut_W      Yes  
                VIA23_2cut_E      Yes  
              VIA23_1stack_S      Yes  
              VIA23_1stack_N      Yes  
              VIA23_1cut_FAT      Yes  
            VIA23_1cut_FAT_H      Yes  
            VIA23_1cut_FAT_V      Yes  
            VIA23_1cut_FAT_C      Yes  
                VIA23_1cut_H      Yes  
                VIA23_1cut_V      Yes  
                  VIA23_1cut      Yes  For complete list click here  
    ------------------------------
    Layer M2 Information
    ------------------------------
    Type  Routing  
    Wire Pitch X  0.200 um  
    Wire Pitch Y  0.200 um  
    Offset X  0.100 um  
    Offset Y  0.100 um  
    Wire Width  0.100 um  
    Spacing  0.100 um  
    ------------------------------
    Layer VIA1 Information
    ------------------------------
    Type  Cut  
    Vias  
        ------------------------------
        Via list in layer VIA1
        ------------------------------
                Vias in VIA1  Default  
                  VIA12_4cut      Yes  
               VIA12_2cut_HS      Yes  
               VIA12_2cut_HN      Yes  
                VIA12_2cut_S      Yes  
                VIA12_2cut_N      Yes  
                VIA12_2cut_W      Yes  
                VIA12_2cut_E      Yes  
              VIA12_1cut_R90      Yes  
              VIA12_1cut_FAT      Yes  
            VIA12_1cut_FAT_V      Yes  
            VIA12_1cut_FAT_H      Yes  
            VIA12_1cut_FAT_C      Yes  
                VIA12_1cut_V      Yes  
                VIA12_1cut_H      Yes  
                  VIA12_1cut      Yes  For complete list click here  
    ------------------------------
    Layer M1 Information
    ------------------------------
    Type  Routing  
    Wire Pitch X  0.200 um  
    Wire Pitch Y  0.200 um  
    Wire Width  0.090 um  
    Spacing  0.090 um  
    ------------------------------
    Layer CO Information
    ------------------------------
    Type  Cut  
    Vias  
        ------------------------------
        Via list in layer CO
        ------------------------------  
    ------------------------------
    Layer PO Information
    ------------------------------
    Type  Masterslice  22  
# Pins without Physical Port: 0  
# Pins in Library without Timing Lib: 
    ------------------------------
    Pins in Library without timing lib
    ------------------------------
               Cell Name      List of Pin Name  
              ISOHID1LVT                     I  
              ISOHID1LVT                   ISO  
              ISOHID1LVT                     Z  
              ISOHID2LVT                     I  
              ISOHID2LVT                   ISO  
              ISOHID2LVT                     Z  
              ISOHID4LVT                     I  
              ISOHID4LVT                   ISO  
              ISOHID4LVT                     Z  
              ISOHID8LVT                     I  
              ISOHID8LVT                   ISO  
              ISOHID8LVT                     Z  
              ISOLOD1LVT                     I  
              ISOLOD1LVT                   ISO  
              ISOLOD1LVT                     Z  
              ISOLOD2LVT                     I  
              ISOLOD2LVT                   ISO  
              ISOLOD2LVT                     Z  
              ISOLOD4LVT                     I  
              ISOLOD4LVT                   ISO  
              ISOLOD4LVT                     Z  
              ISOLOD8LVT                     I  
              ISOLOD8LVT                   ISO  
              ISOLOD8LVT                     Z  
              LVLHLD1LVT                     I  
              LVLHLD1LVT                     Z  
              LVLHLD2LVT                     I  
              LVLHLD2LVT                     Z  
              LVLHLD4LVT                     I  
              LVLHLD4LVT                     Z  
              LVLHLD8LVT                     I  
              LVLHLD8LVT                     Z  
             LVLLHCD1LVT                     I  
             LVLLHCD1LVT                NSLEEP  
             LVLLHCD1LVT                     Z  
             LVLLHCD2LVT                     I  
             LVLLHCD2LVT                NSLEEP  
             LVLLHCD2LVT                     Z  
             LVLLHCD4LVT                     I  
             LVLLHCD4LVT                NSLEEP  
             LVLLHCD4LVT                     Z  
             LVLLHCD8LVT                     I  
             LVLLHCD8LVT                NSLEEP  
             LVLLHCD8LVT                     Z  
              LVLLHD1LVT                     I  
              LVLLHD1LVT                     Z  
              LVLLHD2LVT                     I  
              LVLLHD2LVT                     Z  
              LVLLHD4LVT                     I  
              LVLLHD4LVT                     Z  
              LVLLHD8LVT                     I  
              LVLLHD8LVT                     Z  
           LVLLHFACD1LVT                     I  
           LVLLHFACD1LVT                NSLEEP  
           LVLLHFACD1LVT                     Z  
           LVLLHFACD2LVT                     I  
           LVLLHFACD2LVT                NSLEEP  
           LVLLHFACD2LVT                     Z  
           LVLLHFACD4LVT                     I  
           LVLLHFACD4LVT                NSLEEP  
           LVLLHFACD4LVT                     Z  
           LVLLHFACD8LVT                     I  
           LVLLHFACD8LVT                NSLEEP  
           LVLLHFACD8LVT                     Z  
            LVLLHFAD1LVT                     I  
            LVLLHFAD1LVT                     Z  
            LVLLHFAD2LVT                     I  
            LVLLHFAD2LVT                     Z  
            LVLLHFAD4LVT                     I  
            LVLLHFAD4LVT                     Z  
            LVLLHFAD8LVT                     I  
            LVLLHFAD8LVT                     Z  
              ISOHID1HVT                     I  
              ISOHID1HVT                   ISO  
              ISOHID1HVT                     Z  
              ISOHID2HVT                     I  
              ISOHID2HVT                   ISO  
              ISOHID2HVT                     Z  
              ISOHID4HVT                     I  
              ISOHID4HVT                   ISO  
              ISOHID4HVT                     Z  
              ISOHID8HVT                     I  
              ISOHID8HVT                   ISO  
              ISOHID8HVT                     Z  
              ISOLOD1HVT                     I  
              ISOLOD1HVT                   ISO  
              ISOLOD1HVT                     Z  
              ISOLOD2HVT                     I  
              ISOLOD2HVT                   ISO  
              ISOLOD2HVT                     Z  
              ISOLOD4HVT                     I  
              ISOLOD4HVT                   ISO  
              ISOLOD4HVT                     Z  
              ISOLOD8HVT                     I  
              ISOLOD8HVT                   ISO  
              ISOLOD8HVT                     Z  
              LVLHLD1HVT                     I  
              LVLHLD1HVT                     Z  
              LVLHLD2HVT                     I  
              LVLHLD2HVT                     Z  
              LVLHLD4HVT                     I  
              LVLHLD4HVT                     Z  
              LVLHLD8HVT                     I  
              LVLHLD8HVT                     Z  
             LVLLHCD1HVT                     I  
             LVLLHCD1HVT                NSLEEP  
             LVLLHCD1HVT                     Z  
             LVLLHCD2HVT                     I  
             LVLLHCD2HVT                NSLEEP  
             LVLLHCD2HVT                     Z  
             LVLLHCD4HVT                     I  
             LVLLHCD4HVT                NSLEEP  
             LVLLHCD4HVT                     Z  
             LVLLHCD8HVT                     I  
             LVLLHCD8HVT                NSLEEP  
             LVLLHCD8HVT                     Z  
              LVLLHD1HVT                     I  
              LVLLHD1HVT                     Z  
              LVLLHD2HVT                     I  
              LVLLHD2HVT                     Z  
              LVLLHD4HVT                     I  
              LVLLHD4HVT                     Z  
              LVLLHD8HVT                     I  
              LVLLHD8HVT                     Z  
           LVLLHFACD1HVT                     I  
           LVLLHFACD1HVT                NSLEEP  
           LVLLHFACD1HVT                     Z  
           LVLLHFACD2HVT                     I  
           LVLLHFACD2HVT                NSLEEP  
           LVLLHFACD2HVT                     Z  
           LVLLHFACD4HVT                     I  
           LVLLHFACD4HVT                NSLEEP  
           LVLLHFACD4HVT                     Z  
           LVLLHFACD8HVT                     I  
           LVLLHFACD8HVT                NSLEEP  
           LVLLHFACD8HVT                     Z  
            LVLLHFAD1HVT                     I  
            LVLLHFAD1HVT                     Z  
            LVLLHFAD2HVT                     I  
            LVLLHFAD2HVT                     Z  
            LVLLHFAD4HVT                     I  
            LVLLHFAD4HVT                     Z  
            LVLLHFAD8HVT                     I  
            LVLLHFAD8HVT                     Z  
                 ISOHID1                     I  
                 ISOHID1                   ISO  
                 ISOHID1                     Z  
                 ISOHID2                     I  
                 ISOHID2                   ISO  
                 ISOHID2                     Z  
                 ISOHID4                     I  
                 ISOHID4                   ISO  
                 ISOHID4                     Z  
                 ISOHID8                     I  
                 ISOHID8                   ISO  
                 ISOHID8                     Z  
                 ISOLOD1                     I  
                 ISOLOD1                   ISO  
                 ISOLOD1                     Z  
                 ISOLOD2                     I  
                 ISOLOD2                   ISO  
                 ISOLOD2                     Z  
                 ISOLOD4                     I  
                 ISOLOD4                   ISO  
                 ISOLOD4                     Z  
                 ISOLOD8                     I  
                 ISOLOD8                   ISO  
                 ISOLOD8                     Z  
                 LVLHLD1                     I  
                 LVLHLD1                     Z  
                 LVLHLD2                     I  
                 LVLHLD2                     Z  
                 LVLHLD4                     I  
                 LVLHLD4                     Z  
                 LVLHLD8                     I  
                 LVLHLD8                     Z  
                LVLLHCD1                     I  
                LVLLHCD1                NSLEEP  
                LVLLHCD1                     Z  
                LVLLHCD2                     I  
                LVLLHCD2                NSLEEP  
                LVLLHCD2                     Z  
                LVLLHCD4                     I  
                LVLLHCD4                NSLEEP  
                LVLLHCD4                     Z  
                LVLLHCD8                     I  
                LVLLHCD8                NSLEEP  
                LVLLHCD8                     Z  
                 LVLLHD1                     I  
                 LVLLHD1                     Z  
                 LVLLHD2                     I  
                 LVLLHD2                     Z  
                 LVLLHD4                     I  
                 LVLLHD4                     Z  
                 LVLLHD8                     I  
                 LVLLHD8                     Z  
              LVLLHFACD1                     I  
              LVLLHFACD1                NSLEEP  
              LVLLHFACD1                     Z  
              LVLLHFACD2                     I  
              LVLLHFACD2                NSLEEP  
              LVLLHFACD2                     Z  
              LVLLHFACD4                     I  
              LVLLHFACD4                NSLEEP  
              LVLLHFACD4                     Z  
              LVLLHFACD8                     I  
              LVLLHFACD8                NSLEEP  
              LVLLHFACD8                     Z  
               LVLLHFAD1                     I  
               LVLLHFAD1                     Z  
               LVLLHFAD2                     I  
               LVLLHFAD2                     Z  
               LVLLHFAD4                     I  
               LVLLHFAD4                     Z  
               LVLLHFAD8                     I  
               LVLLHFAD8                     Z  216  
# Pins Missing Direction: 0  
Antenna Summary Report: 
    General Caution:
    ------------------------------
    These Layers have antenna info
    ------------------------------
    AP  
    RV  
    M9  
    VIA8  
    M8  
    VIA7  
    M7  
    VIA6  
    M6  
    VIA5  
    M5  
    VIA4  
    M4  
    VIA3  
    M3  
    VIA2  
    M2  
    VIA1  
    M1  
    ------------------------------
    These Layers have no antenna info
    ------------------------------
    CO  
    ------------------------------
    These Pins have antenna info
    ------------------------------
               Cell Name      List of Pin Name  
                AN2D0LVT                     Z  
                AN2D0LVT                    A2  
                AN2D0LVT                    A1  
                AN2D1LVT                     Z  
                AN2D1LVT                    A2  
                AN2D1LVT                    A1  
                AN2D2LVT                     Z  
                AN2D2LVT                    A2  
                AN2D2LVT                    A1  
                AN2D4LVT                     Z  
                AN2D4LVT                    A2  
                AN2D4LVT                    A1  
                AN2D8LVT                     Z  
                AN2D8LVT                    A2  
                AN2D8LVT                    A1  
               AN2XD1LVT                     Z  
               AN2XD1LVT                    A2  
               AN2XD1LVT                    A1  
                AN3D0LVT                     Z  
                AN3D0LVT                    A3  
                AN3D0LVT                    A2  
                AN3D0LVT                    A1  
                AN3D1LVT                     Z  
                AN3D1LVT                    A3  
                AN3D1LVT                    A2  
                AN3D1LVT                    A1  
                AN3D2LVT                     Z  
                AN3D2LVT                    A3  
                AN3D2LVT                    A2  
                AN3D2LVT                    A1  
                AN3D4LVT                     Z  
                AN3D4LVT                    A3  
                AN3D4LVT                    A2  
                AN3D4LVT                    A1  
                AN3D8LVT                     Z  
                AN3D8LVT                    A3  
                AN3D8LVT                    A2  
                AN3D8LVT                    A1  
               AN3XD1LVT                     Z  
               AN3XD1LVT                    A3  
               AN3XD1LVT                    A2  
               AN3XD1LVT                    A1  
                AN4D0LVT                     Z  
                AN4D0LVT                    A4  
                AN4D0LVT                    A3  
                AN4D0LVT                    A2  
                AN4D0LVT                    A1  
                AN4D1LVT                     Z  
                AN4D1LVT                    A4  
                AN4D1LVT                    A3  
                AN4D1LVT                    A2  
                AN4D1LVT                    A1  
                AN4D2LVT                     Z  
                AN4D2LVT                    A4  
                AN4D2LVT                    A3  
                AN4D2LVT                    A2  
                AN4D2LVT                    A1  
                AN4D4LVT                     Z  
                AN4D4LVT                    A4  
                AN4D4LVT                    A3  
                AN4D4LVT                    A2  
                AN4D4LVT                    A1  
                AN4D8LVT                     Z  
                AN4D8LVT                    A4  
                AN4D8LVT                    A3  
                AN4D8LVT                    A2  
                AN4D8LVT                    A1  
               AN4XD1LVT                     Z  
               AN4XD1LVT                    A4  
               AN4XD1LVT                    A3  
               AN4XD1LVT                    A2  
               AN4XD1LVT                    A1  
              ANTENNALVT                     I  
              AO211D0LVT                     Z  
              AO211D0LVT                     C  
              AO211D0LVT                     B  
              AO211D0LVT                    A2  
              AO211D0LVT                    A1  
              AO211D1LVT                     Z  
              AO211D1LVT                     C  
              AO211D1LVT                     B  
              AO211D1LVT                    A2  
              AO211D1LVT                    A1  
              AO211D2LVT                     Z  
              AO211D2LVT                     C  
              AO211D2LVT                     B  
              AO211D2LVT                    A2  
              AO211D2LVT                    A1  
              AO211D4LVT                     Z  
              AO211D4LVT                     C  
              AO211D4LVT                     B  
              AO211D4LVT                    A2  
              AO211D4LVT                    A1  
               AO21D0LVT                     Z  
               AO21D0LVT                     B  
               AO21D0LVT                    A2  
               AO21D0LVT                    A1  
               AO21D1LVT                     Z  
               AO21D1LVT                     B  
               AO21D1LVT                    A2  
               AO21D1LVT                    A1  
               AO21D2LVT                     Z  
               AO21D2LVT                     B  
               AO21D2LVT                    A2  
               AO21D2LVT                    A1  
               AO21D4LVT                     Z  
               AO21D4LVT                     B  
               AO21D4LVT                    A2  
               AO21D4LVT                    A1  
              AO221D0LVT                     Z  
              AO221D0LVT                     C  
              AO221D0LVT                    B2  
              AO221D0LVT                    B1  
              AO221D0LVT                    A2  
              AO221D0LVT                    A1  
              AO221D1LVT                     Z  
              AO221D1LVT                     C  
              AO221D1LVT                    B2  
              AO221D1LVT                    B1  
              AO221D1LVT                    A2  
              AO221D1LVT                    A1  
              AO221D2LVT                     Z  
              AO221D2LVT                     C  
              AO221D2LVT                    B2  
              AO221D2LVT                    B1  
              AO221D2LVT                    A2  
              AO221D2LVT                    A1  
              AO221D4LVT                     Z  
              AO221D4LVT                     C  
              AO221D4LVT                    B2  
              AO221D4LVT                    B1  
              AO221D4LVT                    A2  
              AO221D4LVT                    A1  
              AO222D0LVT                     Z  
              AO222D0LVT                    C2  
              AO222D0LVT                    C1  
              AO222D0LVT                    B2  
              AO222D0LVT                    B1  
              AO222D0LVT                    A2  
              AO222D0LVT                    A1  
              AO222D1LVT                     Z  
              AO222D1LVT                    C2  
              AO222D1LVT                    C1  
              AO222D1LVT                    B2  
              AO222D1LVT                    B1  
              AO222D1LVT                    A2  
              AO222D1LVT                    A1  
              AO222D2LVT                     Z  
              AO222D2LVT                    C2  
              AO222D2LVT                    C1  
              AO222D2LVT                    B2  
              AO222D2LVT                    B1  
              AO222D2LVT                    A2  
              AO222D2LVT                    A1  
              AO222D4LVT                     Z  
              AO222D4LVT                    C2  
              AO222D4LVT                    C1  
              AO222D4LVT                    B2  
              AO222D4LVT                    B1  
              AO222D4LVT                    A2  
              AO222D4LVT                    A1  
               AO22D0LVT                     Z  
               AO22D0LVT                    B2  
               AO22D0LVT                    B1  
               AO22D0LVT                    A2  
               AO22D0LVT                    A1  
               AO22D1LVT                     Z  
               AO22D1LVT                    B2  
               AO22D1LVT                    B1  
               AO22D1LVT                    A2  
               AO22D1LVT                    A1  
               AO22D2LVT                     Z  
               AO22D2LVT                    B2  
               AO22D2LVT                    B1  
               AO22D2LVT                    A2  
               AO22D2LVT                    A1  
               AO22D4LVT                     Z  
               AO22D4LVT                    B2  
               AO22D4LVT                    B1  
               AO22D4LVT                    A2  
               AO22D4LVT                    A1  
               AO31D0LVT                     Z  
               AO31D0LVT                     B  
               AO31D0LVT                    A3  
               AO31D0LVT                    A2  
               AO31D0LVT                    A1  
               AO31D1LVT                     Z  
               AO31D1LVT                     B  
               AO31D1LVT                    A3  
               AO31D1LVT                    A2  
               AO31D1LVT                    A1  
               AO31D2LVT                     Z  
               AO31D2LVT                     B  
               AO31D2LVT                    A3  
               AO31D2LVT                    A2  
               AO31D2LVT                    A1  
               AO31D4LVT                     Z  
               AO31D4LVT                     B  
               AO31D4LVT                    A3  
               AO31D4LVT                    A2  
               AO31D4LVT                    A1  
               AO32D0LVT                     Z  
               AO32D0LVT                    B2  
               AO32D0LVT                    B1  
               AO32D0LVT                    A3  
               AO32D0LVT                    A2  
               AO32D0LVT                    A1  
               AO32D1LVT                     Z  
               AO32D1LVT                    B2  
               AO32D1LVT                    B1  
               AO32D1LVT                    A3  
               AO32D1LVT                    A2  
               AO32D1LVT                    A1  
               AO32D2LVT                     Z  
               AO32D2LVT                    B2  
               AO32D2LVT                    B1  
               AO32D2LVT                    A3  
               AO32D2LVT                    A2  
               AO32D2LVT                    A1  
               AO32D4LVT                     Z  
               AO32D4LVT                    B2  
               AO32D4LVT                    B1  
               AO32D4LVT                    A3  
               AO32D4LVT                    A2  
               AO32D4LVT                    A1  
               AO33D0LVT                     Z  
               AO33D0LVT                    B3  
               AO33D0LVT                    B2  
               AO33D0LVT                    B1  
               AO33D0LVT                    A3  
               AO33D0LVT                    A2  
               AO33D0LVT                    A1  
               AO33D1LVT                     Z  
               AO33D1LVT                    B3  
               AO33D1LVT                    B2  
               AO33D1LVT                    B1  
               AO33D1LVT                    A3  
               AO33D1LVT                    A2  
               AO33D1LVT                    A1  
               AO33D2LVT                     Z  
               AO33D2LVT                    B3  
               AO33D2LVT                    B2  
               AO33D2LVT                    B1  
               AO33D2LVT                    A3  
               AO33D2LVT                    A2  
               AO33D2LVT                    A1  
               AO33D4LVT                     Z  
               AO33D4LVT                    B3  
               AO33D4LVT                    B2  
               AO33D4LVT                    B1  
               AO33D4LVT                    A3  
               AO33D4LVT                    A2  
               AO33D4LVT                    A1  
             AOI211D0LVT                    ZN  
             AOI211D0LVT                     C  
             AOI211D0LVT                     B  
             AOI211D0LVT                    A2  
             AOI211D0LVT                    A1  
             AOI211D1LVT                    ZN  
             AOI211D1LVT                     C  
             AOI211D1LVT                     B  
             AOI211D1LVT                    A2  
             AOI211D1LVT                    A1  
             AOI211D2LVT                    ZN  
             AOI211D2LVT                     C  
             AOI211D2LVT                     B  
             AOI211D2LVT                    A2  
             AOI211D2LVT                    A1  
             AOI211D4LVT                    ZN  
             AOI211D4LVT                     C  
             AOI211D4LVT                     B  
             AOI211D4LVT                    A2  
             AOI211D4LVT                    A1  
            AOI211XD0LVT                    ZN  
            AOI211XD0LVT                     C  
            AOI211XD0LVT                     B  
            AOI211XD0LVT                    A2  
            AOI211XD0LVT                    A1  
            AOI211XD1LVT                    ZN  
            AOI211XD1LVT                     C  
            AOI211XD1LVT                     B  
            AOI211XD1LVT                    A2  
            AOI211XD1LVT                    A1  
            AOI211XD2LVT                    ZN  
            AOI211XD2LVT                     C  
            AOI211XD2LVT                     B  
            AOI211XD2LVT                    A2  
            AOI211XD2LVT                    A1  
            AOI211XD4LVT                    ZN  
            AOI211XD4LVT                     C  
            AOI211XD4LVT                     B  
            AOI211XD4LVT                    A2  
            AOI211XD4LVT                    A1  
              AOI21D0LVT                    ZN  
              AOI21D0LVT                     B  
              AOI21D0LVT                    A2  
              AOI21D0LVT                    A1  
              AOI21D1LVT                    ZN  
              AOI21D1LVT                     B  
              AOI21D1LVT                    A2  
              AOI21D1LVT                    A1  
              AOI21D2LVT                    ZN  
              AOI21D2LVT                     B  
              AOI21D2LVT                    A2  
              AOI21D2LVT                    A1  
              AOI21D4LVT                    ZN  
              AOI21D4LVT                     B  
              AOI21D4LVT                    A2  
              AOI21D4LVT                    A1  
             AOI221D0LVT                    ZN  
             AOI221D0LVT                     C  
             AOI221D0LVT                    B2  
             AOI221D0LVT                    B1  
             AOI221D0LVT                    A2  
             AOI221D0LVT                    A1  
             AOI221D1LVT                    ZN  
             AOI221D1LVT                     C  
             AOI221D1LVT                    B2  
             AOI221D1LVT                    B1  
             AOI221D1LVT                    A2  
             AOI221D1LVT                    A1  
             AOI221D2LVT                    ZN  
             AOI221D2LVT                     C  
             AOI221D2LVT                    B2  
             AOI221D2LVT                    B1  
             AOI221D2LVT                    A2  
             AOI221D2LVT                    A1  
             AOI221D4LVT                    ZN  
             AOI221D4LVT                     C  
             AOI221D4LVT                    B2  
             AOI221D4LVT                    B1  
             AOI221D4LVT                    A2  
             AOI221D4LVT                    A1  
            AOI221XD4LVT                    ZN  
            AOI221XD4LVT                     C  
            AOI221XD4LVT                    B2  
            AOI221XD4LVT                    B1  
            AOI221XD4LVT                    A2  
            AOI221XD4LVT                    A1  
             AOI222D0LVT                    ZN  
             AOI222D0LVT                    C2  
             AOI222D0LVT                    C1  
             AOI222D0LVT                    B2  
             AOI222D0LVT                    B1  
             AOI222D0LVT                    A2  
             AOI222D0LVT                    A1  
             AOI222D1LVT                    ZN  
             AOI222D1LVT                    C2  
             AOI222D1LVT                    C1  
             AOI222D1LVT                    B2  
             AOI222D1LVT                    B1  
             AOI222D1LVT                    A2  
             AOI222D1LVT                    A1  
             AOI222D2LVT                    ZN  
             AOI222D2LVT                    C2  
             AOI222D2LVT                    C1  
             AOI222D2LVT                    B2  
             AOI222D2LVT                    B1  
             AOI222D2LVT                    A2  
             AOI222D2LVT                    A1  
             AOI222D4LVT                    ZN  
             AOI222D4LVT                    C2  
             AOI222D4LVT                    C1  
             AOI222D4LVT                    B2  
             AOI222D4LVT                    B1  
             AOI222D4LVT                    A2  
             AOI222D4LVT                    A1  
            AOI222XD4LVT                    ZN  
            AOI222XD4LVT                    C2  
            AOI222XD4LVT                    C1  
            AOI222XD4LVT                    B2  
            AOI222XD4LVT                    B1  
            AOI222XD4LVT                    A2  
            AOI222XD4LVT                    A1  
              AOI22D0LVT                    ZN  
              AOI22D0LVT                    B2  
              AOI22D0LVT                    B1  
              AOI22D0LVT                    A2  
              AOI22D0LVT                    A1  
              AOI22D1LVT                    ZN  
              AOI22D1LVT                    B2  
              AOI22D1LVT                    B1  
              AOI22D1LVT                    A2  
              AOI22D1LVT                    A1  
              AOI22D2LVT                    ZN  
              AOI22D2LVT                    B2  
              AOI22D2LVT                    B1  
              AOI22D2LVT                    A2  
              AOI22D2LVT                    A1  
              AOI22D4LVT                    ZN  
              AOI22D4LVT                    B2  
              AOI22D4LVT                    B1  
              AOI22D4LVT                    A2  
              AOI22D4LVT                    A1  
              AOI31D0LVT                    ZN  
              AOI31D0LVT                     B  
              AOI31D0LVT                    A3  
              AOI31D0LVT                    A2  
              AOI31D0LVT                    A1  
              AOI31D1LVT                    ZN  
              AOI31D1LVT                     B  
              AOI31D1LVT                    A3  
              AOI31D1LVT                    A2  
              AOI31D1LVT                    A1  
              AOI31D2LVT                    ZN  
              AOI31D2LVT                     B  
              AOI31D2LVT                    A3  
              AOI31D2LVT                    A2  
              AOI31D2LVT                    A1  
              AOI31D4LVT                    ZN  
              AOI31D4LVT                     B  
              AOI31D4LVT                    A3  
              AOI31D4LVT                    A2  
              AOI31D4LVT                    A1  
              AOI32D0LVT                    ZN  
              AOI32D0LVT                    B2  
              AOI32D0LVT                    B1  
              AOI32D0LVT                    A3  
              AOI32D0LVT                    A2  
              AOI32D0LVT                    A1  
              AOI32D1LVT                    ZN  
              AOI32D1LVT                    B2  
              AOI32D1LVT                    B1  
              AOI32D1LVT                    A3  
              AOI32D1LVT                    A2  
              AOI32D1LVT                    A1  
              AOI32D2LVT                    ZN  
              AOI32D2LVT                    B2  
              AOI32D2LVT                    B1  
              AOI32D2LVT                    A3  
              AOI32D2LVT                    A2  
              AOI32D2LVT                    A1  
              AOI32D4LVT                    ZN  
              AOI32D4LVT                    B2  
              AOI32D4LVT                    B1  
              AOI32D4LVT                    A3  
              AOI32D4LVT                    A2  
              AOI32D4LVT                    A1  
             AOI32XD4LVT                    ZN  
             AOI32XD4LVT                    B2  
             AOI32XD4LVT                    B1  
             AOI32XD4LVT                    A3  
             AOI32XD4LVT                    A2  
             AOI32XD4LVT                    A1  
              AOI33D0LVT                    ZN  
              AOI33D0LVT                    B3  
              AOI33D0LVT                    B2  
              AOI33D0LVT                    B1  
              AOI33D0LVT                    A3  
              AOI33D0LVT                    A2  
              AOI33D0LVT                    A1  
              AOI33D1LVT                    ZN  
              AOI33D1LVT                    B3  
              AOI33D1LVT                    B2  
              AOI33D1LVT                    B1  
              AOI33D1LVT                    A3  
              AOI33D1LVT                    A2  
              AOI33D1LVT                    A1  
              AOI33D2LVT                    ZN  
              AOI33D2LVT                    B3  
              AOI33D2LVT                    B2  
              AOI33D2LVT                    B1  
              AOI33D2LVT                    A3  
              AOI33D2LVT                    A2  
              AOI33D2LVT                    A1  
              AOI33D4LVT                    ZN  
              AOI33D4LVT                    B3  
              AOI33D4LVT                    B2  
              AOI33D4LVT                    B1  
              AOI33D4LVT                    A3  
              AOI33D4LVT                    A2  
              AOI33D4LVT                    A1  
             AOI33XD4LVT                    ZN  
             AOI33XD4LVT                    B3  
             AOI33XD4LVT                    B2  
             AOI33XD4LVT                    B1  
             AOI33XD4LVT                    A3  
             AOI33XD4LVT                    A2  
             AOI33XD4LVT                    A1  
               BENCD1LVT                    X2  
               BENCD1LVT                     S  
               BENCD1LVT                    M2  
               BENCD1LVT                    M1  
               BENCD1LVT                    M0  
               BENCD1LVT                     A  
               BENCD2LVT                    X2  
               BENCD2LVT                     S  
               BENCD2LVT                    M2  
               BENCD2LVT                    M1  
               BENCD2LVT                    M0  
               BENCD2LVT                     A  
               BENCD4LVT                    X2  
               BENCD4LVT                     S  
               BENCD4LVT                    M2  
               BENCD4LVT                    M1  
               BENCD4LVT                    M0  
               BENCD4LVT                     A  
                  BHDLVT                     Z  
                BMLD1LVT                    X2  
                BMLD1LVT                     S  
                BMLD1LVT                    PP  
                BMLD1LVT                    M1  
                BMLD1LVT                    M0  
                BMLD1LVT                     A  
                BMLD2LVT                    X2  
                BMLD2LVT                     S  
                BMLD2LVT                    PP  
                BMLD2LVT                    M1  
                BMLD2LVT                    M0  
                BMLD2LVT                     A  
                BMLD4LVT                    X2  
                BMLD4LVT                     S  
                BMLD4LVT                    PP  
                BMLD4LVT                    M1  
                BMLD4LVT                    M0  
                BMLD4LVT                     A  
               BUFFD0LVT                     Z  
               BUFFD0LVT                     I  
              BUFFD12LVT                     Z  
              BUFFD12LVT                     I  
              BUFFD16LVT                     Z  
              BUFFD16LVT                     I  
               BUFFD1LVT                     Z  
               BUFFD1LVT                     I  
              BUFFD20LVT                     Z  
              BUFFD20LVT                     I  
              BUFFD24LVT                     Z  
              BUFFD24LVT                     I  
               BUFFD2LVT                     Z  
               BUFFD2LVT                     I  
               BUFFD3LVT                     Z  
               BUFFD3LVT                     I  
               BUFFD4LVT                     Z  
               BUFFD4LVT                     I  
               BUFFD6LVT                     Z  
               BUFFD6LVT                     I  
               BUFFD8LVT                     Z  
               BUFFD8LVT                     I  
               BUFTD0LVT                     Z  
               BUFTD0LVT                    OE  
               BUFTD0LVT                     I  
              BUFTD12LVT                     Z  
              BUFTD12LVT                    OE  
              BUFTD12LVT                     I  
              BUFTD16LVT                     Z  
              BUFTD16LVT                    OE  
              BUFTD16LVT                     I  
               BUFTD1LVT                     Z  
               BUFTD1LVT                    OE  
               BUFTD1LVT                     I  
              BUFTD20LVT                     Z  
              BUFTD20LVT                    OE  
              BUFTD20LVT                     I  
              BUFTD24LVT                     Z  
              BUFTD24LVT                    OE  
              BUFTD24LVT                     I  
               BUFTD2LVT                     Z  
               BUFTD2LVT                    OE  
               BUFTD2LVT                     I  
               BUFTD3LVT                     Z  
               BUFTD3LVT                    OE  
               BUFTD3LVT                     I  
               BUFTD4LVT                     Z  
               BUFTD4LVT                    OE  
               BUFTD4LVT                     I  
               BUFTD6LVT                     Z  
               BUFTD6LVT                    OE  
               BUFTD6LVT                     I  
               BUFTD8LVT                     Z  
               BUFTD8LVT                    OE  
               BUFTD8LVT                     I  
              CKAN2D0LVT                     Z  
              CKAN2D0LVT                    A2  
              CKAN2D0LVT                    A1  
              CKAN2D1LVT                     Z  
              CKAN2D1LVT                    A2  
              CKAN2D1LVT                    A1  
              CKAN2D2LVT                     Z  
              CKAN2D2LVT                    A2  
              CKAN2D2LVT                    A1  
              CKAN2D4LVT                     Z  
              CKAN2D4LVT                    A2  
              CKAN2D4LVT                    A1  
              CKAN2D8LVT                     Z  
              CKAN2D8LVT                    A2  
              CKAN2D8LVT                    A1  
                CKBD0LVT                     Z  
                CKBD0LVT                     I  
               CKBD12LVT                     Z  
               CKBD12LVT                     I  
               CKBD16LVT                     Z  
               CKBD16LVT                     I  
                CKBD1LVT                     Z  
                CKBD1LVT                     I  
               CKBD20LVT                     Z  
               CKBD20LVT                     I  
               CKBD24LVT                     Z  
               CKBD24LVT                     I  
                CKBD2LVT                     Z  
                CKBD2LVT                     I  
                CKBD3LVT                     Z  
                CKBD3LVT                     I  
                CKBD4LVT                     Z  
                CKBD4LVT                     I  
                CKBD6LVT                     Z  
                CKBD6LVT                     I  
                CKBD8LVT                     Z  
                CKBD8LVT                     I  
             CKLHQD12LVT                    TE  
             CKLHQD12LVT                     Q  
             CKLHQD12LVT                     E  
             CKLHQD12LVT                   CPN  
             CKLHQD16LVT                    TE  
             CKLHQD16LVT                     Q  
             CKLHQD16LVT                     E  
             CKLHQD16LVT                   CPN  
              CKLHQD1LVT                    TE  
              CKLHQD1LVT                     Q  
              CKLHQD1LVT                     E  
              CKLHQD1LVT                   CPN  
             CKLHQD20LVT                    TE  
             CKLHQD20LVT                     Q  
             CKLHQD20LVT                     E  
             CKLHQD20LVT                   CPN  
             CKLHQD24LVT                    TE  
             CKLHQD24LVT                     Q  
             CKLHQD24LVT                     E  
             CKLHQD24LVT                   CPN  
              CKLHQD2LVT                    TE  
              CKLHQD2LVT                     Q  
              CKLHQD2LVT                     E  
              CKLHQD2LVT                   CPN  
              CKLHQD3LVT                    TE  
              CKLHQD3LVT                     Q  
              CKLHQD3LVT                     E  
              CKLHQD3LVT                   CPN  
              CKLHQD4LVT                    TE  
              CKLHQD4LVT                     Q  
              CKLHQD4LVT                     E  
              CKLHQD4LVT                   CPN  
              CKLHQD6LVT                    TE  
              CKLHQD6LVT                     Q  
              CKLHQD6LVT                     E  
              CKLHQD6LVT                   CPN  
              CKLHQD8LVT                    TE  
              CKLHQD8LVT                     Q  
              CKLHQD8LVT                     E  
              CKLHQD8LVT                   CPN  
             CKLNQD12LVT                    TE  
             CKLNQD12LVT                     Q  
             CKLNQD12LVT                     E  
             CKLNQD12LVT                    CP  
             CKLNQD16LVT                    TE  
             CKLNQD16LVT                     Q  
             CKLNQD16LVT                     E  
             CKLNQD16LVT                    CP  
              CKLNQD1LVT                    TE  
              CKLNQD1LVT                     Q  
              CKLNQD1LVT                     E  
              CKLNQD1LVT                    CP  
             CKLNQD20LVT                    TE  
             CKLNQD20LVT                     Q  
             CKLNQD20LVT                     E  
             CKLNQD20LVT                    CP  
             CKLNQD24LVT                    TE  
             CKLNQD24LVT                     Q  
             CKLNQD24LVT                     E  
             CKLNQD24LVT                    CP  
              CKLNQD2LVT                    TE  
              CKLNQD2LVT                     Q  
              CKLNQD2LVT                     E  
              CKLNQD2LVT                    CP  
              CKLNQD3LVT                    TE  
              CKLNQD3LVT                     Q  
              CKLNQD3LVT                     E  
              CKLNQD3LVT                    CP  
              CKLNQD4LVT                    TE  
              CKLNQD4LVT                     Q  
              CKLNQD4LVT                     E  
              CKLNQD4LVT                    CP  
              CKLNQD6LVT                    TE  
              CKLNQD6LVT                     Q  
              CKLNQD6LVT                     E  
              CKLNQD6LVT                    CP  
              CKLNQD8LVT                    TE  
              CKLNQD8LVT                     Q  
              CKLNQD8LVT                     E  
              CKLNQD8LVT                    CP  
             CKMUX2D0LVT                     Z  
             CKMUX2D0LVT                     S  
             CKMUX2D0LVT                    I1  
             CKMUX2D0LVT                    I0  
             CKMUX2D1LVT                     Z  
             CKMUX2D1LVT                     S  
             CKMUX2D1LVT                    I1  
             CKMUX2D1LVT                    I0  
             CKMUX2D2LVT                     Z  
             CKMUX2D2LVT                     S  
             CKMUX2D2LVT                    I1  
             CKMUX2D2LVT                    I0  
             CKMUX2D4LVT                     Z  
             CKMUX2D4LVT                     S  
             CKMUX2D4LVT                    I1  
             CKMUX2D4LVT                    I0  
                CKND0LVT                    ZN  
                CKND0LVT                     I  
               CKND12LVT                    ZN  
               CKND12LVT                     I  
               CKND16LVT                    ZN  
               CKND16LVT                     I  
                CKND1LVT                    ZN  
                CKND1LVT                     I  
               CKND20LVT                    ZN  
               CKND20LVT                     I  
               CKND24LVT                    ZN  
               CKND24LVT                     I  
              CKND2D0LVT                    ZN  
              CKND2D0LVT                    A2  
              CKND2D0LVT                    A1  
              CKND2D1LVT                    ZN  
              CKND2D1LVT                    A2  
              CKND2D1LVT                    A1  
              CKND2D2LVT                    ZN  
              CKND2D2LVT                    A2  
              CKND2D2LVT                    A1  
              CKND2D3LVT                    ZN  
              CKND2D3LVT                    A2  
              CKND2D3LVT                    A1  
              CKND2D4LVT                    ZN  
              CKND2D4LVT                    A2  
              CKND2D4LVT                    A1  
              CKND2D8LVT                    ZN  
              CKND2D8LVT                    A2  
              CKND2D8LVT                    A1  
                CKND2LVT                    ZN  
                CKND2LVT                     I  
                CKND3LVT                    ZN  
                CKND3LVT                     I  
                CKND4LVT                    ZN  
                CKND4LVT                     I  
                CKND6LVT                    ZN  
                CKND6LVT                     I  
                CKND8LVT                    ZN  
                CKND8LVT                     I  
             CKXOR2D0LVT                     Z  
             CKXOR2D0LVT                    A2  
             CKXOR2D0LVT                    A1  
             CKXOR2D1LVT                     Z  
             CKXOR2D1LVT                    A2  
             CKXOR2D1LVT                    A1  
             CKXOR2D2LVT                     Z  
             CKXOR2D2LVT                    A2  
             CKXOR2D2LVT                    A1  
             CKXOR2D4LVT                     Z  
             CKXOR2D4LVT                    A2  
             CKXOR2D4LVT                    A1  
             CMPE42D1LVT                     S  
             CMPE42D1LVT                     D  
             CMPE42D1LVT                   COX  
             CMPE42D1LVT                    CO  
             CMPE42D1LVT                   CIX  
             CMPE42D1LVT                     C  
             CMPE42D1LVT                     B  
             CMPE42D1LVT                     A  
             CMPE42D2LVT                     S  
             CMPE42D2LVT                     D  
             CMPE42D2LVT                   COX  
             CMPE42D2LVT                    CO  
             CMPE42D2LVT                   CIX  
             CMPE42D2LVT                     C  
             CMPE42D2LVT                     B  
             CMPE42D2LVT                     A  
               DEL005LVT                     Z  
               DEL005LVT                     I  
               DEL015LVT                     Z  
               DEL015LVT                     I  
                DEL01LVT                     Z  
                DEL01LVT                     I  
                DEL02LVT                     Z  
                DEL02LVT                     I  
                 DEL0LVT                     Z  
                 DEL0LVT                     I  
                 DEL1LVT                     Z  
                 DEL1LVT                     I  
                 DEL2LVT                     Z  
                 DEL2LVT                     I  
                 DEL3LVT                     Z  
                 DEL3LVT                     I  
                 DEL4LVT                     Z  
                 DEL4LVT                     I  
               DFCND1LVT                    QN  
               DFCND1LVT                     Q  
               DFCND1LVT                     D  
               DFCND1LVT                    CP  
               DFCND1LVT                   CDN  
               DFCND2LVT                    QN  
               DFCND2LVT                     Q  
               DFCND2LVT                     D  
               DFCND2LVT                    CP  
               DFCND2LVT                   CDN  
               DFCND4LVT                    QN  
               DFCND4LVT                     Q  
               DFCND4LVT                     D  
               DFCND4LVT                    CP  
               DFCND4LVT                   CDN  
              DFCNQD1LVT                     Q  
              DFCNQD1LVT                     D  
              DFCNQD1LVT                    CP  
              DFCNQD1LVT                   CDN  
              DFCNQD2LVT                     Q  
              DFCNQD2LVT                     D  
              DFCNQD2LVT                    CP  
              DFCNQD2LVT                   CDN  
              DFCNQD4LVT                     Q  
              DFCNQD4LVT                     D  
              DFCNQD4LVT                    CP  
              DFCNQD4LVT                   CDN  
              DFCSND1LVT                   SDN  
              DFCSND1LVT                    QN  
              DFCSND1LVT                     Q  
              DFCSND1LVT                     D  
              DFCSND1LVT                    CP  
              DFCSND1LVT                   CDN  
              DFCSND2LVT                   SDN  
              DFCSND2LVT                    QN  
              DFCSND2LVT                     Q  
              DFCSND2LVT                     D  
              DFCSND2LVT                    CP  
              DFCSND2LVT                   CDN  
              DFCSND4LVT                   SDN  
              DFCSND4LVT                    QN  
              DFCSND4LVT                     Q  
              DFCSND4LVT                     D  
              DFCSND4LVT                    CP  
              DFCSND4LVT                   CDN  
             DFCSNQD1LVT                   SDN  
             DFCSNQD1LVT                     Q  
             DFCSNQD1LVT                     D  
             DFCSNQD1LVT                    CP  
             DFCSNQD1LVT                   CDN  
             DFCSNQD2LVT                   SDN  
             DFCSNQD2LVT                     Q  
             DFCSNQD2LVT                     D  
             DFCSNQD2LVT                    CP  
             DFCSNQD2LVT                   CDN  
             DFCSNQD4LVT                   SDN  
             DFCSNQD4LVT                     Q  
             DFCSNQD4LVT                     D  
             DFCSNQD4LVT                    CP  
             DFCSNQD4LVT                   CDN  
                 DFD1LVT                    QN  
                 DFD1LVT                     Q  
                 DFD1LVT                     D  
                 DFD1LVT                    CP  
                 DFD2LVT                    QN  
                 DFD2LVT                     Q  
                 DFD2LVT                     D  
                 DFD2LVT                    CP  
                 DFD4LVT                    QN  
                 DFD4LVT                     Q  
                 DFD4LVT                     D  
                 DFD4LVT                    CP  
              DFKCND1LVT                    QN  
              DFKCND1LVT                     Q  
              DFKCND1LVT                     D  
              DFKCND1LVT                    CP  
              DFKCND1LVT                    CN  
              DFKCND2LVT                    QN  
              DFKCND2LVT                     Q  
              DFKCND2LVT                     D  
              DFKCND2LVT                    CP  
              DFKCND2LVT                    CN  
              DFKCND4LVT                    QN  
              DFKCND4LVT                     Q  
              DFKCND4LVT                     D  
              DFKCND4LVT                    CP  
              DFKCND4LVT                    CN  
             DFKCNQD1LVT                     Q  
             DFKCNQD1LVT                     D  
             DFKCNQD1LVT                    CP  
             DFKCNQD1LVT                    CN  
             DFKCNQD2LVT                     Q  
             DFKCNQD2LVT                     D  
             DFKCNQD2LVT                    CP  
             DFKCNQD2LVT                    CN  
             DFKCNQD4LVT                     Q  
             DFKCNQD4LVT                     D  
             DFKCNQD4LVT                    CP  
             DFKCNQD4LVT                    CN  
             DFKCSND1LVT                    SN  
             DFKCSND1LVT                    QN  
             DFKCSND1LVT                     Q  
             DFKCSND1LVT                     D  
             DFKCSND1LVT                    CP  
             DFKCSND1LVT                    CN  
             DFKCSND2LVT                    SN  
             DFKCSND2LVT                    QN  
             DFKCSND2LVT                     Q  
             DFKCSND2LVT                     D  
             DFKCSND2LVT                    CP  
             DFKCSND2LVT                    CN  
             DFKCSND4LVT                    SN  
             DFKCSND4LVT                    QN  
             DFKCSND4LVT                     Q  
             DFKCSND4LVT                     D  
             DFKCSND4LVT                    CP  
             DFKCSND4LVT                    CN  
              DFKSND1LVT                    SN  
              DFKSND1LVT                    QN  
              DFKSND1LVT                     Q  
              DFKSND1LVT                     D  
              DFKSND1LVT                    CP  
              DFKSND2LVT                    SN  
              DFKSND2LVT                    QN  
              DFKSND2LVT                     Q  
              DFKSND2LVT                     D  
              DFKSND2LVT                    CP  
              DFKSND4LVT                    SN  
              DFKSND4LVT                    QN  
              DFKSND4LVT                     Q  
              DFKSND4LVT                     D  
              DFKSND4LVT                    CP  
              DFNCND1LVT                    QN  
              DFNCND1LVT                     Q  
              DFNCND1LVT                     D  
              DFNCND1LVT                   CPN  
              DFNCND1LVT                   CDN  
              DFNCND2LVT                    QN  
              DFNCND2LVT                     Q  
              DFNCND2LVT                     D  
              DFNCND2LVT                   CPN  
              DFNCND2LVT                   CDN  
              DFNCND4LVT                    QN  
              DFNCND4LVT                     Q  
              DFNCND4LVT                     D  
              DFNCND4LVT                   CPN  
              DFNCND4LVT                   CDN  
             DFNCSND1LVT                   SDN  
             DFNCSND1LVT                    QN  
             DFNCSND1LVT                     Q  
             DFNCSND1LVT                     D  
             DFNCSND1LVT                   CPN  
             DFNCSND1LVT                   CDN  
             DFNCSND2LVT                   SDN  
             DFNCSND2LVT                    QN  
             DFNCSND2LVT                     Q  
             DFNCSND2LVT                     D  
             DFNCSND2LVT                   CPN  
             DFNCSND2LVT                   CDN  
             DFNCSND4LVT                   SDN  
             DFNCSND4LVT                    QN  
             DFNCSND4LVT                     Q  
             DFNCSND4LVT                     D  
             DFNCSND4LVT                   CPN  
             DFNCSND4LVT                   CDN  
                DFND1LVT                    QN  
                DFND1LVT                     Q  
                DFND1LVT                     D  
                DFND1LVT                   CPN  
                DFND2LVT                    QN  
                DFND2LVT                     Q  
                DFND2LVT                     D  
                DFND2LVT                   CPN  
                DFND4LVT                    QN  
                DFND4LVT                     Q  
                DFND4LVT                     D  
                DFND4LVT                   CPN  
              DFNSND1LVT                   SDN  
              DFNSND1LVT                    QN  
              DFNSND1LVT                     Q  
              DFNSND1LVT                     D  
              DFNSND1LVT                   CPN  
              DFNSND2LVT                   SDN  
              DFNSND2LVT                    QN  
              DFNSND2LVT                     Q  
              DFNSND2LVT                     D  
              DFNSND2LVT                   CPN  
              DFNSND4LVT                   SDN  
              DFNSND4LVT                    QN  
              DFNSND4LVT                     Q  
              DFNSND4LVT                     D  
              DFNSND4LVT                   CPN  
                DFQD1LVT                     Q  
                DFQD1LVT                     D  
                DFQD1LVT                    CP  
                DFQD2LVT                     Q  
                DFQD2LVT                     D  
                DFQD2LVT                    CP  
                DFQD4LVT                     Q  
                DFQD4LVT                     D  
                DFQD4LVT                    CP  
               DFSND1LVT                   SDN  
               DFSND1LVT                    QN  
               DFSND1LVT                     Q  
               DFSND1LVT                     D  
               DFSND1LVT                    CP  
               DFSND2LVT                   SDN  
               DFSND2LVT                    QN  
               DFSND2LVT                     Q  
               DFSND2LVT                     D  
               DFSND2LVT                    CP  
               DFSND4LVT                   SDN  
               DFSND4LVT                    QN  
               DFSND4LVT                     Q  
               DFSND4LVT                     D  
               DFSND4LVT                    CP  
              DFSNQD1LVT                   SDN  
              DFSNQD1LVT                     Q  
              DFSNQD1LVT                     D  
              DFSNQD1LVT                    CP  
              DFSNQD2LVT                   SDN  
              DFSNQD2LVT                     Q  
              DFSNQD2LVT                     D  
              DFSNQD2LVT                    CP  
              DFSNQD4LVT                   SDN  
              DFSNQD4LVT                     Q  
              DFSNQD4LVT                     D  
              DFSNQD4LVT                    CP  
                DFXD1LVT                    SA  
                DFXD1LVT                    QN  
                DFXD1LVT                     Q  
                DFXD1LVT                    DB  
                DFXD1LVT                    DA  
                DFXD1LVT                    CP  
                DFXD2LVT                    SA  
                DFXD2LVT                    QN  
                DFXD2LVT                     Q  
                DFXD2LVT                    DB  
                DFXD2LVT                    DA  
                DFXD2LVT                    CP  
                DFXD4LVT                    SA  
                DFXD4LVT                    QN  
                DFXD4LVT                     Q  
                DFXD4LVT                    DB  
                DFXD4LVT                    DA  
                DFXD4LVT                    CP  
               DFXQD1LVT                    SA  
               DFXQD1LVT                     Q  
               DFXQD1LVT                    DB  
               DFXQD1LVT                    DA  
               DFXQD1LVT                    CP  
               DFXQD2LVT                    SA  
               DFXQD2LVT                     Q  
               DFXQD2LVT                    DB  
               DFXQD2LVT                    DA  
               DFXQD2LVT                    CP  
               DFXQD4LVT                    SA  
               DFXQD4LVT                     Q  
               DFXQD4LVT                    DB  
               DFXQD4LVT                    DA  
               DFXQD4LVT                    CP  
              EDFCND1LVT                    QN  
              EDFCND1LVT                     Q  
              EDFCND1LVT                     E  
              EDFCND1LVT                     D  
              EDFCND1LVT                    CP  
              EDFCND1LVT                   CDN  
              EDFCND2LVT                    QN  
              EDFCND2LVT                     Q  
              EDFCND2LVT                     E  
              EDFCND2LVT                     D  
              EDFCND2LVT                    CP  
              EDFCND2LVT                   CDN  
              EDFCND4LVT                    QN  
              EDFCND4LVT                     Q  
              EDFCND4LVT                     E  
              EDFCND4LVT                     D  
              EDFCND4LVT                    CP  
              EDFCND4LVT                   CDN  
             EDFCNQD1LVT                     Q  
             EDFCNQD1LVT                     E  
             EDFCNQD1LVT                     D  
             EDFCNQD1LVT                    CP  
             EDFCNQD1LVT                   CDN  
             EDFCNQD2LVT                     Q  
             EDFCNQD2LVT                     E  
             EDFCNQD2LVT                     D  
             EDFCNQD2LVT                    CP  
             EDFCNQD2LVT                   CDN  
             EDFCNQD4LVT                     Q  
             EDFCNQD4LVT                     E  
             EDFCNQD4LVT                     D  
             EDFCNQD4LVT                    CP  
             EDFCNQD4LVT                   CDN  
                EDFD1LVT                    QN  
                EDFD1LVT                     Q  
                EDFD1LVT                     E  
                EDFD1LVT                     D  
                EDFD1LVT                    CP  
                EDFD2LVT                    QN  
                EDFD2LVT                     Q  
                EDFD2LVT                     E  
                EDFD2LVT                     D  
                EDFD2LVT                    CP  
                EDFD4LVT                    QN  
                EDFD4LVT                     Q  
                EDFD4LVT                     E  
                EDFD4LVT                     D  
                EDFD4LVT                    CP  
             EDFKCND1LVT                    QN  
             EDFKCND1LVT                     Q  
             EDFKCND1LVT                     E  
             EDFKCND1LVT                     D  
             EDFKCND1LVT                    CP  
             EDFKCND1LVT                    CN  
             EDFKCND2LVT                    QN  
             EDFKCND2LVT                     Q  
             EDFKCND2LVT                     E  
             EDFKCND2LVT                     D  
             EDFKCND2LVT                    CP  
             EDFKCND2LVT                    CN  
             EDFKCND4LVT                    QN  
             EDFKCND4LVT                     Q  
             EDFKCND4LVT                     E  
             EDFKCND4LVT                     D  
             EDFKCND4LVT                    CP  
             EDFKCND4LVT                    CN  
            EDFKCNQD1LVT                     Q  
            EDFKCNQD1LVT                     E  
            EDFKCNQD1LVT                     D  
            EDFKCNQD1LVT                    CP  
            EDFKCNQD1LVT                    CN  
            EDFKCNQD2LVT                     Q  
            EDFKCNQD2LVT                     E  
            EDFKCNQD2LVT                     D  
            EDFKCNQD2LVT                    CP  
            EDFKCNQD2LVT                    CN  
            EDFKCNQD4LVT                     Q  
            EDFKCNQD4LVT                     E  
            EDFKCNQD4LVT                     D  
            EDFKCNQD4LVT                    CP  
            EDFKCNQD4LVT                    CN  
               EDFQD1LVT                     Q  
               EDFQD1LVT                     E  
               EDFQD1LVT                     D  
               EDFQD1LVT                    CP  
               EDFQD2LVT                     Q  
               EDFQD2LVT                     E  
               EDFQD2LVT                     D  
               EDFQD2LVT                    CP  
               EDFQD4LVT                     Q  
               EDFQD4LVT                     E  
               EDFQD4LVT                     D  
               EDFQD4LVT                    CP  
                FA1D0LVT                     S  
                FA1D0LVT                    CO  
                FA1D0LVT                    CI  
                FA1D0LVT                     B  
                FA1D0LVT                     A  
                FA1D1LVT                     S  
                FA1D1LVT                    CO  
                FA1D1LVT                    CI  
                FA1D1LVT                     B  
                FA1D1LVT                     A  
                FA1D2LVT                     S  
                FA1D2LVT                    CO  
                FA1D2LVT                    CI  
                FA1D2LVT                     B  
                FA1D2LVT                     A  
                FA1D4LVT                     S  
                FA1D4LVT                    CO  
                FA1D4LVT                    CI  
                FA1D4LVT                     B  
                FA1D4LVT                     A  
             FCICIND1LVT                    CO  
             FCICIND1LVT                   CIN  
             FCICIND1LVT                     B  
             FCICIND1LVT                     A  
             FCICIND2LVT                    CO  
             FCICIND2LVT                   CIN  
             FCICIND2LVT                     B  
             FCICIND2LVT                     A  
             FCICOND1LVT                   CON  
             FCICOND1LVT                    CI  
             FCICOND1LVT                     B  
             FCICOND1LVT                     A  
             FCICOND2LVT                   CON  
             FCICOND2LVT                    CI  
             FCICOND2LVT                     B  
             FCICOND2LVT                     A  
            FCSICIND1LVT                     S  
            FCSICIND1LVT                    CS  
            FCSICIND1LVT                   CO1  
            FCSICIND1LVT                   CO0  
            FCSICIND1LVT                  CIN1  
            FCSICIND1LVT                  CIN0  
            FCSICIND1LVT                     B  
            FCSICIND1LVT                     A  
            FCSICIND2LVT                     S  
            FCSICIND2LVT                    CS  
            FCSICIND2LVT                   CO1  
            FCSICIND2LVT                   CO0  
            FCSICIND2LVT                  CIN1  
            FCSICIND2LVT                  CIN0  
            FCSICIND2LVT                     B  
            FCSICIND2LVT                     A  
            FCSICOND1LVT                     S  
            FCSICOND1LVT                    CS  
            FCSICOND1LVT                  CON1  
            FCSICOND1LVT                  CON0  
            FCSICOND1LVT                   CI1  
            FCSICOND1LVT                   CI0  
            FCSICOND1LVT                     B  
            FCSICOND1LVT                     A  
            FCSICOND2LVT                     S  
            FCSICOND2LVT                    CS  
            FCSICOND2LVT                  CON1  
            FCSICOND2LVT                  CON0  
            FCSICOND2LVT                   CI1  
            FCSICOND2LVT                   CI0  
            FCSICOND2LVT                     B  
            FCSICOND2LVT                     A  
              FICIND1LVT                     S  
              FICIND1LVT                    CO  
              FICIND1LVT                   CIN  
              FICIND1LVT                     B  
              FICIND1LVT                     A  
              FICIND2LVT                     S  
              FICIND2LVT                    CO  
              FICIND2LVT                   CIN  
              FICIND2LVT                     B  
              FICIND2LVT                     A  
              FICOND1LVT                     S  
              FICOND1LVT                   CON  
              FICOND1LVT                    CI  
              FICOND1LVT                     B  
              FICOND1LVT                     A  
              FICOND2LVT                     S  
              FICOND2LVT                   CON  
              FICOND2LVT                    CI  
              FICOND2LVT                     B  
              FICOND2LVT                     A  
             FIICOND1LVT                     S  
             FIICOND1LVT                  CON1  
             FIICOND1LVT                  CON0  
             FIICOND1LVT                     C  
             FIICOND1LVT                     B  
             FIICOND1LVT                     A  
             FIICOND2LVT                     S  
             FIICOND2LVT                  CON1  
             FIICOND2LVT                  CON0  
             FIICOND2LVT                     C  
             FIICOND2LVT                     B  
             FIICOND2LVT                     A  
               GAN2D1LVT                     Z  
               GAN2D1LVT                    A2  
               GAN2D1LVT                    A1  
               GAN2D2LVT                     Z  
               GAN2D2LVT                    A2  
               GAN2D2LVT                    A1  
             GAOI21D1LVT                    ZN  
             GAOI21D1LVT                     B  
             GAOI21D1LVT                    A2  
             GAOI21D1LVT                    A1  
             GAOI21D2LVT                    ZN  
             GAOI21D2LVT                     B  
             GAOI21D2LVT                    A2  
             GAOI21D2LVT                    A1  
             GAOI22D1LVT                    ZN  
             GAOI22D1LVT                    B2  
             GAOI22D1LVT                    B1  
             GAOI22D1LVT                    A2  
             GAOI22D1LVT                    A1  
              GBUFFD1LVT                     Z  
              GBUFFD1LVT                     I  
              GBUFFD2LVT                     Z  
              GBUFFD2LVT                     I  
              GBUFFD3LVT                     Z  
              GBUFFD3LVT                     I  
              GBUFFD4LVT                     Z  
              GBUFFD4LVT                     I  
              GBUFFD8LVT                     Z  
              GBUFFD8LVT                     I  
             GDFCNQD1LVT                     Q  
             GDFCNQD1LVT                     D  
             GDFCNQD1LVT                    CP  
             GDFCNQD1LVT                   CDN  
               GDFQD1LVT                     Q  
               GDFQD1LVT                     D  
               GDFQD1LVT                    CP  
               GINVD1LVT                    ZN  
               GINVD1LVT                     I  
               GINVD2LVT                    ZN  
               GINVD2LVT                     I  
               GINVD3LVT                    ZN  
               GINVD3LVT                     I  
               GINVD4LVT                    ZN  
               GINVD4LVT                     I  
               GINVD8LVT                    ZN  
               GINVD8LVT                     I  
              GMUX2D1LVT                     Z  
              GMUX2D1LVT                     S  
              GMUX2D1LVT                    I1  
              GMUX2D1LVT                    I0  
              GMUX2D2LVT                     Z  
              GMUX2D2LVT                     S  
              GMUX2D2LVT                    I1  
              GMUX2D2LVT                    I0  
             GMUX2ND1LVT                    ZN  
             GMUX2ND1LVT                     S  
             GMUX2ND1LVT                    I1  
             GMUX2ND1LVT                    I0  
             GMUX2ND2LVT                    ZN  
             GMUX2ND2LVT                     S  
             GMUX2ND2LVT                    I1  
             GMUX2ND2LVT                    I0  
               GND2D1LVT                    ZN  
               GND2D1LVT                    A2  
               GND2D1LVT                    A1  
               GND2D2LVT                    ZN  
               GND2D2LVT                    A2  
               GND2D2LVT                    A1  
               GND2D3LVT                    ZN  
               GND2D3LVT                    A2  
               GND2D3LVT                    A1  
               GND2D4LVT                    ZN  
               GND2D4LVT                    A2  
               GND2D4LVT                    A1  
               GND3D1LVT                    ZN  
               GND3D1LVT                    A3  
               GND3D1LVT                    A2  
               GND3D1LVT                    A1  
               GND3D2LVT                    ZN  
               GND3D2LVT                    A3  
               GND3D2LVT                    A2  
               GND3D2LVT                    A1  
               GNR2D1LVT                    ZN  
               GNR2D1LVT                    A2  
               GNR2D1LVT                    A1  
               GNR2D2LVT                    ZN  
               GNR2D2LVT                    A2  
               GNR2D2LVT                    A1  
               GNR3D1LVT                    ZN  
               GNR3D1LVT                    A3  
               GNR3D1LVT                    A2  
               GNR3D1LVT                    A1  
               GNR3D2LVT                    ZN  
               GNR3D2LVT                    A3  
               GNR3D2LVT                    A2  
               GNR3D2LVT                    A1  
             GOAI21D1LVT                    ZN  
             GOAI21D1LVT                     B  
             GOAI21D1LVT                    A2  
             GOAI21D1LVT                    A1  
             GOAI21D2LVT                    ZN  
             GOAI21D2LVT                     B  
             GOAI21D2LVT                    A2  
             GOAI21D2LVT                    A1  
               GOR2D1LVT                     Z  
               GOR2D1LVT                    A2  
               GOR2D1LVT                    A1  
               GOR2D2LVT                     Z  
               GOR2D2LVT                    A2  
               GOR2D2LVT                    A1  
            GSDFCNQD1LVT                    SI  
            GSDFCNQD1LVT                    SE  
            GSDFCNQD1LVT                     Q  
            GSDFCNQD1LVT                     D  
            GSDFCNQD1LVT                    CP  
            GSDFCNQD1LVT                   CDN  
                GTIEHLVT                     Z  
                GTIELLVT                    ZN  
              GXNR2D1LVT                    ZN  
              GXNR2D1LVT                    A2  
              GXNR2D1LVT                    A1  
              GXNR2D2LVT                    ZN  
              GXNR2D2LVT                    A2  
              GXNR2D2LVT                    A1  
              GXOR2D1LVT                     Z  
              GXOR2D1LVT                    A2  
              GXOR2D1LVT                    A1  
              GXOR2D2LVT                     Z  
              GXOR2D2LVT                    A2  
              GXOR2D2LVT                    A1  
                HA1D0LVT                     S  
                HA1D0LVT                    CO  
                HA1D0LVT                     B  
                HA1D0LVT                     A  
                HA1D1LVT                     S  
                HA1D1LVT                    CO  
                HA1D1LVT                     B  
                HA1D1LVT                     A  
                HA1D2LVT                     S  
                HA1D2LVT                    CO  
                HA1D2LVT                     B  
                HA1D2LVT                     A  
                HA1D4LVT                     S  
                HA1D4LVT                    CO  
                HA1D4LVT                     B  
                HA1D4LVT                     A  
            HCOSCIND1LVT                     S  
            HCOSCIND1LVT                    CS  
            HCOSCIND1LVT                    CO  
            HCOSCIND1LVT                   CIN  
            HCOSCIND1LVT                     A  
            HCOSCIND2LVT                     S  
            HCOSCIND2LVT                    CS  
            HCOSCIND2LVT                    CO  
            HCOSCIND2LVT                   CIN  
            HCOSCIND2LVT                     A  
            HCOSCOND1LVT                     S  
            HCOSCOND1LVT                    CS  
            HCOSCOND1LVT                   CON  
            HCOSCOND1LVT                    CI  
            HCOSCOND1LVT                     A  
            HCOSCOND2LVT                     S  
            HCOSCOND2LVT                    CS  
            HCOSCOND2LVT                   CON  
            HCOSCOND2LVT                    CI  
            HCOSCOND2LVT                     A  
              HICIND1LVT                     S  
              HICIND1LVT                    CO  
              HICIND1LVT                   CIN  
              HICIND1LVT                     A  
              HICIND2LVT                     S  
              HICIND2LVT                    CO  
              HICIND2LVT                   CIN  
              HICIND2LVT                     A  
              HICOND1LVT                     S  
              HICOND1LVT                   CON  
              HICOND1LVT                    CI  
              HICOND1LVT                     A  
              HICOND2LVT                     S  
              HICOND2LVT                   CON  
              HICOND2LVT                    CI  
              HICOND2LVT                     A  
              IAO21D0LVT                    ZN  
              IAO21D0LVT                     B  
              IAO21D0LVT                    A2  
              IAO21D0LVT                    A1  
              IAO21D1LVT                    ZN  
              IAO21D1LVT                     B  
              IAO21D1LVT                    A2  
              IAO21D1LVT                    A1  
              IAO21D2LVT                    ZN  
              IAO21D2LVT                     B  
              IAO21D2LVT                    A2  
              IAO21D2LVT                    A1  
              IAO21D4LVT                    ZN  
              IAO21D4LVT                     B  
              IAO21D4LVT                    A2  
              IAO21D4LVT                    A1  
              IAO22D0LVT                    ZN  
              IAO22D0LVT                    B2  
              IAO22D0LVT                    B1  
              IAO22D0LVT                    A2  
              IAO22D0LVT                    A1  
              IAO22D1LVT                    ZN  
              IAO22D1LVT                    B2  
              IAO22D1LVT                    B1  
              IAO22D1LVT                    A2  
              IAO22D1LVT                    A1  
              IAO22D2LVT                    ZN  
              IAO22D2LVT                    B2  
              IAO22D2LVT                    B1  
              IAO22D2LVT                    A2  
              IAO22D2LVT                    A1  
              IAO22D4LVT                    ZN  
              IAO22D4LVT                    B2  
              IAO22D4LVT                    B1  
              IAO22D4LVT                    A2  
              IAO22D4LVT                    A1  
              IIND4D0LVT                    ZN  
              IIND4D0LVT                    B2  
              IIND4D0LVT                    B1  
              IIND4D0LVT                    A2  
              IIND4D0LVT                    A1  
              IIND4D1LVT                    ZN  
              IIND4D1LVT                    B2  
              IIND4D1LVT                    B1  
              IIND4D1LVT                    A2  
              IIND4D1LVT                    A1  
              IIND4D2LVT                    ZN  
              IIND4D2LVT                    B2  
              IIND4D2LVT                    B1  
              IIND4D2LVT                    A2  
              IIND4D2LVT                    A1  
              IIND4D4LVT                    ZN  
              IIND4D4LVT                    B2  
              IIND4D4LVT                    B1  
              IIND4D4LVT                    A2  
              IIND4D4LVT                    A1  
              IINR4D0LVT                    ZN  
              IINR4D0LVT                    B2  
              IINR4D0LVT                    B1  
              IINR4D0LVT                    A2  
              IINR4D0LVT                    A1  
              IINR4D1LVT                    ZN  
              IINR4D1LVT                    B2  
              IINR4D1LVT                    B1  
              IINR4D1LVT                    A2  
              IINR4D1LVT                    A1  
              IINR4D2LVT                    ZN  
              IINR4D2LVT                    B2  
              IINR4D2LVT                    B1  
              IINR4D2LVT                    A2  
              IINR4D2LVT                    A1  
              IINR4D4LVT                    ZN  
              IINR4D4LVT                    B2  
              IINR4D4LVT                    B1  
              IINR4D4LVT                    A2  
              IINR4D4LVT                    A1  
               IND2D0LVT                    ZN  
               IND2D0LVT                    B1  
               IND2D0LVT                    A1  
               IND2D1LVT                    ZN  
               IND2D1LVT                    B1  
               IND2D1LVT                    A1  
               IND2D2LVT                    ZN  
               IND2D2LVT                    B1  
               IND2D2LVT                    A1  
               IND2D4LVT                    ZN  
               IND2D4LVT                    B1  
               IND2D4LVT                    A1  
               IND3D0LVT                    ZN  
               IND3D0LVT                    B2  
               IND3D0LVT                    B1  
               IND3D0LVT                    A1  
               IND3D1LVT                    ZN  
               IND3D1LVT                    B2  
               IND3D1LVT                    B1  
               IND3D1LVT                    A1  
               IND3D2LVT                    ZN  
               IND3D2LVT                    B2  
               IND3D2LVT                    B1  
               IND3D2LVT                    A1  
               IND3D4LVT                    ZN  
               IND3D4LVT                    B2  
               IND3D4LVT                    B1  
               IND3D4LVT                    A1  
               IND4D0LVT                    ZN  
               IND4D0LVT                    B3  
               IND4D0LVT                    B2  
               IND4D0LVT                    B1  
               IND4D0LVT                    A1  
               IND4D1LVT                    ZN  
               IND4D1LVT                    B3  
               IND4D1LVT                    B2  
               IND4D1LVT                    B1  
               IND4D1LVT                    A1  
               IND4D2LVT                    ZN  
               IND4D2LVT                    B3  
               IND4D2LVT                    B2  
               IND4D2LVT                    B1  
               IND4D2LVT                    A1  
               IND4D4LVT                    ZN  
               IND4D4LVT                    B3  
               IND4D4LVT                    B2  
               IND4D4LVT                    B1  
               IND4D4LVT                    A1  
               INR2D0LVT                    ZN  
               INR2D0LVT                    B1  
               INR2D0LVT                    A1  
               INR2D1LVT                    ZN  
               INR2D1LVT                    B1  
               INR2D1LVT                    A1  
               INR2D2LVT                    ZN  
               INR2D2LVT                    B1  
               INR2D2LVT                    A1  
               INR2D4LVT                    ZN  
               INR2D4LVT                    B1  
               INR2D4LVT                    A1  
              INR2XD0LVT                    ZN  
              INR2XD0LVT                    B1  
              INR2XD0LVT                    A1  
              INR2XD1LVT                    ZN  
              INR2XD1LVT                    B1  
              INR2XD1LVT                    A1  
              INR2XD2LVT                    ZN  
              INR2XD2LVT                    B1  
              INR2XD2LVT                    A1  
              INR2XD4LVT                    ZN  
              INR2XD4LVT                    B1  
              INR2XD4LVT                    A1  
               INR3D0LVT                    ZN  
               INR3D0LVT                    B2  
               INR3D0LVT                    B1  
               INR3D0LVT                    A1  
               INR3D1LVT                    ZN  
               INR3D1LVT                    B2  
               INR3D1LVT                    B1  
               INR3D1LVT                    A1  
               INR3D2LVT                    ZN  
               INR3D2LVT                    B2  
               INR3D2LVT                    B1  
               INR3D2LVT                    A1  
               INR3D4LVT                    ZN  
               INR3D4LVT                    B2  
               INR3D4LVT                    B1  
               INR3D4LVT                    A1  
               INR4D0LVT                    ZN  
               INR4D0LVT                    B3  
               INR4D0LVT                    B2  
               INR4D0LVT                    B1  
               INR4D0LVT                    A1  
               INR4D1LVT                    ZN  
               INR4D1LVT                    B3  
               INR4D1LVT                    B2  
               INR4D1LVT                    B1  
               INR4D1LVT                    A1  
               INR4D2LVT                    ZN  
               INR4D2LVT                    B3  
               INR4D2LVT                    B2  
               INR4D2LVT                    B1  
               INR4D2LVT                    A1  
               INR4D4LVT                    ZN  
               INR4D4LVT                    B3  
               INR4D4LVT                    B2  
               INR4D4LVT                    B1  
               INR4D4LVT                    A1  
                INVD0LVT                    ZN  
                INVD0LVT                     I  
               INVD12LVT                    ZN  
               INVD12LVT                     I  
               INVD16LVT                    ZN  
               INVD16LVT                     I  
                INVD1LVT                    ZN  
                INVD1LVT                     I  
               INVD20LVT                    ZN  
               INVD20LVT                     I  
               INVD24LVT                    ZN  
               INVD24LVT                     I  
                INVD2LVT                    ZN  
                INVD2LVT                     I  
                INVD3LVT                    ZN  
                INVD3LVT                     I  
                INVD4LVT                    ZN  
                INVD4LVT                     I  
                INVD6LVT                    ZN  
                INVD6LVT                     I  
                INVD8LVT                    ZN  
                INVD8LVT                     I  
              IOA21D0LVT                    ZN  
              IOA21D0LVT                     B  
              IOA21D0LVT                    A2  
              IOA21D0LVT                    A1  
              IOA21D1LVT                    ZN  
              IOA21D1LVT                     B  
              IOA21D1LVT                    A2  
              IOA21D1LVT                    A1  
              IOA21D2LVT                    ZN  
              IOA21D2LVT                     B  
              IOA21D2LVT                    A2  
              IOA21D2LVT                    A1  
              IOA21D4LVT                    ZN  
              IOA21D4LVT                     B  
              IOA21D4LVT                    A2  
              IOA21D4LVT                    A1  
              IOA22D0LVT                    ZN  
              IOA22D0LVT                    B2  
              IOA22D0LVT                    B1  
              IOA22D0LVT                    A2  
              IOA22D0LVT                    A1  
              IOA22D1LVT                    ZN  
              IOA22D1LVT                    B2  
              IOA22D1LVT                    B1  
              IOA22D1LVT                    A2  
              IOA22D1LVT                    A1  
              IOA22D2LVT                    ZN  
              IOA22D2LVT                    B2  
              IOA22D2LVT                    B1  
              IOA22D2LVT                    A2  
              IOA22D2LVT                    A1  
              IOA22D4LVT                    ZN  
              IOA22D4LVT                    B2  
              IOA22D4LVT                    B1  
              IOA22D4LVT                    A2  
              IOA22D4LVT                    A1  
              ISOHID1LVT                     I  
              ISOHID1LVT                   ISO  
              ISOHID1LVT                     Z  
              ISOHID2LVT                     I  
              ISOHID2LVT                   ISO  
              ISOHID2LVT                     Z  
              ISOHID4LVT                     I  
              ISOHID4LVT                   ISO  
              ISOHID4LVT                     Z  
              ISOHID8LVT                     I  
              ISOHID8LVT                   ISO  
              ISOHID8LVT                     Z  
              ISOLOD1LVT                     I  
              ISOLOD1LVT                   ISO  
              ISOLOD1LVT                     Z  
              ISOLOD2LVT                     I  
              ISOLOD2LVT                   ISO  
              ISOLOD2LVT                     Z  
              ISOLOD4LVT                     I  
              ISOLOD4LVT                   ISO  
              ISOLOD4LVT                     Z  
              ISOLOD8LVT                     I  
              ISOLOD8LVT                   ISO  
              ISOLOD8LVT                     Z  
               LHCND1LVT                    QN  
               LHCND1LVT                     Q  
               LHCND1LVT                     E  
               LHCND1LVT                     D  
               LHCND1LVT                   CDN  
               LHCND2LVT                    QN  
               LHCND2LVT                     Q  
               LHCND2LVT                     E  
               LHCND2LVT                     D  
               LHCND2LVT                   CDN  
               LHCND4LVT                    QN  
               LHCND4LVT                     Q  
               LHCND4LVT                     E  
               LHCND4LVT                     D  
               LHCND4LVT                   CDN  
              LHCNDD1LVT                    QN  
              LHCNDD1LVT                     Q  
              LHCNDD1LVT                     E  
              LHCNDD1LVT                     D  
              LHCNDD1LVT                   CDN  
              LHCNDD2LVT                    QN  
              LHCNDD2LVT                     Q  
              LHCNDD2LVT                     E  
              LHCNDD2LVT                     D  
              LHCNDD2LVT                   CDN  
              LHCNDD4LVT                    QN  
              LHCNDD4LVT                     Q  
              LHCNDD4LVT                     E  
              LHCNDD4LVT                     D  
              LHCNDD4LVT                   CDN  
             LHCNDQD1LVT                     Q  
             LHCNDQD1LVT                     E  
             LHCNDQD1LVT                     D  
             LHCNDQD1LVT                   CDN  
             LHCNDQD2LVT                     Q  
             LHCNDQD2LVT                     E  
             LHCNDQD2LVT                     D  
             LHCNDQD2LVT                   CDN  
             LHCNDQD4LVT                     Q  
             LHCNDQD4LVT                     E  
             LHCNDQD4LVT                     D  
             LHCNDQD4LVT                   CDN  
              LHCNQD1LVT                     Q  
              LHCNQD1LVT                     E  
              LHCNQD1LVT                     D  
              LHCNQD1LVT                   CDN  
              LHCNQD2LVT                     Q  
              LHCNQD2LVT                     E  
              LHCNQD2LVT                     D  
              LHCNQD2LVT                   CDN  
              LHCNQD4LVT                     Q  
              LHCNQD4LVT                     E  
              LHCNQD4LVT                     D  
              LHCNQD4LVT                   CDN  
              LHCSND1LVT                   SDN  
              LHCSND1LVT                    QN  
              LHCSND1LVT                     Q  
              LHCSND1LVT                     E  
              LHCSND1LVT                     D  
              LHCSND1LVT                   CDN  
              LHCSND2LVT                   SDN  
              LHCSND2LVT                    QN  
              LHCSND2LVT                     Q  
              LHCSND2LVT                     E  
              LHCSND2LVT                     D  
              LHCSND2LVT                   CDN  
              LHCSND4LVT                   SDN  
              LHCSND4LVT                    QN  
              LHCSND4LVT                     Q  
              LHCSND4LVT                     E  
              LHCSND4LVT                     D  
              LHCSND4LVT                   CDN  
             LHCSNDD1LVT                   SDN  
             LHCSNDD1LVT                    QN  
             LHCSNDD1LVT                     Q  
             LHCSNDD1LVT                     E  
             LHCSNDD1LVT                     D  
             LHCSNDD1LVT                   CDN  
             LHCSNDD2LVT                   SDN  
             LHCSNDD2LVT                    QN  
             LHCSNDD2LVT                     Q  
             LHCSNDD2LVT                     E  
             LHCSNDD2LVT                     D  
             LHCSNDD2LVT                   CDN  
             LHCSNDD4LVT                   SDN  
             LHCSNDD4LVT                    QN  
             LHCSNDD4LVT                     Q  
             LHCSNDD4LVT                     E  
             LHCSNDD4LVT                     D  
             LHCSNDD4LVT                   CDN  
            LHCSNDQD1LVT                   SDN  
            LHCSNDQD1LVT                     Q  
            LHCSNDQD1LVT                     E  
            LHCSNDQD1LVT                     D  
            LHCSNDQD1LVT                   CDN  
            LHCSNDQD2LVT                   SDN  
            LHCSNDQD2LVT                     Q  
            LHCSNDQD2LVT                     E  
            LHCSNDQD2LVT                     D  
            LHCSNDQD2LVT                   CDN  
            LHCSNDQD4LVT                   SDN  
            LHCSNDQD4LVT                     Q  
            LHCSNDQD4LVT                     E  
            LHCSNDQD4LVT                     D  
            LHCSNDQD4LVT                   CDN  
             LHCSNQD1LVT                   SDN  
             LHCSNQD1LVT                     Q  
             LHCSNQD1LVT                     E  
             LHCSNQD1LVT                     D  
             LHCSNQD1LVT                   CDN  
             LHCSNQD2LVT                   SDN  
             LHCSNQD2LVT                     Q  
             LHCSNQD2LVT                     E  
             LHCSNQD2LVT                     D  
             LHCSNQD2LVT                   CDN  
             LHCSNQD4LVT                   SDN  
             LHCSNQD4LVT                     Q  
             LHCSNQD4LVT                     E  
             LHCSNQD4LVT                     D  
             LHCSNQD4LVT                   CDN  
                 LHD1LVT                    QN  
                 LHD1LVT                     Q  
                 LHD1LVT                     E  
                 LHD1LVT                     D  
                 LHD2LVT                    QN  
                 LHD2LVT                     Q  
                 LHD2LVT                     E  
                 LHD2LVT                     D  
                 LHD4LVT                    QN  
                 LHD4LVT                     Q  
                 LHD4LVT                     E  
                 LHD4LVT                     D  
                LHQD1LVT                     Q  
                LHQD1LVT                     E  
                LHQD1LVT                     D  
                LHQD2LVT                     Q  
                LHQD2LVT                     E  
                LHQD2LVT                     D  
                LHQD4LVT                     Q  
                LHQD4LVT                     E  
                LHQD4LVT                     D  
               LHSND1LVT                   SDN  
               LHSND1LVT                    QN  
               LHSND1LVT                     Q  
               LHSND1LVT                     E  
               LHSND1LVT                     D  
               LHSND2LVT                   SDN  
               LHSND2LVT                    QN  
               LHSND2LVT                     Q  
               LHSND2LVT                     E  
               LHSND2LVT                     D  
               LHSND4LVT                   SDN  
               LHSND4LVT                    QN  
               LHSND4LVT                     Q  
               LHSND4LVT                     E  
               LHSND4LVT                     D  
              LHSNDD1LVT                   SDN  
              LHSNDD1LVT                    QN  
              LHSNDD1LVT                     Q  
              LHSNDD1LVT                     E  
              LHSNDD1LVT                     D  
              LHSNDD2LVT                   SDN  
              LHSNDD2LVT                    QN  
              LHSNDD2LVT                     Q  
              LHSNDD2LVT                     E  
              LHSNDD2LVT                     D  
              LHSNDD4LVT                   SDN  
              LHSNDD4LVT                    QN  
              LHSNDD4LVT                     Q  
              LHSNDD4LVT                     E  
              LHSNDD4LVT                     D  
             LHSNDQD1LVT                   SDN  
             LHSNDQD1LVT                     Q  
             LHSNDQD1LVT                     E  
             LHSNDQD1LVT                     D  
             LHSNDQD2LVT                   SDN  
             LHSNDQD2LVT                     Q  
             LHSNDQD2LVT                     E  
             LHSNDQD2LVT                     D  
             LHSNDQD4LVT                   SDN  
             LHSNDQD4LVT                     Q  
             LHSNDQD4LVT                     E  
             LHSNDQD4LVT                     D  
              LHSNQD1LVT                   SDN  
              LHSNQD1LVT                     Q  
              LHSNQD1LVT                     E  
              LHSNQD1LVT                     D  
              LHSNQD2LVT                   SDN  
              LHSNQD2LVT                     Q  
              LHSNQD2LVT                     E  
              LHSNQD2LVT                     D  
              LHSNQD4LVT                   SDN  
              LHSNQD4LVT                     Q  
              LHSNQD4LVT                     E  
              LHSNQD4LVT                     D  
               LNCND1LVT                    QN  
               LNCND1LVT                     Q  
               LNCND1LVT                    EN  
               LNCND1LVT                     D  
               LNCND1LVT                   CDN  
               LNCND2LVT                    QN  
               LNCND2LVT                     Q  
               LNCND2LVT                    EN  
               LNCND2LVT                     D  
               LNCND2LVT                   CDN  
               LNCND4LVT                    QN  
               LNCND4LVT                     Q  
               LNCND4LVT                    EN  
               LNCND4LVT                     D  
               LNCND4LVT                   CDN  
              LNCNDD1LVT                    QN  
              LNCNDD1LVT                     Q  
              LNCNDD1LVT                    EN  
              LNCNDD1LVT                     D  
              LNCNDD1LVT                   CDN  
              LNCNDD2LVT                    QN  
              LNCNDD2LVT                     Q  
              LNCNDD2LVT                    EN  
              LNCNDD2LVT                     D  
              LNCNDD2LVT                   CDN  
              LNCNDD4LVT                    QN  
              LNCNDD4LVT                     Q  
              LNCNDD4LVT                    EN  
              LNCNDD4LVT                     D  
              LNCNDD4LVT                   CDN  
             LNCNDQD1LVT                     Q  
             LNCNDQD1LVT                    EN  
             LNCNDQD1LVT                     D  
             LNCNDQD1LVT                   CDN  
             LNCNDQD2LVT                     Q  
             LNCNDQD2LVT                    EN  
             LNCNDQD2LVT                     D  
             LNCNDQD2LVT                   CDN  
             LNCNDQD4LVT                     Q  
             LNCNDQD4LVT                    EN  
             LNCNDQD4LVT                     D  
             LNCNDQD4LVT                   CDN  
              LNCNQD1LVT                     Q  
              LNCNQD1LVT                    EN  
              LNCNQD1LVT                     D  
              LNCNQD1LVT                   CDN  
              LNCNQD2LVT                     Q  
              LNCNQD2LVT                    EN  
              LNCNQD2LVT                     D  
              LNCNQD2LVT                   CDN  
              LNCNQD4LVT                     Q  
              LNCNQD4LVT                    EN  
              LNCNQD4LVT                     D  
              LNCNQD4LVT                   CDN  
              LNCSND1LVT                   SDN  
              LNCSND1LVT                    QN  
              LNCSND1LVT                     Q  
              LNCSND1LVT                    EN  
              LNCSND1LVT                     D  
              LNCSND1LVT                   CDN  
              LNCSND2LVT                   SDN  
              LNCSND2LVT                    QN  
              LNCSND2LVT                     Q  
              LNCSND2LVT                    EN  
              LNCSND2LVT                     D  
              LNCSND2LVT                   CDN  
              LNCSND4LVT                   SDN  
              LNCSND4LVT                    QN  
              LNCSND4LVT                     Q  
              LNCSND4LVT                    EN  
              LNCSND4LVT                     D  
              LNCSND4LVT                   CDN  
             LNCSNDD1LVT                   SDN  
             LNCSNDD1LVT                    QN  
             LNCSNDD1LVT                     Q  
             LNCSNDD1LVT                    EN  
             LNCSNDD1LVT                     D  
             LNCSNDD1LVT                   CDN  
             LNCSNDD2LVT                   SDN  
             LNCSNDD2LVT                    QN  
             LNCSNDD2LVT                     Q  
             LNCSNDD2LVT                    EN  
             LNCSNDD2LVT                     D  
             LNCSNDD2LVT                   CDN  
             LNCSNDD4LVT                   SDN  
             LNCSNDD4LVT                    QN  
             LNCSNDD4LVT                     Q  
             LNCSNDD4LVT                    EN  
             LNCSNDD4LVT                     D  
             LNCSNDD4LVT                   CDN  
            LNCSNDQD1LVT                   SDN  
            LNCSNDQD1LVT                     Q  
            LNCSNDQD1LVT                    EN  
            LNCSNDQD1LVT                     D  
            LNCSNDQD1LVT                   CDN  
            LNCSNDQD2LVT                   SDN  
            LNCSNDQD2LVT                     Q  
            LNCSNDQD2LVT                    EN  
            LNCSNDQD2LVT                     D  
            LNCSNDQD2LVT                   CDN  
            LNCSNDQD4LVT                   SDN  
            LNCSNDQD4LVT                     Q  
            LNCSNDQD4LVT                    EN  
            LNCSNDQD4LVT                     D  
            LNCSNDQD4LVT                   CDN  
             LNCSNQD1LVT                   SDN  
             LNCSNQD1LVT                     Q  
             LNCSNQD1LVT                    EN  
             LNCSNQD1LVT                     D  
             LNCSNQD1LVT                   CDN  
             LNCSNQD2LVT                   SDN  
             LNCSNQD2LVT                     Q  
             LNCSNQD2LVT                    EN  
             LNCSNQD2LVT                     D  
             LNCSNQD2LVT                   CDN  
             LNCSNQD4LVT                   SDN  
             LNCSNQD4LVT                     Q  
             LNCSNQD4LVT                    EN  
             LNCSNQD4LVT                     D  
             LNCSNQD4LVT                   CDN  
                 LND1LVT                    QN  
                 LND1LVT                     Q  
                 LND1LVT                    EN  
                 LND1LVT                     D  
                 LND2LVT                    QN  
                 LND2LVT                     Q  
                 LND2LVT                    EN  
                 LND2LVT                     D  
                 LND4LVT                    QN  
                 LND4LVT                     Q  
                 LND4LVT                    EN  
                 LND4LVT                     D  
                LNQD1LVT                     Q  
                LNQD1LVT                    EN  
                LNQD1LVT                     D  
                LNQD2LVT                     Q  
                LNQD2LVT                    EN  
                LNQD2LVT                     D  
                LNQD4LVT                     Q  
                LNQD4LVT                    EN  
                LNQD4LVT                     D  
               LNSND1LVT                   SDN  
               LNSND1LVT                    QN  
               LNSND1LVT                     Q  
               LNSND1LVT                    EN  
               LNSND1LVT                     D  
               LNSND2LVT                   SDN  
               LNSND2LVT                    QN  
               LNSND2LVT                     Q  
               LNSND2LVT                    EN  
               LNSND2LVT                     D  
               LNSND4LVT                   SDN  
               LNSND4LVT                    QN  
               LNSND4LVT                     Q  
               LNSND4LVT                    EN  
               LNSND4LVT                     D  
              LNSNDD1LVT                   SDN  
              LNSNDD1LVT                    QN  
              LNSNDD1LVT                     Q  
              LNSNDD1LVT                    EN  
              LNSNDD1LVT                     D  
              LNSNDD2LVT                   SDN  
              LNSNDD2LVT                    QN  
              LNSNDD2LVT                     Q  
              LNSNDD2LVT                    EN  
              LNSNDD2LVT                     D  
              LNSNDD4LVT                   SDN  
              LNSNDD4LVT                    QN  
              LNSNDD4LVT                     Q  
              LNSNDD4LVT                    EN  
              LNSNDD4LVT                     D  
             LNSNDQD1LVT                   SDN  
             LNSNDQD1LVT                     Q  
             LNSNDQD1LVT                    EN  
             LNSNDQD1LVT                     D  
             LNSNDQD2LVT                   SDN  
             LNSNDQD2LVT                     Q  
             LNSNDQD2LVT                    EN  
             LNSNDQD2LVT                     D  
             LNSNDQD4LVT                   SDN  
             LNSNDQD4LVT                     Q  
             LNSNDQD4LVT                    EN  
             LNSNDQD4LVT                     D  
              LNSNQD1LVT                   SDN  
              LNSNQD1LVT                     Q  
              LNSNQD1LVT                    EN  
              LNSNQD1LVT                     D  
              LNSNQD2LVT                   SDN  
              LNSNQD2LVT                     Q  
              LNSNQD2LVT                    EN  
              LNSNQD2LVT                     D  
              LNSNQD4LVT                   SDN  
              LNSNQD4LVT                     Q  
              LNSNQD4LVT                    EN  
              LNSNQD4LVT                     D  
              LVLHLD1LVT                     I  
              LVLHLD1LVT                     Z  
              LVLHLD2LVT                     I  
              LVLHLD2LVT                     Z  
              LVLHLD4LVT                     I  
              LVLHLD4LVT                     Z  
              LVLHLD8LVT                     I  
              LVLHLD8LVT                     Z  
             LVLLHCD1LVT                     I  
             LVLLHCD1LVT                NSLEEP  
             LVLLHCD1LVT                     Z  
             LVLLHCD2LVT                     I  
             LVLLHCD2LVT                NSLEEP  
             LVLLHCD2LVT                     Z  
             LVLLHCD4LVT                     I  
             LVLLHCD4LVT                NSLEEP  
             LVLLHCD4LVT                     Z  
             LVLLHCD8LVT                     I  
             LVLLHCD8LVT                NSLEEP  
             LVLLHCD8LVT                     Z  
              LVLLHD1LVT                     I  
              LVLLHD1LVT                     Z  
              LVLLHD2LVT                     I  
              LVLLHD2LVT                     Z  
              LVLLHD4LVT                     I  
              LVLLHD4LVT                     Z  
              LVLLHD8LVT                     I  
              LVLLHD8LVT                     Z  
           LVLLHFACD1LVT                     I  
           LVLLHFACD1LVT                NSLEEP  
           LVLLHFACD1LVT                     Z  
           LVLLHFACD2LVT                     I  
           LVLLHFACD2LVT                NSLEEP  
           LVLLHFACD2LVT                     Z  
           LVLLHFACD4LVT                     I  
           LVLLHFACD4LVT                NSLEEP  
           LVLLHFACD4LVT                     Z  
           LVLLHFACD8LVT                     I  
           LVLLHFACD8LVT                NSLEEP  
           LVLLHFACD8LVT                     Z  
            LVLLHFAD1LVT                     I  
            LVLLHFAD1LVT                     Z  
            LVLLHFAD2LVT                     I  
            LVLLHFAD2LVT                     Z  
            LVLLHFAD4LVT                     I  
            LVLLHFAD4LVT                     Z  
            LVLLHFAD8LVT                     I  
            LVLLHFAD8LVT                     Z  
            MAOI222D0LVT                    ZN  
            MAOI222D0LVT                     C  
            MAOI222D0LVT                     B  
            MAOI222D0LVT                     A  
            MAOI222D1LVT                    ZN  
            MAOI222D1LVT                     C  
            MAOI222D1LVT                     B  
            MAOI222D1LVT                     A  
            MAOI222D2LVT                    ZN  
            MAOI222D2LVT                     C  
            MAOI222D2LVT                     B  
            MAOI222D2LVT                     A  
            MAOI222D4LVT                    ZN  
            MAOI222D4LVT                     C  
            MAOI222D4LVT                     B  
            MAOI222D4LVT                     A  
             MAOI22D0LVT                    ZN  
             MAOI22D0LVT                    B2  
             MAOI22D0LVT                    B1  
             MAOI22D0LVT                    A2  
             MAOI22D0LVT                    A1  
             MAOI22D1LVT                    ZN  
             MAOI22D1LVT                    B2  
             MAOI22D1LVT                    B1  
             MAOI22D1LVT                    A2  
             MAOI22D1LVT                    A1  
             MAOI22D2LVT                    ZN  
             MAOI22D2LVT                    B2  
             MAOI22D2LVT                    B1  
             MAOI22D2LVT                    A2  
             MAOI22D2LVT                    A1  
             MAOI22D4LVT                    ZN  
             MAOI22D4LVT                    B2  
             MAOI22D4LVT                    B1  
             MAOI22D4LVT                    A2  
             MAOI22D4LVT                    A1  
             MOAI22D0LVT                    ZN  
             MOAI22D0LVT                    B2  
             MOAI22D0LVT                    B1  
             MOAI22D0LVT                    A2  
             MOAI22D0LVT                    A1  
             MOAI22D1LVT                    ZN  
             MOAI22D1LVT                    B2  
             MOAI22D1LVT                    B1  
             MOAI22D1LVT                    A2  
             MOAI22D1LVT                    A1  
             MOAI22D2LVT                    ZN  
             MOAI22D2LVT                    B2  
             MOAI22D2LVT                    B1  
             MOAI22D2LVT                    A2  
             MOAI22D2LVT                    A1  
             MOAI22D4LVT                    ZN  
             MOAI22D4LVT                    B2  
             MOAI22D4LVT                    B1  
             MOAI22D4LVT                    A2  
             MOAI22D4LVT                    A1  
               MUX2D0LVT                     Z  
               MUX2D0LVT                     S  
               MUX2D0LVT                    I1  
               MUX2D0LVT                    I0  
               MUX2D1LVT                     Z  
               MUX2D1LVT                     S  
               MUX2D1LVT                    I1  
               MUX2D1LVT                    I0  
               MUX2D2LVT                     Z  
               MUX2D2LVT                     S  
               MUX2D2LVT                    I1  
               MUX2D2LVT                    I0  
               MUX2D4LVT                     Z  
               MUX2D4LVT                     S  
               MUX2D4LVT                    I1  
               MUX2D4LVT                    I0  
              MUX2ND0LVT                    ZN  
              MUX2ND0LVT                     S  
              MUX2ND0LVT                    I1  
              MUX2ND0LVT                    I0  
              MUX2ND1LVT                    ZN  
              MUX2ND1LVT                     S  
              MUX2ND1LVT                    I1  
              MUX2ND1LVT                    I0  
              MUX2ND2LVT                    ZN  
              MUX2ND2LVT                     S  
              MUX2ND2LVT                    I1  
              MUX2ND2LVT                    I0  
              MUX2ND4LVT                    ZN  
              MUX2ND4LVT                     S  
              MUX2ND4LVT                    I1  
              MUX2ND4LVT                    I0  
               MUX3D0LVT                     Z  
               MUX3D0LVT                    S1  
               MUX3D0LVT                    S0  
               MUX3D0LVT                    I2  
               MUX3D0LVT                    I1  
               MUX3D0LVT                    I0  
               MUX3D1LVT                     Z  
               MUX3D1LVT                    S1  
               MUX3D1LVT                    S0  
               MUX3D1LVT                    I2  
               MUX3D1LVT                    I1  
               MUX3D1LVT                    I0  
               MUX3D2LVT                     Z  
               MUX3D2LVT                    S1  
               MUX3D2LVT                    S0  
               MUX3D2LVT                    I2  
               MUX3D2LVT                    I1  
               MUX3D2LVT                    I0  
               MUX3D4LVT                     Z  
               MUX3D4LVT                    S1  
               MUX3D4LVT                    S0  
               MUX3D4LVT                    I2  
               MUX3D4LVT                    I1  
               MUX3D4LVT                    I0  
              MUX3ND0LVT                    ZN  
              MUX3ND0LVT                    S1  
              MUX3ND0LVT                    S0  
              MUX3ND0LVT                    I2  
              MUX3ND0LVT                    I1  
              MUX3ND0LVT                    I0  
              MUX3ND1LVT                    ZN  
              MUX3ND1LVT                    S1  
              MUX3ND1LVT                    S0  
              MUX3ND1LVT                    I2  
              MUX3ND1LVT                    I1  
              MUX3ND1LVT                    I0  
              MUX3ND2LVT                    ZN  
              MUX3ND2LVT                    S1  
              MUX3ND2LVT                    S0  
              MUX3ND2LVT                    I2  
              MUX3ND2LVT                    I1  
              MUX3ND2LVT                    I0  
              MUX3ND4LVT                    ZN  
              MUX3ND4LVT                    S1  
              MUX3ND4LVT                    S0  
              MUX3ND4LVT                    I2  
              MUX3ND4LVT                    I1  
              MUX3ND4LVT                    I0  
               MUX4D0LVT                     Z  
               MUX4D0LVT                    S1  
               MUX4D0LVT                    S0  
               MUX4D0LVT                    I3  
               MUX4D0LVT                    I2  
               MUX4D0LVT                    I1  
               MUX4D0LVT                    I0  
               MUX4D1LVT                     Z  
               MUX4D1LVT                    S1  
               MUX4D1LVT                    S0  
               MUX4D1LVT                    I3  
               MUX4D1LVT                    I2  
               MUX4D1LVT                    I1  
               MUX4D1LVT                    I0  
               MUX4D2LVT                     Z  
               MUX4D2LVT                    S1  
               MUX4D2LVT                    S0  
               MUX4D2LVT                    I3  
               MUX4D2LVT                    I2  
               MUX4D2LVT                    I1  
               MUX4D2LVT                    I0  
               MUX4D4LVT                     Z  
               MUX4D4LVT                    S1  
               MUX4D4LVT                    S0  
               MUX4D4LVT                    I3  
               MUX4D4LVT                    I2  
               MUX4D4LVT                    I1  
               MUX4D4LVT                    I0  
              MUX4ND0LVT                    ZN  
              MUX4ND0LVT                    S1  
              MUX4ND0LVT                    S0  
              MUX4ND0LVT                    I3  
              MUX4ND0LVT                    I2  
              MUX4ND0LVT                    I1  
              MUX4ND0LVT                    I0  
              MUX4ND1LVT                    ZN  
              MUX4ND1LVT                    S1  
              MUX4ND1LVT                    S0  
              MUX4ND1LVT                    I3  
              MUX4ND1LVT                    I2  
              MUX4ND1LVT                    I1  
              MUX4ND1LVT                    I0  
              MUX4ND2LVT                    ZN  
              MUX4ND2LVT                    S1  
              MUX4ND2LVT                    S0  
              MUX4ND2LVT                    I3  
              MUX4ND2LVT                    I2  
              MUX4ND2LVT                    I1  
              MUX4ND2LVT                    I0  
              MUX4ND4LVT                    ZN  
              MUX4ND4LVT                    S1  
              MUX4ND4LVT                    S0  
              MUX4ND4LVT                    I3  
              MUX4ND4LVT                    I2  
              MUX4ND4LVT                    I1  
              MUX4ND4LVT                    I0  
                ND2D0LVT                    ZN  
                ND2D0LVT                    A2  
                ND2D0LVT                    A1  
                ND2D1LVT                    ZN  
                ND2D1LVT                    A2  
                ND2D1LVT                    A1  
                ND2D2LVT                    ZN  
                ND2D2LVT                    A2  
                ND2D2LVT                    A1  
                ND2D3LVT                    ZN  
                ND2D3LVT                    A2  
                ND2D3LVT                    A1  
                ND2D4LVT                    ZN  
                ND2D4LVT                    A2  
                ND2D4LVT                    A1  
                ND2D8LVT                    ZN  
                ND2D8LVT                    A2  
                ND2D8LVT                    A1  
                ND3D0LVT                    ZN  
                ND3D0LVT                    A3  
                ND3D0LVT                    A2  
                ND3D0LVT                    A1  
                ND3D1LVT                    ZN  
                ND3D1LVT                    A3  
                ND3D1LVT                    A2  
                ND3D1LVT                    A1  
                ND3D2LVT                    ZN  
                ND3D2LVT                    A3  
                ND3D2LVT                    A2  
                ND3D2LVT                    A1  
                ND3D3LVT                    ZN  
                ND3D3LVT                    A3  
                ND3D3LVT                    A2  
                ND3D3LVT                    A1  
                ND3D4LVT                    ZN  
                ND3D4LVT                    A3  
                ND3D4LVT                    A2  
                ND3D4LVT                    A1  
                ND3D8LVT                    ZN  
                ND3D8LVT                    A3  
                ND3D8LVT                    A2  
                ND3D8LVT                    A1  
                ND4D0LVT                    ZN  
                ND4D0LVT                    A4  
                ND4D0LVT                    A3  
                ND4D0LVT                    A2  
                ND4D0LVT                    A1  
                ND4D1LVT                    ZN  
                ND4D1LVT                    A4  
                ND4D1LVT                    A3  
                ND4D1LVT                    A2  
                ND4D1LVT                    A1  
                ND4D2LVT                    ZN  
                ND4D2LVT                    A4  
                ND4D2LVT                    A3  
                ND4D2LVT                    A2  
                ND4D2LVT                    A1  
                ND4D3LVT                    ZN  
                ND4D3LVT                    A4  
                ND4D3LVT                    A3  
                ND4D3LVT                    A2  
                ND4D3LVT                    A1  
                ND4D4LVT                    ZN  
                ND4D4LVT                    A4  
                ND4D4LVT                    A3  
                ND4D4LVT                    A2  
                ND4D4LVT                    A1  
                ND4D8LVT                    ZN  
                ND4D8LVT                    A4  
                ND4D8LVT                    A3  
                ND4D8LVT                    A2  
                ND4D8LVT                    A1  
                NR2D0LVT                    ZN  
                NR2D0LVT                    A2  
                NR2D0LVT                    A1  
                NR2D1LVT                    ZN  
                NR2D1LVT                    A2  
                NR2D1LVT                    A1  
                NR2D2LVT                    ZN  
                NR2D2LVT                    A2  
                NR2D2LVT                    A1  
                NR2D3LVT                    ZN  
                NR2D3LVT                    A2  
                NR2D3LVT                    A1  
                NR2D4LVT                    ZN  
                NR2D4LVT                    A2  
                NR2D4LVT                    A1  
                NR2D8LVT                    ZN  
                NR2D8LVT                    A2  
                NR2D8LVT                    A1  
               NR2XD0LVT                    ZN  
               NR2XD0LVT                    A2  
               NR2XD0LVT                    A1  
               NR2XD1LVT                    ZN  
               NR2XD1LVT                    A2  
               NR2XD1LVT                    A1  
               NR2XD2LVT                    ZN  
               NR2XD2LVT                    A2  
               NR2XD2LVT                    A1  
               NR2XD3LVT                    ZN  
               NR2XD3LVT                    A2  
               NR2XD3LVT                    A1  
               NR2XD4LVT                    ZN  
               NR2XD4LVT                    A2  
               NR2XD4LVT                    A1  
               NR2XD8LVT                    ZN  
               NR2XD8LVT                    A2  
               NR2XD8LVT                    A1  
                NR3D0LVT                    ZN  
                NR3D0LVT                    A3  
                NR3D0LVT                    A2  
                NR3D0LVT                    A1  
                NR3D1LVT                    ZN  
                NR3D1LVT                    A3  
                NR3D1LVT                    A2  
                NR3D1LVT                    A1  
                NR3D2LVT                    ZN  
                NR3D2LVT                    A3  
                NR3D2LVT                    A2  
                NR3D2LVT                    A1  
                NR3D3LVT                    ZN  
                NR3D3LVT                    A3  
                NR3D3LVT                    A2  
                NR3D3LVT                    A1  
                NR3D4LVT                    ZN  
                NR3D4LVT                    A3  
                NR3D4LVT                    A2  
                NR3D4LVT                    A1  
                NR3D8LVT                    ZN  
                NR3D8LVT                    A3  
                NR3D8LVT                    A2  
                NR3D8LVT                    A1  
                NR4D0LVT                    ZN  
                NR4D0LVT                    A4  
                NR4D0LVT                    A3  
                NR4D0LVT                    A2  
                NR4D0LVT                    A1  
                NR4D1LVT                    ZN  
                NR4D1LVT                    A4  
                NR4D1LVT                    A3  
                NR4D1LVT                    A2  
                NR4D1LVT                    A1  
                NR4D2LVT                    ZN  
                NR4D2LVT                    A4  
                NR4D2LVT                    A3  
                NR4D2LVT                    A2  
                NR4D2LVT                    A1  
                NR4D3LVT                    ZN  
                NR4D3LVT                    A4  
                NR4D3LVT                    A3  
                NR4D3LVT                    A2  
                NR4D3LVT                    A1  
                NR4D4LVT                    ZN  
                NR4D4LVT                    A4  
                NR4D4LVT                    A3  
                NR4D4LVT                    A2  
                NR4D4LVT                    A1  
                NR4D8LVT                    ZN  
                NR4D8LVT                    A4  
                NR4D8LVT                    A3  
                NR4D8LVT                    A2  
                NR4D8LVT                    A1  
              OA211D0LVT                     Z  
              OA211D0LVT                     C  
              OA211D0LVT                     B  
              OA211D0LVT                    A2  
              OA211D0LVT                    A1  
              OA211D1LVT                     Z  
              OA211D1LVT                     C  
              OA211D1LVT                     B  
              OA211D1LVT                    A2  
              OA211D1LVT                    A1  
              OA211D2LVT                     Z  
              OA211D2LVT                     C  
              OA211D2LVT                     B  
              OA211D2LVT                    A2  
              OA211D2LVT                    A1  
              OA211D4LVT                     Z  
              OA211D4LVT                     C  
              OA211D4LVT                     B  
              OA211D4LVT                    A2  
              OA211D4LVT                    A1  
               OA21D0LVT                     Z  
               OA21D0LVT                     B  
               OA21D0LVT                    A2  
               OA21D0LVT                    A1  
               OA21D1LVT                     Z  
               OA21D1LVT                     B  
               OA21D1LVT                    A2  
               OA21D1LVT                    A1  
               OA21D2LVT                     Z  
               OA21D2LVT                     B  
               OA21D2LVT                    A2  
               OA21D2LVT                    A1  
               OA21D4LVT                     Z  
               OA21D4LVT                     B  
               OA21D4LVT                    A2  
               OA21D4LVT                    A1  
              OA221D0LVT                     Z  
              OA221D0LVT                     C  
              OA221D0LVT                    B2  
              OA221D0LVT                    B1  
              OA221D0LVT                    A2  
              OA221D0LVT                    A1  
              OA221D1LVT                     Z  
              OA221D1LVT                     C  
              OA221D1LVT                    B2  
              OA221D1LVT                    B1  
              OA221D1LVT                    A2  
              OA221D1LVT                    A1  
              OA221D2LVT                     Z  
              OA221D2LVT                     C  
              OA221D2LVT                    B2  
              OA221D2LVT                    B1  
              OA221D2LVT                    A2  
              OA221D2LVT                    A1  
              OA221D4LVT                     Z  
              OA221D4LVT                     C  
              OA221D4LVT                    B2  
              OA221D4LVT                    B1  
              OA221D4LVT                    A2  
              OA221D4LVT                    A1  
              OA222D0LVT                     Z  
              OA222D0LVT                    C2  
              OA222D0LVT                    C1  
              OA222D0LVT                    B2  
              OA222D0LVT                    B1  
              OA222D0LVT                    A2  
              OA222D0LVT                    A1  
              OA222D1LVT                     Z  
              OA222D1LVT                    C2  
              OA222D1LVT                    C1  
              OA222D1LVT                    B2  
              OA222D1LVT                    B1  
              OA222D1LVT                    A2  
              OA222D1LVT                    A1  
              OA222D2LVT                     Z  
              OA222D2LVT                    C2  
              OA222D2LVT                    C1  
              OA222D2LVT                    B2  
              OA222D2LVT                    B1  
              OA222D2LVT                    A2  
              OA222D2LVT                    A1  
              OA222D4LVT                     Z  
              OA222D4LVT                    C2  
              OA222D4LVT                    C1  
              OA222D4LVT                    B2  
              OA222D4LVT                    B1  
              OA222D4LVT                    A2  
              OA222D4LVT                    A1  
               OA22D0LVT                     Z  
               OA22D0LVT                    B2  
               OA22D0LVT                    B1  
               OA22D0LVT                    A2  
               OA22D0LVT                    A1  
               OA22D1LVT                     Z  
               OA22D1LVT                    B2  
               OA22D1LVT                    B1  
               OA22D1LVT                    A2  
               OA22D1LVT                    A1  
               OA22D2LVT                     Z  
               OA22D2LVT                    B2  
               OA22D2LVT                    B1  
               OA22D2LVT                    A2  
               OA22D2LVT                    A1  
               OA22D4LVT                     Z  
               OA22D4LVT                    B2  
               OA22D4LVT                    B1  
               OA22D4LVT                    A2  
               OA22D4LVT                    A1  
               OA31D0LVT                     Z  
               OA31D0LVT                     B  
               OA31D0LVT                    A3  
               OA31D0LVT                    A2  
               OA31D0LVT                    A1  
               OA31D1LVT                     Z  
               OA31D1LVT                     B  
               OA31D1LVT                    A3  
               OA31D1LVT                    A2  
               OA31D1LVT                    A1  
               OA31D2LVT                     Z  
               OA31D2LVT                     B  
               OA31D2LVT                    A3  
               OA31D2LVT                    A2  
               OA31D2LVT                    A1  
               OA31D4LVT                     Z  
               OA31D4LVT                     B  
               OA31D4LVT                    A3  
               OA31D4LVT                    A2  
               OA31D4LVT                    A1  
               OA32D0LVT                     Z  
               OA32D0LVT                    B2  
               OA32D0LVT                    B1  
               OA32D0LVT                    A3  
               OA32D0LVT                    A2  
               OA32D0LVT                    A1  
               OA32D1LVT                     Z  
               OA32D1LVT                    B2  
               OA32D1LVT                    B1  
               OA32D1LVT                    A3  
               OA32D1LVT                    A2  
               OA32D1LVT                    A1  
               OA32D2LVT                     Z  
               OA32D2LVT                    B2  
               OA32D2LVT                    B1  
               OA32D2LVT                    A3  
               OA32D2LVT                    A2  
               OA32D2LVT                    A1  
               OA32D4LVT                     Z  
               OA32D4LVT                    B2  
               OA32D4LVT                    B1  
               OA32D4LVT                    A3  
               OA32D4LVT                    A2  
               OA32D4LVT                    A1  
               OA33D0LVT                     Z  
               OA33D0LVT                    B3  
               OA33D0LVT                    B2  
               OA33D0LVT                    B1  
               OA33D0LVT                    A3  
               OA33D0LVT                    A2  
               OA33D0LVT                    A1  
               OA33D1LVT                     Z  
               OA33D1LVT                    B3  
               OA33D1LVT                    B2  
               OA33D1LVT                    B1  
               OA33D1LVT                    A3  
               OA33D1LVT                    A2  
               OA33D1LVT                    A1  
               OA33D2LVT                     Z  
               OA33D2LVT                    B3  
               OA33D2LVT                    B2  
               OA33D2LVT                    B1  
               OA33D2LVT                    A3  
               OA33D2LVT                    A2  
               OA33D2LVT                    A1  
               OA33D4LVT                     Z  
               OA33D4LVT                    B3  
               OA33D4LVT                    B2  
               OA33D4LVT                    B1  
               OA33D4LVT                    A3  
               OA33D4LVT                    A2  
               OA33D4LVT                    A1  
             OAI211D0LVT                    ZN  
             OAI211D0LVT                     C  
             OAI211D0LVT                     B  
             OAI211D0LVT                    A2  
             OAI211D0LVT                    A1  
             OAI211D1LVT                    ZN  
             OAI211D1LVT                     C  
             OAI211D1LVT                     B  
             OAI211D1LVT                    A2  
             OAI211D1LVT                    A1  
             OAI211D2LVT                    ZN  
             OAI211D2LVT                     C  
             OAI211D2LVT                     B  
             OAI211D2LVT                    A2  
             OAI211D2LVT                    A1  
             OAI211D4LVT                    ZN  
             OAI211D4LVT                     C  
             OAI211D4LVT                     B  
             OAI211D4LVT                    A2  
             OAI211D4LVT                    A1  
              OAI21D0LVT                    ZN  
              OAI21D0LVT                     B  
              OAI21D0LVT                    A2  
              OAI21D0LVT                    A1  
              OAI21D1LVT                    ZN  
              OAI21D1LVT                     B  
              OAI21D1LVT                    A2  
              OAI21D1LVT                    A1  
              OAI21D2LVT                    ZN  
              OAI21D2LVT                     B  
              OAI21D2LVT                    A2  
              OAI21D2LVT                    A1  
              OAI21D4LVT                    ZN  
              OAI21D4LVT                     B  
              OAI21D4LVT                    A2  
              OAI21D4LVT                    A1  
             OAI221D0LVT                    ZN  
             OAI221D0LVT                     C  
             OAI221D0LVT                    B2  
             OAI221D0LVT                    B1  
             OAI221D0LVT                    A2  
             OAI221D0LVT                    A1  
             OAI221D1LVT                    ZN  
             OAI221D1LVT                     C  
             OAI221D1LVT                    B2  
             OAI221D1LVT                    B1  
             OAI221D1LVT                    A2  
             OAI221D1LVT                    A1  
             OAI221D2LVT                    ZN  
             OAI221D2LVT                     C  
             OAI221D2LVT                    B2  
             OAI221D2LVT                    B1  
             OAI221D2LVT                    A2  
             OAI221D2LVT                    A1  
             OAI221D4LVT                    ZN  
             OAI221D4LVT                     C  
             OAI221D4LVT                    B2  
             OAI221D4LVT                    B1  
             OAI221D4LVT                    A2  
             OAI221D4LVT                    A1  
            OAI221XD4LVT                    ZN  
            OAI221XD4LVT                     C  
            OAI221XD4LVT                    B2  
            OAI221XD4LVT                    B1  
            OAI221XD4LVT                    A2  
            OAI221XD4LVT                    A1  
             OAI222D0LVT                    ZN  
             OAI222D0LVT                    C2  
             OAI222D0LVT                    C1  
             OAI222D0LVT                    B2  
             OAI222D0LVT                    B1  
             OAI222D0LVT                    A2  
             OAI222D0LVT                    A1  
             OAI222D1LVT                    ZN  
             OAI222D1LVT                    C2  
             OAI222D1LVT                    C1  
             OAI222D1LVT                    B2  
             OAI222D1LVT                    B1  
             OAI222D1LVT                    A2  
             OAI222D1LVT                    A1  
             OAI222D2LVT                    ZN  
             OAI222D2LVT                    C2  
             OAI222D2LVT                    C1  
             OAI222D2LVT                    B2  
             OAI222D2LVT                    B1  
             OAI222D2LVT                    A2  
             OAI222D2LVT                    A1  
             OAI222D4LVT                    ZN  
             OAI222D4LVT                    C2  
             OAI222D4LVT                    C1  
             OAI222D4LVT                    B2  
             OAI222D4LVT                    B1  
             OAI222D4LVT                    A2  
             OAI222D4LVT                    A1  
            OAI222XD4LVT                    ZN  
            OAI222XD4LVT                    C2  
            OAI222XD4LVT                    C1  
            OAI222XD4LVT                    B2  
            OAI222XD4LVT                    B1  
            OAI222XD4LVT                    A2  
            OAI222XD4LVT                    A1  
              OAI22D0LVT                    ZN  
              OAI22D0LVT                    B2  
              OAI22D0LVT                    B1  
              OAI22D0LVT                    A2  
              OAI22D0LVT                    A1  
              OAI22D1LVT                    ZN  
              OAI22D1LVT                    B2  
              OAI22D1LVT                    B1  
              OAI22D1LVT                    A2  
              OAI22D1LVT                    A1  
              OAI22D2LVT                    ZN  
              OAI22D2LVT                    B2  
              OAI22D2LVT                    B1  
              OAI22D2LVT                    A2  
              OAI22D2LVT                    A1  
              OAI22D4LVT                    ZN  
              OAI22D4LVT                    B2  
              OAI22D4LVT                    B1  
              OAI22D4LVT                    A2  
              OAI22D4LVT                    A1  
              OAI31D0LVT                    ZN  
              OAI31D0LVT                     B  
              OAI31D0LVT                    A3  
              OAI31D0LVT                    A2  
              OAI31D0LVT                    A1  
              OAI31D1LVT                    ZN  
              OAI31D1LVT                     B  
              OAI31D1LVT                    A3  
              OAI31D1LVT                    A2  
              OAI31D1LVT                    A1  
              OAI31D2LVT                    ZN  
              OAI31D2LVT                     B  
              OAI31D2LVT                    A3  
              OAI31D2LVT                    A2  
              OAI31D2LVT                    A1  
              OAI31D4LVT                    ZN  
              OAI31D4LVT                     B  
              OAI31D4LVT                    A3  
              OAI31D4LVT                    A2  
              OAI31D4LVT                    A1  
              OAI32D0LVT                    ZN  
              OAI32D0LVT                    B2  
              OAI32D0LVT                    B1  
              OAI32D0LVT                    A3  
              OAI32D0LVT                    A2  
              OAI32D0LVT                    A1  
              OAI32D1LVT                    ZN  
              OAI32D1LVT                    B2  
              OAI32D1LVT                    B1  
              OAI32D1LVT                    A3  
              OAI32D1LVT                    A2  
              OAI32D1LVT                    A1  
              OAI32D2LVT                    ZN  
              OAI32D2LVT                    B2  
              OAI32D2LVT                    B1  
              OAI32D2LVT                    A3  
              OAI32D2LVT                    A2  
              OAI32D2LVT                    A1  
              OAI32D4LVT                    ZN  
              OAI32D4LVT                    B2  
              OAI32D4LVT                    B1  
              OAI32D4LVT                    A3  
              OAI32D4LVT                    A2  
              OAI32D4LVT                    A1  
             OAI32XD4LVT                    ZN  
             OAI32XD4LVT                    B2  
             OAI32XD4LVT                    B1  
             OAI32XD4LVT                    A3  
             OAI32XD4LVT                    A2  
             OAI32XD4LVT                    A1  
              OAI33D0LVT                    ZN  
              OAI33D0LVT                    B3  
              OAI33D0LVT                    B2  
              OAI33D0LVT                    B1  
              OAI33D0LVT                    A3  
              OAI33D0LVT                    A2  
              OAI33D0LVT                    A1  
              OAI33D1LVT                    ZN  
              OAI33D1LVT                    B3  
              OAI33D1LVT                    B2  
              OAI33D1LVT                    B1  
              OAI33D1LVT                    A3  
              OAI33D1LVT                    A2  
              OAI33D1LVT                    A1  
              OAI33D2LVT                    ZN  
              OAI33D2LVT                    B3  
              OAI33D2LVT                    B2  
              OAI33D2LVT                    B1  
              OAI33D2LVT                    A3  
              OAI33D2LVT                    A2  
              OAI33D2LVT                    A1  
              OAI33D4LVT                    ZN  
              OAI33D4LVT                    B3  
              OAI33D4LVT                    B2  
              OAI33D4LVT                    B1  
              OAI33D4LVT                    A3  
              OAI33D4LVT                    A2  
              OAI33D4LVT                    A1  
             OAI33XD4LVT                    ZN  
             OAI33XD4LVT                    B3  
             OAI33XD4LVT                    B2  
             OAI33XD4LVT                    B1  
             OAI33XD4LVT                    A3  
             OAI33XD4LVT                    A2  
             OAI33XD4LVT                    A1  
                OR2D0LVT                     Z  
                OR2D0LVT                    A2  
                OR2D0LVT                    A1  
                OR2D1LVT                     Z  
                OR2D1LVT                    A2  
                OR2D1LVT                    A1  
                OR2D2LVT                     Z  
                OR2D2LVT                    A2  
                OR2D2LVT                    A1  
                OR2D4LVT                     Z  
                OR2D4LVT                    A2  
                OR2D4LVT                    A1  
                OR2D8LVT                     Z  
                OR2D8LVT                    A2  
                OR2D8LVT                    A1  
               OR2XD1LVT                     Z  
               OR2XD1LVT                    A2  
               OR2XD1LVT                    A1  
                OR3D0LVT                     Z  
                OR3D0LVT                    A3  
                OR3D0LVT                    A2  
                OR3D0LVT                    A1  
                OR3D1LVT                     Z  
                OR3D1LVT                    A3  
                OR3D1LVT                    A2  
                OR3D1LVT                    A1  
                OR3D2LVT                     Z  
                OR3D2LVT                    A3  
                OR3D2LVT                    A2  
                OR3D2LVT                    A1  
                OR3D4LVT                     Z  
                OR3D4LVT                    A3  
                OR3D4LVT                    A2  
                OR3D4LVT                    A1  
                OR3D8LVT                     Z  
                OR3D8LVT                    A3  
                OR3D8LVT                    A2  
                OR3D8LVT                    A1  
               OR3XD1LVT                     Z  
               OR3XD1LVT                    A3  
               OR3XD1LVT                    A2  
               OR3XD1LVT                    A1  
                OR4D0LVT                     Z  
                OR4D0LVT                    A4  
                OR4D0LVT                    A3  
                OR4D0LVT                    A2  
                OR4D0LVT                    A1  
                OR4D1LVT                     Z  
                OR4D1LVT                    A4  
                OR4D1LVT                    A3  
                OR4D1LVT                    A2  
                OR4D1LVT                    A1  
                OR4D2LVT                     Z  
                OR4D2LVT                    A4  
                OR4D2LVT                    A3  
                OR4D2LVT                    A2  
                OR4D2LVT                    A1  
                OR4D4LVT                     Z  
                OR4D4LVT                    A4  
                OR4D4LVT                    A3  
                OR4D4LVT                    A2  
                OR4D4LVT                    A1  
                OR4D8LVT                     Z  
                OR4D8LVT                    A4  
                OR4D8LVT                    A3  
                OR4D8LVT                    A2  
                OR4D8LVT                    A1  
               OR4XD1LVT                     Z  
               OR4XD1LVT                    A4  
               OR4XD1LVT                    A3  
               OR4XD1LVT                    A2  
               OR4XD1LVT                    A1  
              SDFCND0LVT                    SI  
              SDFCND0LVT                    SE  
              SDFCND0LVT                    QN  
              SDFCND0LVT                     Q  
              SDFCND0LVT                     D  
              SDFCND0LVT                    CP  
              SDFCND0LVT                   CDN  
              SDFCND1LVT                    SI  
              SDFCND1LVT                    SE  
              SDFCND1LVT                    QN  
              SDFCND1LVT                     Q  
              SDFCND1LVT                     D  
              SDFCND1LVT                    CP  
              SDFCND1LVT                   CDN  
              SDFCND2LVT                    SI  
              SDFCND2LVT                    SE  
              SDFCND2LVT                    QN  
              SDFCND2LVT                     Q  
              SDFCND2LVT                     D  
              SDFCND2LVT                    CP  
              SDFCND2LVT                   CDN  
              SDFCND4LVT                    SI  
              SDFCND4LVT                    SE  
              SDFCND4LVT                    QN  
              SDFCND4LVT                     Q  
              SDFCND4LVT                     D  
              SDFCND4LVT                    CP  
              SDFCND4LVT                   CDN  
             SDFCNQD0LVT                    SI  
             SDFCNQD0LVT                    SE  
             SDFCNQD0LVT                     Q  
             SDFCNQD0LVT                     D  
             SDFCNQD0LVT                    CP  
             SDFCNQD0LVT                   CDN  
             SDFCNQD1LVT                    SI  
             SDFCNQD1LVT                    SE  
             SDFCNQD1LVT                     Q  
             SDFCNQD1LVT                     D  
             SDFCNQD1LVT                    CP  
             SDFCNQD1LVT                   CDN  
             SDFCNQD2LVT                    SI  
             SDFCNQD2LVT                    SE  
             SDFCNQD2LVT                     Q  
             SDFCNQD2LVT                     D  
             SDFCNQD2LVT                    CP  
             SDFCNQD2LVT                   CDN  
             SDFCNQD4LVT                    SI  
             SDFCNQD4LVT                    SE  
             SDFCNQD4LVT                     Q  
             SDFCNQD4LVT                     D  
             SDFCNQD4LVT                    CP  
             SDFCNQD4LVT                   CDN  
             SDFCSND0LVT                    SI  
             SDFCSND0LVT                    SE  
             SDFCSND0LVT                   SDN  
             SDFCSND0LVT                    QN  
             SDFCSND0LVT                     Q  
             SDFCSND0LVT                     D  
             SDFCSND0LVT                    CP  
             SDFCSND0LVT                   CDN  
             SDFCSND1LVT                    SI  
             SDFCSND1LVT                    SE  
             SDFCSND1LVT                   SDN  
             SDFCSND1LVT                    QN  
             SDFCSND1LVT                     Q  
             SDFCSND1LVT                     D  
             SDFCSND1LVT                    CP  
             SDFCSND1LVT                   CDN  
             SDFCSND2LVT                    SI  
             SDFCSND2LVT                    SE  
             SDFCSND2LVT                   SDN  
             SDFCSND2LVT                    QN  
             SDFCSND2LVT                     Q  
             SDFCSND2LVT                     D  
             SDFCSND2LVT                    CP  
             SDFCSND2LVT                   CDN  
             SDFCSND4LVT                    SI  
             SDFCSND4LVT                    SE  
             SDFCSND4LVT                   SDN  
             SDFCSND4LVT                    QN  
             SDFCSND4LVT                     Q  
             SDFCSND4LVT                     D  
             SDFCSND4LVT                    CP  
             SDFCSND4LVT                   CDN  
            SDFCSNQD0LVT                    SI  
            SDFCSNQD0LVT                    SE  
            SDFCSNQD0LVT                   SDN  
            SDFCSNQD0LVT                     Q  
            SDFCSNQD0LVT                     D  
            SDFCSNQD0LVT                    CP  
            SDFCSNQD0LVT                   CDN  
            SDFCSNQD1LVT                    SI  
            SDFCSNQD1LVT                    SE  
            SDFCSNQD1LVT                   SDN  
            SDFCSNQD1LVT                     Q  
            SDFCSNQD1LVT                     D  
            SDFCSNQD1LVT                    CP  
            SDFCSNQD1LVT                   CDN  
            SDFCSNQD2LVT                    SI  
            SDFCSNQD2LVT                    SE  
            SDFCSNQD2LVT                   SDN  
            SDFCSNQD2LVT                     Q  
            SDFCSNQD2LVT                     D  
            SDFCSNQD2LVT                    CP  
            SDFCSNQD2LVT                   CDN  
            SDFCSNQD4LVT                    SI  
            SDFCSNQD4LVT                    SE  
            SDFCSNQD4LVT                   SDN  
            SDFCSNQD4LVT                     Q  
            SDFCSNQD4LVT                     D  
            SDFCSNQD4LVT                    CP  
            SDFCSNQD4LVT                   CDN  
                SDFD0LVT                    SI  
                SDFD0LVT                    SE  
                SDFD0LVT                    QN  
                SDFD0LVT                     Q  
                SDFD0LVT                     D  
                SDFD0LVT                    CP  
                SDFD1LVT                    SI  
                SDFD1LVT                    SE  
                SDFD1LVT                    QN  
                SDFD1LVT                     Q  
                SDFD1LVT                     D  
                SDFD1LVT                    CP  
                SDFD2LVT                    SI  
                SDFD2LVT                    SE  
                SDFD2LVT                    QN  
                SDFD2LVT                     Q  
                SDFD2LVT                     D  
                SDFD2LVT                    CP  
                SDFD4LVT                    SI  
                SDFD4LVT                    SE  
                SDFD4LVT                    QN  
                SDFD4LVT                     Q  
                SDFD4LVT                     D  
                SDFD4LVT                    CP  
             SDFKCND0LVT                    SI  
             SDFKCND0LVT                    SE  
             SDFKCND0LVT                    QN  
             SDFKCND0LVT                     Q  
             SDFKCND0LVT                     D  
             SDFKCND0LVT                    CP  
             SDFKCND0LVT                    CN  
             SDFKCND1LVT                    SI  
             SDFKCND1LVT                    SE  
             SDFKCND1LVT                    QN  
             SDFKCND1LVT                     Q  
             SDFKCND1LVT                     D  
             SDFKCND1LVT                    CP  
             SDFKCND1LVT                    CN  
             SDFKCND2LVT                    SI  
             SDFKCND2LVT                    SE  
             SDFKCND2LVT                    QN  
             SDFKCND2LVT                     Q  
             SDFKCND2LVT                     D  
             SDFKCND2LVT                    CP  
             SDFKCND2LVT                    CN  
             SDFKCND4LVT                    SI  
             SDFKCND4LVT                    SE  
             SDFKCND4LVT                    QN  
             SDFKCND4LVT                     Q  
             SDFKCND4LVT                     D  
             SDFKCND4LVT                    CP  
             SDFKCND4LVT                    CN  
            SDFKCNQD0LVT                    SI  
            SDFKCNQD0LVT                    SE  
            SDFKCNQD0LVT                     Q  
            SDFKCNQD0LVT                     D  
            SDFKCNQD0LVT                    CP  
            SDFKCNQD0LVT                    CN  
            SDFKCNQD1LVT                    SI  
            SDFKCNQD1LVT                    SE  
            SDFKCNQD1LVT                     Q  
            SDFKCNQD1LVT                     D  
            SDFKCNQD1LVT                    CP  
            SDFKCNQD1LVT                    CN  
            SDFKCNQD2LVT                    SI  
            SDFKCNQD2LVT                    SE  
            SDFKCNQD2LVT                     Q  
            SDFKCNQD2LVT                     D  
            SDFKCNQD2LVT                    CP  
            SDFKCNQD2LVT                    CN  
            SDFKCNQD4LVT                    SI  
            SDFKCNQD4LVT                    SE  
            SDFKCNQD4LVT                     Q  
            SDFKCNQD4LVT                     D  
            SDFKCNQD4LVT                    CP  
            SDFKCNQD4LVT                    CN  
            SDFKCSND0LVT                    SN  
            SDFKCSND0LVT                    SI  
            SDFKCSND0LVT                    SE  
            SDFKCSND0LVT                    QN  
            SDFKCSND0LVT                     Q  
            SDFKCSND0LVT                     D  
            SDFKCSND0LVT                    CP  
            SDFKCSND0LVT                    CN  
            SDFKCSND1LVT                    SN  
            SDFKCSND1LVT                    SI  
            SDFKCSND1LVT                    SE  
            SDFKCSND1LVT                    QN  
            SDFKCSND1LVT                     Q  
            SDFKCSND1LVT                     D  
            SDFKCSND1LVT                    CP  
            SDFKCSND1LVT                    CN  
            SDFKCSND2LVT                    SN  
            SDFKCSND2LVT                    SI  
            SDFKCSND2LVT                    SE  
            SDFKCSND2LVT                    QN  
            SDFKCSND2LVT                     Q  
            SDFKCSND2LVT                     D  
            SDFKCSND2LVT                    CP  
            SDFKCSND2LVT                    CN  
            SDFKCSND4LVT                    SN  
            SDFKCSND4LVT                    SI  
            SDFKCSND4LVT                    SE  
            SDFKCSND4LVT                    QN  
            SDFKCSND4LVT                     Q  
            SDFKCSND4LVT                     D  
            SDFKCSND4LVT                    CP  
            SDFKCSND4LVT                    CN  
           SDFKCSNQD0LVT                    SN  
           SDFKCSNQD0LVT                    SI  
           SDFKCSNQD0LVT                    SE  
           SDFKCSNQD0LVT                     Q  
           SDFKCSNQD0LVT                     D  
           SDFKCSNQD0LVT                    CP  
           SDFKCSNQD0LVT                    CN  
           SDFKCSNQD1LVT                    SN  
           SDFKCSNQD1LVT                    SI  
           SDFKCSNQD1LVT                    SE  
           SDFKCSNQD1LVT                     Q  
           SDFKCSNQD1LVT                     D  
           SDFKCSNQD1LVT                    CP  
           SDFKCSNQD1LVT                    CN  
           SDFKCSNQD2LVT                    SN  
           SDFKCSNQD2LVT                    SI  
           SDFKCSNQD2LVT                    SE  
           SDFKCSNQD2LVT                     Q  
           SDFKCSNQD2LVT                     D  
           SDFKCSNQD2LVT                    CP  
           SDFKCSNQD2LVT                    CN  
           SDFKCSNQD4LVT                    SN  
           SDFKCSNQD4LVT                    SI  
           SDFKCSNQD4LVT                    SE  
           SDFKCSNQD4LVT                     Q  
           SDFKCSNQD4LVT                     D  
           SDFKCSNQD4LVT                    CP  
           SDFKCSNQD4LVT                    CN  
             SDFKSND0LVT                    SN  
             SDFKSND0LVT                    SI  
             SDFKSND0LVT                    SE  
             SDFKSND0LVT                    QN  
             SDFKSND0LVT                     Q  
             SDFKSND0LVT                     D  
             SDFKSND0LVT                    CP  
             SDFKSND1LVT                    SN  
             SDFKSND1LVT                    SI  
             SDFKSND1LVT                    SE  
             SDFKSND1LVT                    QN  
             SDFKSND1LVT                     Q  
             SDFKSND1LVT                     D  
             SDFKSND1LVT                    CP  
             SDFKSND2LVT                    SN  
             SDFKSND2LVT                    SI  
             SDFKSND2LVT                    SE  
             SDFKSND2LVT                    QN  
             SDFKSND2LVT                     Q  
             SDFKSND2LVT                     D  
             SDFKSND2LVT                    CP  
             SDFKSND4LVT                    SN  
             SDFKSND4LVT                    SI  
             SDFKSND4LVT                    SE  
             SDFKSND4LVT                    QN  
             SDFKSND4LVT                     Q  
             SDFKSND4LVT                     D  
             SDFKSND4LVT                    CP  
            SDFKSNQD0LVT                    SN  
            SDFKSNQD0LVT                    SI  
            SDFKSNQD0LVT                    SE  
            SDFKSNQD0LVT                     Q  
            SDFKSNQD0LVT                     D  
            SDFKSNQD0LVT                    CP  
            SDFKSNQD1LVT                    SN  
            SDFKSNQD1LVT                    SI  
            SDFKSNQD1LVT                    SE  
            SDFKSNQD1LVT                     Q  
            SDFKSNQD1LVT                     D  
            SDFKSNQD1LVT                    CP  
            SDFKSNQD2LVT                    SN  
            SDFKSNQD2LVT                    SI  
            SDFKSNQD2LVT                    SE  
            SDFKSNQD2LVT                     Q  
            SDFKSNQD2LVT                     D  
            SDFKSNQD2LVT                    CP  
            SDFKSNQD4LVT                    SN  
            SDFKSNQD4LVT                    SI  
            SDFKSNQD4LVT                    SE  
            SDFKSNQD4LVT                     Q  
            SDFKSNQD4LVT                     D  
            SDFKSNQD4LVT                    CP  
             SDFNCND0LVT                    SI  
             SDFNCND0LVT                    SE  
             SDFNCND0LVT                    QN  
             SDFNCND0LVT                     Q  
             SDFNCND0LVT                     D  
             SDFNCND0LVT                   CPN  
             SDFNCND0LVT                   CDN  
             SDFNCND1LVT                    SI  
             SDFNCND1LVT                    SE  
             SDFNCND1LVT                    QN  
             SDFNCND1LVT                     Q  
             SDFNCND1LVT                     D  
             SDFNCND1LVT                   CPN  
             SDFNCND1LVT                   CDN  
             SDFNCND2LVT                    SI  
             SDFNCND2LVT                    SE  
             SDFNCND2LVT                    QN  
             SDFNCND2LVT                     Q  
             SDFNCND2LVT                     D  
             SDFNCND2LVT                   CPN  
             SDFNCND2LVT                   CDN  
             SDFNCND4LVT                    SI  
             SDFNCND4LVT                    SE  
             SDFNCND4LVT                    QN  
             SDFNCND4LVT                     Q  
             SDFNCND4LVT                     D  
             SDFNCND4LVT                   CPN  
             SDFNCND4LVT                   CDN  
            SDFNCSND0LVT                    SI  
            SDFNCSND0LVT                    SE  
            SDFNCSND0LVT                   SDN  
            SDFNCSND0LVT                    QN  
            SDFNCSND0LVT                     Q  
            SDFNCSND0LVT                     D  
            SDFNCSND0LVT                   CPN  
            SDFNCSND0LVT                   CDN  
            SDFNCSND1LVT                    SI  
            SDFNCSND1LVT                    SE  
            SDFNCSND1LVT                   SDN  
            SDFNCSND1LVT                    QN  
            SDFNCSND1LVT                     Q  
            SDFNCSND1LVT                     D  
            SDFNCSND1LVT                   CPN  
            SDFNCSND1LVT                   CDN  
            SDFNCSND2LVT                    SI  
            SDFNCSND2LVT                    SE  
            SDFNCSND2LVT                   SDN  
            SDFNCSND2LVT                    QN  
            SDFNCSND2LVT                     Q  
            SDFNCSND2LVT                     D  
            SDFNCSND2LVT                   CPN  
            SDFNCSND2LVT                   CDN  
            SDFNCSND4LVT                    SI  
            SDFNCSND4LVT                    SE  
            SDFNCSND4LVT                   SDN  
            SDFNCSND4LVT                    QN  
            SDFNCSND4LVT                     Q  
            SDFNCSND4LVT                     D  
            SDFNCSND4LVT                   CPN  
            SDFNCSND4LVT                   CDN  
               SDFND0LVT                    SI  
               SDFND0LVT                    SE  
               SDFND0LVT                    QN  
               SDFND0LVT                     Q  
               SDFND0LVT                     D  
               SDFND0LVT                   CPN  
               SDFND1LVT                    SI  
               SDFND1LVT                    SE  
               SDFND1LVT                    QN  
               SDFND1LVT                     Q  
               SDFND1LVT                     D  
               SDFND1LVT                   CPN  
               SDFND2LVT                    SI  
               SDFND2LVT                    SE  
               SDFND2LVT                    QN  
               SDFND2LVT                     Q  
               SDFND2LVT                     D  
               SDFND2LVT                   CPN  
               SDFND4LVT                    SI  
               SDFND4LVT                    SE  
               SDFND4LVT                    QN  
               SDFND4LVT                     Q  
               SDFND4LVT                     D  
               SDFND4LVT                   CPN  
             SDFNSND0LVT                    SI  
             SDFNSND0LVT                    SE  
             SDFNSND0LVT                   SDN  
             SDFNSND0LVT                    QN  
             SDFNSND0LVT                     Q  
             SDFNSND0LVT                     D  
             SDFNSND0LVT                   CPN  
             SDFNSND1LVT                    SI  
             SDFNSND1LVT                    SE  
             SDFNSND1LVT                   SDN  
             SDFNSND1LVT                    QN  
             SDFNSND1LVT                     Q  
             SDFNSND1LVT                     D  
             SDFNSND1LVT                   CPN  
             SDFNSND2LVT                    SI  
             SDFNSND2LVT                    SE  
             SDFNSND2LVT                   SDN  
             SDFNSND2LVT                    QN  
             SDFNSND2LVT                     Q  
             SDFNSND2LVT                     D  
             SDFNSND2LVT                   CPN  
             SDFNSND4LVT                    SI  
             SDFNSND4LVT                    SE  
             SDFNSND4LVT                   SDN  
             SDFNSND4LVT                    QN  
             SDFNSND4LVT                     Q  
             SDFNSND4LVT                     D  
             SDFNSND4LVT                   CPN  
               SDFQD0LVT                    SI  
               SDFQD0LVT                    SE  
               SDFQD0LVT                     Q  
               SDFQD0LVT                     D  
               SDFQD0LVT                    CP  
               SDFQD1LVT                    SI  
               SDFQD1LVT                    SE  
               SDFQD1LVT                     Q  
               SDFQD1LVT                     D  
               SDFQD1LVT                    CP  
               SDFQD2LVT                    SI  
               SDFQD2LVT                    SE  
               SDFQD2LVT                     Q  
               SDFQD2LVT                     D  
               SDFQD2LVT                    CP  
               SDFQD4LVT                    SI  
               SDFQD4LVT                    SE  
               SDFQD4LVT                     Q  
               SDFQD4LVT                     D  
               SDFQD4LVT                    CP  
              SDFQND0LVT                    SI  
              SDFQND0LVT                    SE  
              SDFQND0LVT                    QN  
              SDFQND0LVT                     D  
              SDFQND0LVT                    CP  
              SDFQND1LVT                    SI  
              SDFQND1LVT                    SE  
              SDFQND1LVT                    QN  
              SDFQND1LVT                     D  
              SDFQND1LVT                    CP  
              SDFQND2LVT                    SI  
              SDFQND2LVT                    SE  
              SDFQND2LVT                    QN  
              SDFQND2LVT                     D  
              SDFQND2LVT                    CP  
              SDFQND4LVT                    SI  
              SDFQND4LVT                    SE  
              SDFQND4LVT                    QN  
              SDFQND4LVT                     D  
              SDFQND4LVT                    CP  
              SDFSND0LVT                    SI  
              SDFSND0LVT                    SE  
              SDFSND0LVT                   SDN  
              SDFSND0LVT                    QN  
              SDFSND0LVT                     Q  
              SDFSND0LVT                     D  
              SDFSND0LVT                    CP  
              SDFSND1LVT                    SI  
              SDFSND1LVT                    SE  
              SDFSND1LVT                   SDN  
              SDFSND1LVT                    QN  
              SDFSND1LVT                     Q  
              SDFSND1LVT                     D  
              SDFSND1LVT                    CP  
              SDFSND2LVT                    SI  
              SDFSND2LVT                    SE  
              SDFSND2LVT                   SDN  
              SDFSND2LVT                    QN  
              SDFSND2LVT                     Q  
              SDFSND2LVT                     D  
              SDFSND2LVT                    CP  
              SDFSND4LVT                    SI  
              SDFSND4LVT                    SE  
              SDFSND4LVT                   SDN  
              SDFSND4LVT                    QN  
              SDFSND4LVT                     Q  
              SDFSND4LVT                     D  
              SDFSND4LVT                    CP  
             SDFSNQD0LVT                    SI  
             SDFSNQD0LVT                    SE  
             SDFSNQD0LVT                   SDN  
             SDFSNQD0LVT                     Q  
             SDFSNQD0LVT                     D  
             SDFSNQD0LVT                    CP  
             SDFSNQD1LVT                    SI  
             SDFSNQD1LVT                    SE  
             SDFSNQD1LVT                   SDN  
             SDFSNQD1LVT                     Q  
             SDFSNQD1LVT                     D  
             SDFSNQD1LVT                    CP  
             SDFSNQD2LVT                    SI  
             SDFSNQD2LVT                    SE  
             SDFSNQD2LVT                   SDN  
             SDFSNQD2LVT                     Q  
             SDFSNQD2LVT                     D  
             SDFSNQD2LVT                    CP  
             SDFSNQD4LVT                    SI  
             SDFSNQD4LVT                    SE  
             SDFSNQD4LVT                   SDN  
             SDFSNQD4LVT                     Q  
             SDFSNQD4LVT                     D  
             SDFSNQD4LVT                    CP  
               SDFXD0LVT                    SI  
               SDFXD0LVT                    SE  
               SDFXD0LVT                    SA  
               SDFXD0LVT                    QN  
               SDFXD0LVT                     Q  
               SDFXD0LVT                    DB  
               SDFXD0LVT                    DA  
               SDFXD0LVT                    CP  
               SDFXD1LVT                    SI  
               SDFXD1LVT                    SE  
               SDFXD1LVT                    SA  
               SDFXD1LVT                    QN  
               SDFXD1LVT                     Q  
               SDFXD1LVT                    DB  
               SDFXD1LVT                    DA  
               SDFXD1LVT                    CP  
               SDFXD2LVT                    SI  
               SDFXD2LVT                    SE  
               SDFXD2LVT                    SA  
               SDFXD2LVT                    QN  
               SDFXD2LVT                     Q  
               SDFXD2LVT                    DB  
               SDFXD2LVT                    DA  
               SDFXD2LVT                    CP  
               SDFXD4LVT                    SI  
               SDFXD4LVT                    SE  
               SDFXD4LVT                    SA  
               SDFXD4LVT                    QN  
               SDFXD4LVT                     Q  
               SDFXD4LVT                    DB  
               SDFXD4LVT                    DA  
               SDFXD4LVT                    CP  
              SDFXQD0LVT                    SI  
              SDFXQD0LVT                    SE  
              SDFXQD0LVT                    SA  
              SDFXQD0LVT                     Q  
              SDFXQD0LVT                    DB  
              SDFXQD0LVT                    DA  
              SDFXQD0LVT                    CP  
              SDFXQD1LVT                    SI  
              SDFXQD1LVT                    SE  
              SDFXQD1LVT                    SA  
              SDFXQD1LVT                     Q  
              SDFXQD1LVT                    DB  
              SDFXQD1LVT                    DA  
              SDFXQD1LVT                    CP  
              SDFXQD2LVT                    SI  
              SDFXQD2LVT                    SE  
              SDFXQD2LVT                    SA  
              SDFXQD2LVT                     Q  
              SDFXQD2LVT                    DB  
              SDFXQD2LVT                    DA  
              SDFXQD2LVT                    CP  
              SDFXQD4LVT                    SI  
              SDFXQD4LVT                    SE  
              SDFXQD4LVT                    SA  
              SDFXQD4LVT                     Q  
              SDFXQD4LVT                    DB  
              SDFXQD4LVT                    DA  
              SDFXQD4LVT                    CP  
             SEDFCND0LVT                    SI  
             SEDFCND0LVT                    SE  
             SEDFCND0LVT                    QN  
             SEDFCND0LVT                     Q  
             SEDFCND0LVT                     E  
             SEDFCND0LVT                     D  
             SEDFCND0LVT                    CP  
             SEDFCND0LVT                   CDN  
             SEDFCND1LVT                    SI  
             SEDFCND1LVT                    SE  
             SEDFCND1LVT                    QN  
             SEDFCND1LVT                     Q  
             SEDFCND1LVT                     E  
             SEDFCND1LVT                     D  
             SEDFCND1LVT                    CP  
             SEDFCND1LVT                   CDN  
             SEDFCND2LVT                    SI  
             SEDFCND2LVT                    SE  
             SEDFCND2LVT                    QN  
             SEDFCND2LVT                     Q  
             SEDFCND2LVT                     E  
             SEDFCND2LVT                     D  
             SEDFCND2LVT                    CP  
             SEDFCND2LVT                   CDN  
             SEDFCND4LVT                    SI  
             SEDFCND4LVT                    SE  
             SEDFCND4LVT                    QN  
             SEDFCND4LVT                     Q  
             SEDFCND4LVT                     E  
             SEDFCND4LVT                     D  
             SEDFCND4LVT                    CP  
             SEDFCND4LVT                   CDN  
            SEDFCNQD0LVT                    SI  
            SEDFCNQD0LVT                    SE  
            SEDFCNQD0LVT                     Q  
            SEDFCNQD0LVT                     E  
            SEDFCNQD0LVT                     D  
            SEDFCNQD0LVT                    CP  
            SEDFCNQD0LVT                   CDN  
            SEDFCNQD1LVT                    SI  
            SEDFCNQD1LVT                    SE  
            SEDFCNQD1LVT                     Q  
            SEDFCNQD1LVT                     E  
            SEDFCNQD1LVT                     D  
            SEDFCNQD1LVT                    CP  
            SEDFCNQD1LVT                   CDN  
            SEDFCNQD2LVT                    SI  
            SEDFCNQD2LVT                    SE  
            SEDFCNQD2LVT                     Q  
            SEDFCNQD2LVT                     E  
            SEDFCNQD2LVT                     D  
            SEDFCNQD2LVT                    CP  
            SEDFCNQD2LVT                   CDN  
            SEDFCNQD4LVT                    SI  
            SEDFCNQD4LVT                    SE  
            SEDFCNQD4LVT                     Q  
            SEDFCNQD4LVT                     E  
            SEDFCNQD4LVT                     D  
            SEDFCNQD4LVT                    CP  
            SEDFCNQD4LVT                   CDN  
               SEDFD0LVT                    SI  
               SEDFD0LVT                    SE  
               SEDFD0LVT                    QN  
               SEDFD0LVT                     Q  
               SEDFD0LVT                     E  
               SEDFD0LVT                     D  
               SEDFD0LVT                    CP  
               SEDFD1LVT                    SI  
               SEDFD1LVT                    SE  
               SEDFD1LVT                    QN  
               SEDFD1LVT                     Q  
               SEDFD1LVT                     E  
               SEDFD1LVT                     D  
               SEDFD1LVT                    CP  
               SEDFD2LVT                    SI  
               SEDFD2LVT                    SE  
               SEDFD2LVT                    QN  
               SEDFD2LVT                     Q  
               SEDFD2LVT                     E  
               SEDFD2LVT                     D  
               SEDFD2LVT                    CP  
               SEDFD4LVT                    SI  
               SEDFD4LVT                    SE  
               SEDFD4LVT                    QN  
               SEDFD4LVT                     Q  
               SEDFD4LVT                     E  
               SEDFD4LVT                     D  
               SEDFD4LVT                    CP  
            SEDFKCND0LVT                    SI  
            SEDFKCND0LVT                    SE  
            SEDFKCND0LVT                    QN  
            SEDFKCND0LVT                     Q  
            SEDFKCND0LVT                     E  
            SEDFKCND0LVT                     D  
            SEDFKCND0LVT                    CP  
            SEDFKCND0LVT                    CN  
            SEDFKCND1LVT                    SI  
            SEDFKCND1LVT                    SE  
            SEDFKCND1LVT                    QN  
            SEDFKCND1LVT                     Q  
            SEDFKCND1LVT                     E  
            SEDFKCND1LVT                     D  
            SEDFKCND1LVT                    CP  
            SEDFKCND1LVT                    CN  
            SEDFKCND2LVT                    SI  
            SEDFKCND2LVT                    SE  
            SEDFKCND2LVT                    QN  
            SEDFKCND2LVT                     Q  
            SEDFKCND2LVT                     E  
            SEDFKCND2LVT                     D  
            SEDFKCND2LVT                    CP  
            SEDFKCND2LVT                    CN  
            SEDFKCND4LVT                    SI  
            SEDFKCND4LVT                    SE  
            SEDFKCND4LVT                    QN  
            SEDFKCND4LVT                     Q  
            SEDFKCND4LVT                     E  
            SEDFKCND4LVT                     D  
            SEDFKCND4LVT                    CP  
            SEDFKCND4LVT                    CN  
           SEDFKCNQD0LVT                    SI  
           SEDFKCNQD0LVT                    SE  
           SEDFKCNQD0LVT                     Q  
           SEDFKCNQD0LVT                     E  
           SEDFKCNQD0LVT                     D  
           SEDFKCNQD0LVT                    CP  
           SEDFKCNQD0LVT                    CN  
           SEDFKCNQD1LVT                    SI  
           SEDFKCNQD1LVT                    SE  
           SEDFKCNQD1LVT                     Q  
           SEDFKCNQD1LVT                     E  
           SEDFKCNQD1LVT                     D  
           SEDFKCNQD1LVT                    CP  
           SEDFKCNQD1LVT                    CN  
           SEDFKCNQD2LVT                    SI  
           SEDFKCNQD2LVT                    SE  
           SEDFKCNQD2LVT                     Q  
           SEDFKCNQD2LVT                     E  
           SEDFKCNQD2LVT                     D  
           SEDFKCNQD2LVT                    CP  
           SEDFKCNQD2LVT                    CN  
           SEDFKCNQD4LVT                    SI  
           SEDFKCNQD4LVT                    SE  
           SEDFKCNQD4LVT                     Q  
           SEDFKCNQD4LVT                     E  
           SEDFKCNQD4LVT                     D  
           SEDFKCNQD4LVT                    CP  
           SEDFKCNQD4LVT                    CN  
              SEDFQD0LVT                    SI  
              SEDFQD0LVT                    SE  
              SEDFQD0LVT                     Q  
              SEDFQD0LVT                     E  
              SEDFQD0LVT                     D  
              SEDFQD0LVT                    CP  
              SEDFQD1LVT                    SI  
              SEDFQD1LVT                    SE  
              SEDFQD1LVT                     Q  
              SEDFQD1LVT                     E  
              SEDFQD1LVT                     D  
              SEDFQD1LVT                    CP  
              SEDFQD2LVT                    SI  
              SEDFQD2LVT                    SE  
              SEDFQD2LVT                     Q  
              SEDFQD2LVT                     E  
              SEDFQD2LVT                     D  
              SEDFQD2LVT                    CP  
              SEDFQD4LVT                    SI  
              SEDFQD4LVT                    SE  
              SEDFQD4LVT                     Q  
              SEDFQD4LVT                     E  
              SEDFQD4LVT                     D  
              SEDFQD4LVT                    CP  
             SEDFQND0LVT                    SI  
             SEDFQND0LVT                    SE  
             SEDFQND0LVT                    QN  
             SEDFQND0LVT                     E  
             SEDFQND0LVT                     D  
             SEDFQND0LVT                    CP  
             SEDFQND1LVT                    SI  
             SEDFQND1LVT                    SE  
             SEDFQND1LVT                    QN  
             SEDFQND1LVT                     E  
             SEDFQND1LVT                     D  
             SEDFQND1LVT                    CP  
             SEDFQND2LVT                    SI  
             SEDFQND2LVT                    SE  
             SEDFQND2LVT                    QN  
             SEDFQND2LVT                     E  
             SEDFQND2LVT                     D  
             SEDFQND2LVT                    CP  
             SEDFQND4LVT                    SI  
             SEDFQND4LVT                    SE  
             SEDFQND4LVT                    QN  
             SEDFQND4LVT                     E  
             SEDFQND4LVT                     D  
             SEDFQND4LVT                    CP  
            SEDFQNXD0LVT                    SI  
            SEDFQNXD0LVT                    SE  
            SEDFQNXD0LVT                    QN  
            SEDFQNXD0LVT                     E  
            SEDFQNXD0LVT                     D  
            SEDFQNXD0LVT                    CP  
            SEDFQNXD1LVT                    SI  
            SEDFQNXD1LVT                    SE  
            SEDFQNXD1LVT                    QN  
            SEDFQNXD1LVT                     E  
            SEDFQNXD1LVT                     D  
            SEDFQNXD1LVT                    CP  
            SEDFQNXD2LVT                    SI  
            SEDFQNXD2LVT                    SE  
            SEDFQNXD2LVT                    QN  
            SEDFQNXD2LVT                     E  
            SEDFQNXD2LVT                     D  
            SEDFQNXD2LVT                    CP  
            SEDFQNXD4LVT                    SI  
            SEDFQNXD4LVT                    SE  
            SEDFQNXD4LVT                    QN  
            SEDFQNXD4LVT                     E  
            SEDFQNXD4LVT                     D  
            SEDFQNXD4LVT                    CP  
             SEDFQXD0LVT                    SI  
             SEDFQXD0LVT                    SE  
             SEDFQXD0LVT                     Q  
             SEDFQXD0LVT                     E  
             SEDFQXD0LVT                     D  
             SEDFQXD0LVT                    CP  
             SEDFQXD1LVT                    SI  
             SEDFQXD1LVT                    SE  
             SEDFQXD1LVT                     Q  
             SEDFQXD1LVT                     E  
             SEDFQXD1LVT                     D  
             SEDFQXD1LVT                    CP  
             SEDFQXD2LVT                    SI  
             SEDFQXD2LVT                    SE  
             SEDFQXD2LVT                     Q  
             SEDFQXD2LVT                     E  
             SEDFQXD2LVT                     D  
             SEDFQXD2LVT                    CP  
             SEDFQXD4LVT                    SI  
             SEDFQXD4LVT                    SE  
             SEDFQXD4LVT                     Q  
             SEDFQXD4LVT                     E  
             SEDFQXD4LVT                     D  
             SEDFQXD4LVT                    CP  
              SEDFXD0LVT                    SI  
              SEDFXD0LVT                    SE  
              SEDFXD0LVT                    QN  
              SEDFXD0LVT                     Q  
              SEDFXD0LVT                     E  
              SEDFXD0LVT                     D  
              SEDFXD0LVT                    CP  
              SEDFXD1LVT                    SI  
              SEDFXD1LVT                    SE  
              SEDFXD1LVT                    QN  
              SEDFXD1LVT                     Q  
              SEDFXD1LVT                     E  
              SEDFXD1LVT                     D  
              SEDFXD1LVT                    CP  
              SEDFXD2LVT                    SI  
              SEDFXD2LVT                    SE  
              SEDFXD2LVT                    QN  
              SEDFXD2LVT                     Q  
              SEDFXD2LVT                     E  
              SEDFXD2LVT                     D  
              SEDFXD2LVT                    CP  
              SEDFXD4LVT                    SI  
              SEDFXD4LVT                    SE  
              SEDFXD4LVT                    QN  
              SEDFXD4LVT                     Q  
              SEDFXD4LVT                     E  
              SEDFXD4LVT                     D  
              SEDFXD4LVT                    CP  
                 TIEHLVT                     Z  
                 TIELLVT                    ZN  
               XNR2D0LVT                    ZN  
               XNR2D0LVT                    A2  
               XNR2D0LVT                    A1  
               XNR2D1LVT                    ZN  
               XNR2D1LVT                    A2  
               XNR2D1LVT                    A1  
               XNR2D2LVT                    ZN  
               XNR2D2LVT                    A2  
               XNR2D2LVT                    A1  
               XNR2D4LVT                    ZN  
               XNR2D4LVT                    A2  
               XNR2D4LVT                    A1  
               XNR3D0LVT                    ZN  
               XNR3D0LVT                    A3  
               XNR3D0LVT                    A2  
               XNR3D0LVT                    A1  
               XNR3D1LVT                    ZN  
               XNR3D1LVT                    A3  
               XNR3D1LVT                    A2  
               XNR3D1LVT                    A1  
               XNR3D2LVT                    ZN  
               XNR3D2LVT                    A3  
               XNR3D2LVT                    A2  
               XNR3D2LVT                    A1  
               XNR3D4LVT                    ZN  
               XNR3D4LVT                    A3  
               XNR3D4LVT                    A2  
               XNR3D4LVT                    A1  
               XNR4D0LVT                    ZN  
               XNR4D0LVT                    A4  
               XNR4D0LVT                    A3  
               XNR4D0LVT                    A2  
               XNR4D0LVT                    A1  
               XNR4D1LVT                    ZN  
               XNR4D1LVT                    A4  
               XNR4D1LVT                    A3  
               XNR4D1LVT                    A2  
               XNR4D1LVT                    A1  
               XNR4D2LVT                    ZN  
               XNR4D2LVT                    A4  
               XNR4D2LVT                    A3  
               XNR4D2LVT                    A2  
               XNR4D2LVT                    A1  
               XNR4D4LVT                    ZN  
               XNR4D4LVT                    A4  
               XNR4D4LVT                    A3  
               XNR4D4LVT                    A2  
               XNR4D4LVT                    A1  
               XOR2D0LVT                     Z  
               XOR2D0LVT                    A2  
               XOR2D0LVT                    A1  
               XOR2D1LVT                     Z  
               XOR2D1LVT                    A2  
               XOR2D1LVT                    A1  
               XOR2D2LVT                     Z  
               XOR2D2LVT                    A2  
               XOR2D2LVT                    A1  
               XOR2D4LVT                     Z  
               XOR2D4LVT                    A2  
               XOR2D4LVT                    A1  
               XOR3D0LVT                     Z  
               XOR3D0LVT                    A3  
               XOR3D0LVT                    A2  
               XOR3D0LVT                    A1  
               XOR3D1LVT                     Z  
               XOR3D1LVT                    A3  
               XOR3D1LVT                    A2  
               XOR3D1LVT                    A1  
               XOR3D2LVT                     Z  
               XOR3D2LVT                    A3  
               XOR3D2LVT                    A2  
               XOR3D2LVT                    A1  
               XOR3D4LVT                     Z  
               XOR3D4LVT                    A3  
               XOR3D4LVT                    A2  
               XOR3D4LVT                    A1  
               XOR4D0LVT                     Z  
               XOR4D0LVT                    A4  
               XOR4D0LVT                    A3  
               XOR4D0LVT                    A2  
               XOR4D0LVT                    A1  
               XOR4D1LVT                     Z  
               XOR4D1LVT                    A4  
               XOR4D1LVT                    A3  
               XOR4D1LVT                    A2  
               XOR4D1LVT                    A1  
               XOR4D2LVT                     Z  
               XOR4D2LVT                    A4  
               XOR4D2LVT                    A3  
               XOR4D2LVT                    A2  
               XOR4D2LVT                    A1  
               XOR4D4LVT                     Z  
               XOR4D4LVT                    A4  
               XOR4D4LVT                    A3  
               XOR4D4LVT                    A2  
               XOR4D4LVT                    A1  
                AN2D0HVT                     Z  
                AN2D0HVT                    A2  
                AN2D0HVT                    A1  
                AN2D1HVT                     Z  
                AN2D1HVT                    A2  
                AN2D1HVT                    A1  
                AN2D2HVT                     Z  
                AN2D2HVT                    A2  
                AN2D2HVT                    A1  
                AN2D4HVT                     Z  
                AN2D4HVT                    A2  
                AN2D4HVT                    A1  
                AN2D8HVT                     Z  
                AN2D8HVT                    A2  
                AN2D8HVT                    A1  
               AN2XD1HVT                     Z  
               AN2XD1HVT                    A2  
               AN2XD1HVT                    A1  
                AN3D0HVT                     Z  
                AN3D0HVT                    A3  
                AN3D0HVT                    A2  
                AN3D0HVT                    A1  
                AN3D1HVT                     Z  
                AN3D1HVT                    A3  
                AN3D1HVT                    A2  
                AN3D1HVT                    A1  
                AN3D2HVT                     Z  
                AN3D2HVT                    A3  
                AN3D2HVT                    A2  
                AN3D2HVT                    A1  
                AN3D4HVT                     Z  
                AN3D4HVT                    A3  
                AN3D4HVT                    A2  
                AN3D4HVT                    A1  
                AN3D8HVT                     Z  
                AN3D8HVT                    A3  
                AN3D8HVT                    A2  
                AN3D8HVT                    A1  
               AN3XD1HVT                     Z  
               AN3XD1HVT                    A3  
               AN3XD1HVT                    A2  
               AN3XD1HVT                    A1  
                AN4D0HVT                     Z  
                AN4D0HVT                    A4  
                AN4D0HVT                    A3  
                AN4D0HVT                    A2  
                AN4D0HVT                    A1  
                AN4D1HVT                     Z  
                AN4D1HVT                    A4  
                AN4D1HVT                    A3  
                AN4D1HVT                    A2  
                AN4D1HVT                    A1  
                AN4D2HVT                     Z  
                AN4D2HVT                    A4  
                AN4D2HVT                    A3  
                AN4D2HVT                    A2  
                AN4D2HVT                    A1  
                AN4D4HVT                     Z  
                AN4D4HVT                    A4  
                AN4D4HVT                    A3  
                AN4D4HVT                    A2  
                AN4D4HVT                    A1  
                AN4D8HVT                     Z  
                AN4D8HVT                    A4  
                AN4D8HVT                    A3  
                AN4D8HVT                    A2  
                AN4D8HVT                    A1  
               AN4XD1HVT                     Z  
               AN4XD1HVT                    A4  
               AN4XD1HVT                    A3  
               AN4XD1HVT                    A2  
               AN4XD1HVT                    A1  
              ANTENNAHVT                     I  
              AO211D0HVT                     Z  
              AO211D0HVT                     C  
              AO211D0HVT                     B  
              AO211D0HVT                    A2  
              AO211D0HVT                    A1  
              AO211D1HVT                     Z  
              AO211D1HVT                     C  
              AO211D1HVT                     B  
              AO211D1HVT                    A2  
              AO211D1HVT                    A1  
              AO211D2HVT                     Z  
              AO211D2HVT                     C  
              AO211D2HVT                     B  
              AO211D2HVT                    A2  
              AO211D2HVT                    A1  
              AO211D4HVT                     Z  
              AO211D4HVT                     C  
              AO211D4HVT                     B  
              AO211D4HVT                    A2  
              AO211D4HVT                    A1  
               AO21D0HVT                     Z  
               AO21D0HVT                     B  
               AO21D0HVT                    A2  
               AO21D0HVT                    A1  
               AO21D1HVT                     Z  
               AO21D1HVT                     B  
               AO21D1HVT                    A2  
               AO21D1HVT                    A1  
               AO21D2HVT                     Z  
               AO21D2HVT                     B  
               AO21D2HVT                    A2  
               AO21D2HVT                    A1  
               AO21D4HVT                     Z  
               AO21D4HVT                     B  
               AO21D4HVT                    A2  
               AO21D4HVT                    A1  
              AO221D0HVT                     Z  
              AO221D0HVT                     C  
              AO221D0HVT                    B2  
              AO221D0HVT                    B1  
              AO221D0HVT                    A2  
              AO221D0HVT                    A1  
              AO221D1HVT                     Z  
              AO221D1HVT                     C  
              AO221D1HVT                    B2  
              AO221D1HVT                    B1  
              AO221D1HVT                    A2  
              AO221D1HVT                    A1  
              AO221D2HVT                     Z  
              AO221D2HVT                     C  
              AO221D2HVT                    B2  
              AO221D2HVT                    B1  
              AO221D2HVT                    A2  
              AO221D2HVT                    A1  
              AO221D4HVT                     Z  
              AO221D4HVT                     C  
              AO221D4HVT                    B2  
              AO221D4HVT                    B1  
              AO221D4HVT                    A2  
              AO221D4HVT                    A1  
              AO222D0HVT                     Z  
              AO222D0HVT                    C2  
              AO222D0HVT                    C1  
              AO222D0HVT                    B2  
              AO222D0HVT                    B1  
              AO222D0HVT                    A2  
              AO222D0HVT                    A1  
              AO222D1HVT                     Z  
              AO222D1HVT                    C2  
              AO222D1HVT                    C1  
              AO222D1HVT                    B2  
              AO222D1HVT                    B1  
              AO222D1HVT                    A2  
              AO222D1HVT                    A1  
              AO222D2HVT                     Z  
              AO222D2HVT                    C2  
              AO222D2HVT                    C1  
              AO222D2HVT                    B2  
              AO222D2HVT                    B1  
              AO222D2HVT                    A2  
              AO222D2HVT                    A1  
              AO222D4HVT                     Z  
              AO222D4HVT                    C2  
              AO222D4HVT                    C1  
              AO222D4HVT                    B2  
              AO222D4HVT                    B1  
              AO222D4HVT                    A2  
              AO222D4HVT                    A1  
               AO22D0HVT                     Z  
               AO22D0HVT                    B2  
               AO22D0HVT                    B1  
               AO22D0HVT                    A2  
               AO22D0HVT                    A1  
               AO22D1HVT                     Z  
               AO22D1HVT                    B2  
               AO22D1HVT                    B1  
               AO22D1HVT                    A2  
               AO22D1HVT                    A1  
               AO22D2HVT                     Z  
               AO22D2HVT                    B2  
               AO22D2HVT                    B1  
               AO22D2HVT                    A2  
               AO22D2HVT                    A1  
               AO22D4HVT                     Z  
               AO22D4HVT                    B2  
               AO22D4HVT                    B1  
               AO22D4HVT                    A2  
               AO22D4HVT                    A1  
               AO31D0HVT                     Z  
               AO31D0HVT                     B  
               AO31D0HVT                    A3  
               AO31D0HVT                    A2  
               AO31D0HVT                    A1  
               AO31D1HVT                     Z  
               AO31D1HVT                     B  
               AO31D1HVT                    A3  
               AO31D1HVT                    A2  
               AO31D1HVT                    A1  
               AO31D2HVT                     Z  
               AO31D2HVT                     B  
               AO31D2HVT                    A3  
               AO31D2HVT                    A2  
               AO31D2HVT                    A1  
               AO31D4HVT                     Z  
               AO31D4HVT                     B  
               AO31D4HVT                    A3  
               AO31D4HVT                    A2  
               AO31D4HVT                    A1  
               AO32D0HVT                     Z  
               AO32D0HVT                    B2  
               AO32D0HVT                    B1  
               AO32D0HVT                    A3  
               AO32D0HVT                    A2  
               AO32D0HVT                    A1  
               AO32D1HVT                     Z  
               AO32D1HVT                    B2  
               AO32D1HVT                    B1  
               AO32D1HVT                    A3  
               AO32D1HVT                    A2  
               AO32D1HVT                    A1  
               AO32D2HVT                     Z  
               AO32D2HVT                    B2  
               AO32D2HVT                    B1  
               AO32D2HVT                    A3  
               AO32D2HVT                    A2  
               AO32D2HVT                    A1  
               AO32D4HVT                     Z  
               AO32D4HVT                    B2  
               AO32D4HVT                    B1  
               AO32D4HVT                    A3  
               AO32D4HVT                    A2  
               AO32D4HVT                    A1  
               AO33D0HVT                     Z  
               AO33D0HVT                    B3  
               AO33D0HVT                    B2  
               AO33D0HVT                    B1  
               AO33D0HVT                    A3  
               AO33D0HVT                    A2  
               AO33D0HVT                    A1  
               AO33D1HVT                     Z  
               AO33D1HVT                    B3  
               AO33D1HVT                    B2  
               AO33D1HVT                    B1  
               AO33D1HVT                    A3  
               AO33D1HVT                    A2  
               AO33D1HVT                    A1  
               AO33D2HVT                     Z  
               AO33D2HVT                    B3  
               AO33D2HVT                    B2  
               AO33D2HVT                    B1  
               AO33D2HVT                    A3  
               AO33D2HVT                    A2  
               AO33D2HVT                    A1  
               AO33D4HVT                     Z  
               AO33D4HVT                    B3  
               AO33D4HVT                    B2  
               AO33D4HVT                    B1  
               AO33D4HVT                    A3  
               AO33D4HVT                    A2  
               AO33D4HVT                    A1  
             AOI211D0HVT                    ZN  
             AOI211D0HVT                     C  
             AOI211D0HVT                     B  
             AOI211D0HVT                    A2  
             AOI211D0HVT                    A1  
             AOI211D1HVT                    ZN  
             AOI211D1HVT                     C  
             AOI211D1HVT                     B  
             AOI211D1HVT                    A2  
             AOI211D1HVT                    A1  
             AOI211D2HVT                    ZN  
             AOI211D2HVT                     C  
             AOI211D2HVT                     B  
             AOI211D2HVT                    A2  
             AOI211D2HVT                    A1  
             AOI211D4HVT                    ZN  
             AOI211D4HVT                     C  
             AOI211D4HVT                     B  
             AOI211D4HVT                    A2  
             AOI211D4HVT                    A1  
            AOI211XD0HVT                    ZN  
            AOI211XD0HVT                     C  
            AOI211XD0HVT                     B  
            AOI211XD0HVT                    A2  
            AOI211XD0HVT                    A1  
            AOI211XD1HVT                    ZN  
            AOI211XD1HVT                     C  
            AOI211XD1HVT                     B  
            AOI211XD1HVT                    A2  
            AOI211XD1HVT                    A1  
            AOI211XD2HVT                    ZN  
            AOI211XD2HVT                     C  
            AOI211XD2HVT                     B  
            AOI211XD2HVT                    A2  
            AOI211XD2HVT                    A1  
            AOI211XD4HVT                    ZN  
            AOI211XD4HVT                     C  
            AOI211XD4HVT                     B  
            AOI211XD4HVT                    A2  
            AOI211XD4HVT                    A1  
              AOI21D0HVT                    ZN  
              AOI21D0HVT                     B  
              AOI21D0HVT                    A2  
              AOI21D0HVT                    A1  
              AOI21D1HVT                    ZN  
              AOI21D1HVT                     B  
              AOI21D1HVT                    A2  
              AOI21D1HVT                    A1  
              AOI21D2HVT                    ZN  
              AOI21D2HVT                     B  
              AOI21D2HVT                    A2  
              AOI21D2HVT                    A1  
              AOI21D4HVT                    ZN  
              AOI21D4HVT                     B  
              AOI21D4HVT                    A2  
              AOI21D4HVT                    A1  
             AOI221D0HVT                    ZN  
             AOI221D0HVT                     C  
             AOI221D0HVT                    B2  
             AOI221D0HVT                    B1  
             AOI221D0HVT                    A2  
             AOI221D0HVT                    A1  
             AOI221D1HVT                    ZN  
             AOI221D1HVT                     C  
             AOI221D1HVT                    B2  
             AOI221D1HVT                    B1  
             AOI221D1HVT                    A2  
             AOI221D1HVT                    A1  
             AOI221D2HVT                    ZN  
             AOI221D2HVT                     C  
             AOI221D2HVT                    B2  
             AOI221D2HVT                    B1  
             AOI221D2HVT                    A2  
             AOI221D2HVT                    A1  
             AOI221D4HVT                    ZN  
             AOI221D4HVT                     C  
             AOI221D4HVT                    B2  
             AOI221D4HVT                    B1  
             AOI221D4HVT                    A2  
             AOI221D4HVT                    A1  
            AOI221XD4HVT                    ZN  
            AOI221XD4HVT                     C  
            AOI221XD4HVT                    B2  
            AOI221XD4HVT                    B1  
            AOI221XD4HVT                    A2  
            AOI221XD4HVT                    A1  
             AOI222D0HVT                    ZN  
             AOI222D0HVT                    C2  
             AOI222D0HVT                    C1  
             AOI222D0HVT                    B2  
             AOI222D0HVT                    B1  
             AOI222D0HVT                    A2  
             AOI222D0HVT                    A1  
             AOI222D1HVT                    ZN  
             AOI222D1HVT                    C2  
             AOI222D1HVT                    C1  
             AOI222D1HVT                    B2  
             AOI222D1HVT                    B1  
             AOI222D1HVT                    A2  
             AOI222D1HVT                    A1  
             AOI222D2HVT                    ZN  
             AOI222D2HVT                    C2  
             AOI222D2HVT                    C1  
             AOI222D2HVT                    B2  
             AOI222D2HVT                    B1  
             AOI222D2HVT                    A2  
             AOI222D2HVT                    A1  
             AOI222D4HVT                    ZN  
             AOI222D4HVT                    C2  
             AOI222D4HVT                    C1  
             AOI222D4HVT                    B2  
             AOI222D4HVT                    B1  
             AOI222D4HVT                    A2  
             AOI222D4HVT                    A1  
            AOI222XD4HVT                    ZN  
            AOI222XD4HVT                    C2  
            AOI222XD4HVT                    C1  
            AOI222XD4HVT                    B2  
            AOI222XD4HVT                    B1  
            AOI222XD4HVT                    A2  
            AOI222XD4HVT                    A1  
              AOI22D0HVT                    ZN  
              AOI22D0HVT                    B2  
              AOI22D0HVT                    B1  
              AOI22D0HVT                    A2  
              AOI22D0HVT                    A1  
              AOI22D1HVT                    ZN  
              AOI22D1HVT                    B2  
              AOI22D1HVT                    B1  
              AOI22D1HVT                    A2  
              AOI22D1HVT                    A1  
              AOI22D2HVT                    ZN  
              AOI22D2HVT                    B2  
              AOI22D2HVT                    B1  
              AOI22D2HVT                    A2  
              AOI22D2HVT                    A1  
              AOI22D4HVT                    ZN  
              AOI22D4HVT                    B2  
              AOI22D4HVT                    B1  
              AOI22D4HVT                    A2  
              AOI22D4HVT                    A1  
              AOI31D0HVT                    ZN  
              AOI31D0HVT                     B  
              AOI31D0HVT                    A3  
              AOI31D0HVT                    A2  
              AOI31D0HVT                    A1  
              AOI31D1HVT                    ZN  
              AOI31D1HVT                     B  
              AOI31D1HVT                    A3  
              AOI31D1HVT                    A2  
              AOI31D1HVT                    A1  
              AOI31D2HVT                    ZN  
              AOI31D2HVT                     B  
              AOI31D2HVT                    A3  
              AOI31D2HVT                    A2  
              AOI31D2HVT                    A1  
              AOI31D4HVT                    ZN  
              AOI31D4HVT                     B  
              AOI31D4HVT                    A3  
              AOI31D4HVT                    A2  
              AOI31D4HVT                    A1  
              AOI32D0HVT                    ZN  
              AOI32D0HVT                    B2  
              AOI32D0HVT                    B1  
              AOI32D0HVT                    A3  
              AOI32D0HVT                    A2  
              AOI32D0HVT                    A1  
              AOI32D1HVT                    ZN  
              AOI32D1HVT                    B2  
              AOI32D1HVT                    B1  
              AOI32D1HVT                    A3  
              AOI32D1HVT                    A2  
              AOI32D1HVT                    A1  
              AOI32D2HVT                    ZN  
              AOI32D2HVT                    B2  
              AOI32D2HVT                    B1  
              AOI32D2HVT                    A3  
              AOI32D2HVT                    A2  
              AOI32D2HVT                    A1  
              AOI32D4HVT                    ZN  
              AOI32D4HVT                    B2  
              AOI32D4HVT                    B1  
              AOI32D4HVT                    A3  
              AOI32D4HVT                    A2  
              AOI32D4HVT                    A1  
             AOI32XD4HVT                    ZN  
             AOI32XD4HVT                    B2  
             AOI32XD4HVT                    B1  
             AOI32XD4HVT                    A3  
             AOI32XD4HVT                    A2  
             AOI32XD4HVT                    A1  
              AOI33D0HVT                    ZN  
              AOI33D0HVT                    B3  
              AOI33D0HVT                    B2  
              AOI33D0HVT                    B1  
              AOI33D0HVT                    A3  
              AOI33D0HVT                    A2  
              AOI33D0HVT                    A1  
              AOI33D1HVT                    ZN  
              AOI33D1HVT                    B3  
              AOI33D1HVT                    B2  
              AOI33D1HVT                    B1  
              AOI33D1HVT                    A3  
              AOI33D1HVT                    A2  
              AOI33D1HVT                    A1  
              AOI33D2HVT                    ZN  
              AOI33D2HVT                    B3  
              AOI33D2HVT                    B2  
              AOI33D2HVT                    B1  
              AOI33D2HVT                    A3  
              AOI33D2HVT                    A2  
              AOI33D2HVT                    A1  
              AOI33D4HVT                    ZN  
              AOI33D4HVT                    B3  
              AOI33D4HVT                    B2  
              AOI33D4HVT                    B1  
              AOI33D4HVT                    A3  
              AOI33D4HVT                    A2  
              AOI33D4HVT                    A1  
             AOI33XD4HVT                    ZN  
             AOI33XD4HVT                    B3  
             AOI33XD4HVT                    B2  
             AOI33XD4HVT                    B1  
             AOI33XD4HVT                    A3  
             AOI33XD4HVT                    A2  
             AOI33XD4HVT                    A1  
               BENCD1HVT                    X2  
               BENCD1HVT                     S  
               BENCD1HVT                    M2  
               BENCD1HVT                    M1  
               BENCD1HVT                    M0  
               BENCD1HVT                     A  
               BENCD2HVT                    X2  
               BENCD2HVT                     S  
               BENCD2HVT                    M2  
               BENCD2HVT                    M1  
               BENCD2HVT                    M0  
               BENCD2HVT                     A  
               BENCD4HVT                    X2  
               BENCD4HVT                     S  
               BENCD4HVT                    M2  
               BENCD4HVT                    M1  
               BENCD4HVT                    M0  
               BENCD4HVT                     A  
                  BHDHVT                     Z  
                BMLD1HVT                    X2  
                BMLD1HVT                     S  
                BMLD1HVT                    PP  
                BMLD1HVT                    M1  
                BMLD1HVT                    M0  
                BMLD1HVT                     A  
                BMLD2HVT                    X2  
                BMLD2HVT                     S  
                BMLD2HVT                    PP  
                BMLD2HVT                    M1  
                BMLD2HVT                    M0  
                BMLD2HVT                     A  
                BMLD4HVT                    X2  
                BMLD4HVT                     S  
                BMLD4HVT                    PP  
                BMLD4HVT                    M1  
                BMLD4HVT                    M0  
                BMLD4HVT                     A  
               BUFFD0HVT                     Z  
               BUFFD0HVT                     I  
              BUFFD12HVT                     Z  
              BUFFD12HVT                     I  
              BUFFD16HVT                     Z  
              BUFFD16HVT                     I  
               BUFFD1HVT                     Z  
               BUFFD1HVT                     I  
              BUFFD20HVT                     Z  
              BUFFD20HVT                     I  
              BUFFD24HVT                     Z  
              BUFFD24HVT                     I  
               BUFFD2HVT                     Z  
               BUFFD2HVT                     I  
               BUFFD3HVT                     Z  
               BUFFD3HVT                     I  
               BUFFD4HVT                     Z  
               BUFFD4HVT                     I  
               BUFFD6HVT                     Z  
               BUFFD6HVT                     I  
               BUFFD8HVT                     Z  
               BUFFD8HVT                     I  
               BUFTD0HVT                     Z  
               BUFTD0HVT                    OE  
               BUFTD0HVT                     I  
              BUFTD12HVT                     Z  
              BUFTD12HVT                    OE  
              BUFTD12HVT                     I  
              BUFTD16HVT                     Z  
              BUFTD16HVT                    OE  
              BUFTD16HVT                     I  
               BUFTD1HVT                     Z  
               BUFTD1HVT                    OE  
               BUFTD1HVT                     I  
              BUFTD20HVT                     Z  
              BUFTD20HVT                    OE  
              BUFTD20HVT                     I  
              BUFTD24HVT                     Z  
              BUFTD24HVT                    OE  
              BUFTD24HVT                     I  
               BUFTD2HVT                     Z  
               BUFTD2HVT                    OE  
               BUFTD2HVT                     I  
               BUFTD3HVT                     Z  
               BUFTD3HVT                    OE  
               BUFTD3HVT                     I  
               BUFTD4HVT                     Z  
               BUFTD4HVT                    OE  
               BUFTD4HVT                     I  
               BUFTD6HVT                     Z  
               BUFTD6HVT                    OE  
               BUFTD6HVT                     I  
               BUFTD8HVT                     Z  
               BUFTD8HVT                    OE  
               BUFTD8HVT                     I  
              CKAN2D0HVT                     Z  
              CKAN2D0HVT                    A2  
              CKAN2D0HVT                    A1  
              CKAN2D1HVT                     Z  
              CKAN2D1HVT                    A2  
              CKAN2D1HVT                    A1  
              CKAN2D2HVT                     Z  
              CKAN2D2HVT                    A2  
              CKAN2D2HVT                    A1  
              CKAN2D4HVT                     Z  
              CKAN2D4HVT                    A2  
              CKAN2D4HVT                    A1  
              CKAN2D8HVT                     Z  
              CKAN2D8HVT                    A2  
              CKAN2D8HVT                    A1  
                CKBD0HVT                     Z  
                CKBD0HVT                     I  
               CKBD12HVT                     Z  
               CKBD12HVT                     I  
               CKBD16HVT                     Z  
               CKBD16HVT                     I  
                CKBD1HVT                     Z  
                CKBD1HVT                     I  
               CKBD20HVT                     Z  
               CKBD20HVT                     I  
               CKBD24HVT                     Z  
               CKBD24HVT                     I  
                CKBD2HVT                     Z  
                CKBD2HVT                     I  
                CKBD3HVT                     Z  
                CKBD3HVT                     I  
                CKBD4HVT                     Z  
                CKBD4HVT                     I  
                CKBD6HVT                     Z  
                CKBD6HVT                     I  
                CKBD8HVT                     Z  
                CKBD8HVT                     I  
             CKLHQD12HVT                    TE  
             CKLHQD12HVT                     Q  
             CKLHQD12HVT                     E  
             CKLHQD12HVT                   CPN  
             CKLHQD16HVT                    TE  
             CKLHQD16HVT                     Q  
             CKLHQD16HVT                     E  
             CKLHQD16HVT                   CPN  
              CKLHQD1HVT                    TE  
              CKLHQD1HVT                     Q  
              CKLHQD1HVT                     E  
              CKLHQD1HVT                   CPN  
             CKLHQD20HVT                    TE  
             CKLHQD20HVT                     Q  
             CKLHQD20HVT                     E  
             CKLHQD20HVT                   CPN  
             CKLHQD24HVT                    TE  
             CKLHQD24HVT                     Q  
             CKLHQD24HVT                     E  
             CKLHQD24HVT                   CPN  
              CKLHQD2HVT                    TE  
              CKLHQD2HVT                     Q  
              CKLHQD2HVT                     E  
              CKLHQD2HVT                   CPN  
              CKLHQD3HVT                    TE  
              CKLHQD3HVT                     Q  
              CKLHQD3HVT                     E  
              CKLHQD3HVT                   CPN  
              CKLHQD4HVT                    TE  
              CKLHQD4HVT                     Q  
              CKLHQD4HVT                     E  
              CKLHQD4HVT                   CPN  
              CKLHQD6HVT                    TE  
              CKLHQD6HVT                     Q  
              CKLHQD6HVT                     E  
              CKLHQD6HVT                   CPN  
              CKLHQD8HVT                    TE  
              CKLHQD8HVT                     Q  
              CKLHQD8HVT                     E  
              CKLHQD8HVT                   CPN  
             CKLNQD12HVT                    TE  
             CKLNQD12HVT                     Q  
             CKLNQD12HVT                     E  
             CKLNQD12HVT                    CP  
             CKLNQD16HVT                    TE  
             CKLNQD16HVT                     Q  
             CKLNQD16HVT                     E  
             CKLNQD16HVT                    CP  
              CKLNQD1HVT                    TE  
              CKLNQD1HVT                     Q  
              CKLNQD1HVT                     E  
              CKLNQD1HVT                    CP  
             CKLNQD20HVT                    TE  
             CKLNQD20HVT                     Q  
             CKLNQD20HVT                     E  
             CKLNQD20HVT                    CP  
             CKLNQD24HVT                    TE  
             CKLNQD24HVT                     Q  
             CKLNQD24HVT                     E  
             CKLNQD24HVT                    CP  
              CKLNQD2HVT                    TE  
              CKLNQD2HVT                     Q  
              CKLNQD2HVT                     E  
              CKLNQD2HVT                    CP  
              CKLNQD3HVT                    TE  
              CKLNQD3HVT                     Q  
              CKLNQD3HVT                     E  
              CKLNQD3HVT                    CP  
              CKLNQD4HVT                    TE  
              CKLNQD4HVT                     Q  
              CKLNQD4HVT                     E  
              CKLNQD4HVT                    CP  
              CKLNQD6HVT                    TE  
              CKLNQD6HVT                     Q  
              CKLNQD6HVT                     E  
              CKLNQD6HVT                    CP  
              CKLNQD8HVT                    TE  
              CKLNQD8HVT                     Q  
              CKLNQD8HVT                     E  
              CKLNQD8HVT                    CP  
             CKMUX2D0HVT                     Z  
             CKMUX2D0HVT                     S  
             CKMUX2D0HVT                    I1  
             CKMUX2D0HVT                    I0  
             CKMUX2D1HVT                     Z  
             CKMUX2D1HVT                     S  
             CKMUX2D1HVT                    I1  
             CKMUX2D1HVT                    I0  
             CKMUX2D2HVT                     Z  
             CKMUX2D2HVT                     S  
             CKMUX2D2HVT                    I1  
             CKMUX2D2HVT                    I0  
             CKMUX2D4HVT                     Z  
             CKMUX2D4HVT                     S  
             CKMUX2D4HVT                    I1  
             CKMUX2D4HVT                    I0  
                CKND0HVT                    ZN  
                CKND0HVT                     I  
               CKND12HVT                    ZN  
               CKND12HVT                     I  
               CKND16HVT                    ZN  
               CKND16HVT                     I  
                CKND1HVT                    ZN  
                CKND1HVT                     I  
               CKND20HVT                    ZN  
               CKND20HVT                     I  
               CKND24HVT                    ZN  
               CKND24HVT                     I  
              CKND2D0HVT                    ZN  
              CKND2D0HVT                    A2  
              CKND2D0HVT                    A1  
              CKND2D1HVT                    ZN  
              CKND2D1HVT                    A2  
              CKND2D1HVT                    A1  
              CKND2D2HVT                    ZN  
              CKND2D2HVT                    A2  
              CKND2D2HVT                    A1  
              CKND2D3HVT                    ZN  
              CKND2D3HVT                    A2  
              CKND2D3HVT                    A1  
              CKND2D4HVT                    ZN  
              CKND2D4HVT                    A2  
              CKND2D4HVT                    A1  
              CKND2D8HVT                    ZN  
              CKND2D8HVT                    A2  
              CKND2D8HVT                    A1  
                CKND2HVT                    ZN  
                CKND2HVT                     I  
                CKND3HVT                    ZN  
                CKND3HVT                     I  
                CKND4HVT                    ZN  
                CKND4HVT                     I  
                CKND6HVT                    ZN  
                CKND6HVT                     I  
                CKND8HVT                    ZN  
                CKND8HVT                     I  
             CKXOR2D0HVT                     Z  
             CKXOR2D0HVT                    A2  
             CKXOR2D0HVT                    A1  
             CKXOR2D1HVT                     Z  
             CKXOR2D1HVT                    A2  
             CKXOR2D1HVT                    A1  
             CKXOR2D2HVT                     Z  
             CKXOR2D2HVT                    A2  
             CKXOR2D2HVT                    A1  
             CKXOR2D4HVT                     Z  
             CKXOR2D4HVT                    A2  
             CKXOR2D4HVT                    A1  
             CMPE42D1HVT                     S  
             CMPE42D1HVT                     D  
             CMPE42D1HVT                   COX  
             CMPE42D1HVT                    CO  
             CMPE42D1HVT                   CIX  
             CMPE42D1HVT                     C  
             CMPE42D1HVT                     B  
             CMPE42D1HVT                     A  
             CMPE42D2HVT                     S  
             CMPE42D2HVT                     D  
             CMPE42D2HVT                   COX  
             CMPE42D2HVT                    CO  
             CMPE42D2HVT                   CIX  
             CMPE42D2HVT                     C  
             CMPE42D2HVT                     B  
             CMPE42D2HVT                     A  
               DEL005HVT                     Z  
               DEL005HVT                     I  
               DEL015HVT                     Z  
               DEL015HVT                     I  
                DEL01HVT                     Z  
                DEL01HVT                     I  
                DEL02HVT                     Z  
                DEL02HVT                     I  
                 DEL0HVT                     Z  
                 DEL0HVT                     I  
                 DEL1HVT                     Z  
                 DEL1HVT                     I  
                 DEL2HVT                     Z  
                 DEL2HVT                     I  
                 DEL3HVT                     Z  
                 DEL3HVT                     I  
                 DEL4HVT                     Z  
                 DEL4HVT                     I  
               DFCND1HVT                    QN  
               DFCND1HVT                     Q  
               DFCND1HVT                     D  
               DFCND1HVT                    CP  
               DFCND1HVT                   CDN  
               DFCND2HVT                    QN  
               DFCND2HVT                     Q  
               DFCND2HVT                     D  
               DFCND2HVT                    CP  
               DFCND2HVT                   CDN  
               DFCND4HVT                    QN  
               DFCND4HVT                     Q  
               DFCND4HVT                     D  
               DFCND4HVT                    CP  
               DFCND4HVT                   CDN  
              DFCNQD1HVT                     Q  
              DFCNQD1HVT                     D  
              DFCNQD1HVT                    CP  
              DFCNQD1HVT                   CDN  
              DFCNQD2HVT                     Q  
              DFCNQD2HVT                     D  
              DFCNQD2HVT                    CP  
              DFCNQD2HVT                   CDN  
              DFCNQD4HVT                     Q  
              DFCNQD4HVT                     D  
              DFCNQD4HVT                    CP  
              DFCNQD4HVT                   CDN  
              DFCSND1HVT                   SDN  
              DFCSND1HVT                    QN  
              DFCSND1HVT                     Q  
              DFCSND1HVT                     D  
              DFCSND1HVT                    CP  
              DFCSND1HVT                   CDN  
              DFCSND2HVT                   SDN  
              DFCSND2HVT                    QN  
              DFCSND2HVT                     Q  
              DFCSND2HVT                     D  
              DFCSND2HVT                    CP  
              DFCSND2HVT                   CDN  
              DFCSND4HVT                   SDN  
              DFCSND4HVT                    QN  
              DFCSND4HVT                     Q  
              DFCSND4HVT                     D  
              DFCSND4HVT                    CP  
              DFCSND4HVT                   CDN  
             DFCSNQD1HVT                   SDN  
             DFCSNQD1HVT                     Q  
             DFCSNQD1HVT                     D  
             DFCSNQD1HVT                    CP  
             DFCSNQD1HVT                   CDN  
             DFCSNQD2HVT                   SDN  
             DFCSNQD2HVT                     Q  
             DFCSNQD2HVT                     D  
             DFCSNQD2HVT                    CP  
             DFCSNQD2HVT                   CDN  
             DFCSNQD4HVT                   SDN  
             DFCSNQD4HVT                     Q  
             DFCSNQD4HVT                     D  
             DFCSNQD4HVT                    CP  
             DFCSNQD4HVT                   CDN  
                 DFD1HVT                    QN  
                 DFD1HVT                     Q  
                 DFD1HVT                     D  
                 DFD1HVT                    CP  
                 DFD2HVT                    QN  
                 DFD2HVT                     Q  
                 DFD2HVT                     D  
                 DFD2HVT                    CP  
                 DFD4HVT                    QN  
                 DFD4HVT                     Q  
                 DFD4HVT                     D  
                 DFD4HVT                    CP  
              DFKCND1HVT                    QN  
              DFKCND1HVT                     Q  
              DFKCND1HVT                     D  
              DFKCND1HVT                    CP  
              DFKCND1HVT                    CN  
              DFKCND2HVT                    QN  
              DFKCND2HVT                     Q  
              DFKCND2HVT                     D  
              DFKCND2HVT                    CP  
              DFKCND2HVT                    CN  
              DFKCND4HVT                    QN  
              DFKCND4HVT                     Q  
              DFKCND4HVT                     D  
              DFKCND4HVT                    CP  
              DFKCND4HVT                    CN  
             DFKCNQD1HVT                     Q  
             DFKCNQD1HVT                     D  
             DFKCNQD1HVT                    CP  
             DFKCNQD1HVT                    CN  
             DFKCNQD2HVT                     Q  
             DFKCNQD2HVT                     D  
             DFKCNQD2HVT                    CP  
             DFKCNQD2HVT                    CN  
             DFKCNQD4HVT                     Q  
             DFKCNQD4HVT                     D  
             DFKCNQD4HVT                    CP  
             DFKCNQD4HVT                    CN  
             DFKCSND1HVT                    SN  
             DFKCSND1HVT                    QN  
             DFKCSND1HVT                     Q  
             DFKCSND1HVT                     D  
             DFKCSND1HVT                    CP  
             DFKCSND1HVT                    CN  
             DFKCSND2HVT                    SN  
             DFKCSND2HVT                    QN  
             DFKCSND2HVT                     Q  
             DFKCSND2HVT                     D  
             DFKCSND2HVT                    CP  
             DFKCSND2HVT                    CN  
             DFKCSND4HVT                    SN  
             DFKCSND4HVT                    QN  
             DFKCSND4HVT                     Q  
             DFKCSND4HVT                     D  
             DFKCSND4HVT                    CP  
             DFKCSND4HVT                    CN  
              DFKSND1HVT                    SN  
              DFKSND1HVT                    QN  
              DFKSND1HVT                     Q  
              DFKSND1HVT                     D  
              DFKSND1HVT                    CP  
              DFKSND2HVT                    SN  
              DFKSND2HVT                    QN  
              DFKSND2HVT                     Q  
              DFKSND2HVT                     D  
              DFKSND2HVT                    CP  
              DFKSND4HVT                    SN  
              DFKSND4HVT                    QN  
              DFKSND4HVT                     Q  
              DFKSND4HVT                     D  
              DFKSND4HVT                    CP  
              DFNCND1HVT                    QN  
              DFNCND1HVT                     Q  
              DFNCND1HVT                     D  
              DFNCND1HVT                   CPN  
              DFNCND1HVT                   CDN  
              DFNCND2HVT                    QN  
              DFNCND2HVT                     Q  
              DFNCND2HVT                     D  
              DFNCND2HVT                   CPN  
              DFNCND2HVT                   CDN  
              DFNCND4HVT                    QN  
              DFNCND4HVT                     Q  
              DFNCND4HVT                     D  
              DFNCND4HVT                   CPN  
              DFNCND4HVT                   CDN  
             DFNCSND1HVT                   SDN  
             DFNCSND1HVT                    QN  
             DFNCSND1HVT                     Q  
             DFNCSND1HVT                     D  
             DFNCSND1HVT                   CPN  
             DFNCSND1HVT                   CDN  
             DFNCSND2HVT                   SDN  
             DFNCSND2HVT                    QN  
             DFNCSND2HVT                     Q  
             DFNCSND2HVT                     D  
             DFNCSND2HVT                   CPN  
             DFNCSND2HVT                   CDN  
             DFNCSND4HVT                   SDN  
             DFNCSND4HVT                    QN  
             DFNCSND4HVT                     Q  
             DFNCSND4HVT                     D  
             DFNCSND4HVT                   CPN  
             DFNCSND4HVT                   CDN  
                DFND1HVT                    QN  
                DFND1HVT                     Q  
                DFND1HVT                     D  
                DFND1HVT                   CPN  
                DFND2HVT                    QN  
                DFND2HVT                     Q  
                DFND2HVT                     D  
                DFND2HVT                   CPN  
                DFND4HVT                    QN  
                DFND4HVT                     Q  
                DFND4HVT                     D  
                DFND4HVT                   CPN  
              DFNSND1HVT                   SDN  
              DFNSND1HVT                    QN  
              DFNSND1HVT                     Q  
              DFNSND1HVT                     D  
              DFNSND1HVT                   CPN  
              DFNSND2HVT                   SDN  
              DFNSND2HVT                    QN  
              DFNSND2HVT                     Q  
              DFNSND2HVT                     D  
              DFNSND2HVT                   CPN  
              DFNSND4HVT                   SDN  
              DFNSND4HVT                    QN  
              DFNSND4HVT                     Q  
              DFNSND4HVT                     D  
              DFNSND4HVT                   CPN  
                DFQD1HVT                     Q  
                DFQD1HVT                     D  
                DFQD1HVT                    CP  
                DFQD2HVT                     Q  
                DFQD2HVT                     D  
                DFQD2HVT                    CP  
                DFQD4HVT                     Q  
                DFQD4HVT                     D  
                DFQD4HVT                    CP  
               DFSND1HVT                   SDN  
               DFSND1HVT                    QN  
               DFSND1HVT                     Q  
               DFSND1HVT                     D  
               DFSND1HVT                    CP  
               DFSND2HVT                   SDN  
               DFSND2HVT                    QN  
               DFSND2HVT                     Q  
               DFSND2HVT                     D  
               DFSND2HVT                    CP  
               DFSND4HVT                   SDN  
               DFSND4HVT                    QN  
               DFSND4HVT                     Q  
               DFSND4HVT                     D  
               DFSND4HVT                    CP  
              DFSNQD1HVT                   SDN  
              DFSNQD1HVT                     Q  
              DFSNQD1HVT                     D  
              DFSNQD1HVT                    CP  
              DFSNQD2HVT                   SDN  
              DFSNQD2HVT                     Q  
              DFSNQD2HVT                     D  
              DFSNQD2HVT                    CP  
              DFSNQD4HVT                   SDN  
              DFSNQD4HVT                     Q  
              DFSNQD4HVT                     D  
              DFSNQD4HVT                    CP  
                DFXD1HVT                    SA  
                DFXD1HVT                    QN  
                DFXD1HVT                     Q  
                DFXD1HVT                    DB  
                DFXD1HVT                    DA  
                DFXD1HVT                    CP  
                DFXD2HVT                    SA  
                DFXD2HVT                    QN  
                DFXD2HVT                     Q  
                DFXD2HVT                    DB  
                DFXD2HVT                    DA  
                DFXD2HVT                    CP  
                DFXD4HVT                    SA  
                DFXD4HVT                    QN  
                DFXD4HVT                     Q  
                DFXD4HVT                    DB  
                DFXD4HVT                    DA  
                DFXD4HVT                    CP  
               DFXQD1HVT                    SA  
               DFXQD1HVT                     Q  
               DFXQD1HVT                    DB  
               DFXQD1HVT                    DA  
               DFXQD1HVT                    CP  
               DFXQD2HVT                    SA  
               DFXQD2HVT                     Q  
               DFXQD2HVT                    DB  
               DFXQD2HVT                    DA  
               DFXQD2HVT                    CP  
               DFXQD4HVT                    SA  
               DFXQD4HVT                     Q  
               DFXQD4HVT                    DB  
               DFXQD4HVT                    DA  
               DFXQD4HVT                    CP  
              EDFCND1HVT                    QN  
              EDFCND1HVT                     Q  
              EDFCND1HVT                     E  
              EDFCND1HVT                     D  
              EDFCND1HVT                    CP  
              EDFCND1HVT                   CDN  
              EDFCND2HVT                    QN  
              EDFCND2HVT                     Q  
              EDFCND2HVT                     E  
              EDFCND2HVT                     D  
              EDFCND2HVT                    CP  
              EDFCND2HVT                   CDN  
              EDFCND4HVT                    QN  
              EDFCND4HVT                     Q  
              EDFCND4HVT                     E  
              EDFCND4HVT                     D  
              EDFCND4HVT                    CP  
              EDFCND4HVT                   CDN  
             EDFCNQD1HVT                     Q  
             EDFCNQD1HVT                     E  
             EDFCNQD1HVT                     D  
             EDFCNQD1HVT                    CP  
             EDFCNQD1HVT                   CDN  
             EDFCNQD2HVT                     Q  
             EDFCNQD2HVT                     E  
             EDFCNQD2HVT                     D  
             EDFCNQD2HVT                    CP  
             EDFCNQD2HVT                   CDN  
             EDFCNQD4HVT                     Q  
             EDFCNQD4HVT                     E  
             EDFCNQD4HVT                     D  
             EDFCNQD4HVT                    CP  
             EDFCNQD4HVT                   CDN  
                EDFD1HVT                    QN  
                EDFD1HVT                     Q  
                EDFD1HVT                     E  
                EDFD1HVT                     D  
                EDFD1HVT                    CP  
                EDFD2HVT                    QN  
                EDFD2HVT                     Q  
                EDFD2HVT                     E  
                EDFD2HVT                     D  
                EDFD2HVT                    CP  
                EDFD4HVT                    QN  
                EDFD4HVT                     Q  
                EDFD4HVT                     E  
                EDFD4HVT                     D  
                EDFD4HVT                    CP  
             EDFKCND1HVT                    QN  
             EDFKCND1HVT                     Q  
             EDFKCND1HVT                     E  
             EDFKCND1HVT                     D  
             EDFKCND1HVT                    CP  
             EDFKCND1HVT                    CN  
             EDFKCND2HVT                    QN  
             EDFKCND2HVT                     Q  
             EDFKCND2HVT                     E  
             EDFKCND2HVT                     D  
             EDFKCND2HVT                    CP  
             EDFKCND2HVT                    CN  
             EDFKCND4HVT                    QN  
             EDFKCND4HVT                     Q  
             EDFKCND4HVT                     E  
             EDFKCND4HVT                     D  
             EDFKCND4HVT                    CP  
             EDFKCND4HVT                    CN  
            EDFKCNQD1HVT                     Q  
            EDFKCNQD1HVT                     E  
            EDFKCNQD1HVT                     D  
            EDFKCNQD1HVT                    CP  
            EDFKCNQD1HVT                    CN  
            EDFKCNQD2HVT                     Q  
            EDFKCNQD2HVT                     E  
            EDFKCNQD2HVT                     D  
            EDFKCNQD2HVT                    CP  
            EDFKCNQD2HVT                    CN  
            EDFKCNQD4HVT                     Q  
            EDFKCNQD4HVT                     E  
            EDFKCNQD4HVT                     D  
            EDFKCNQD4HVT                    CP  
            EDFKCNQD4HVT                    CN  
               EDFQD1HVT                     Q  
               EDFQD1HVT                     E  
               EDFQD1HVT                     D  
               EDFQD1HVT                    CP  
               EDFQD2HVT                     Q  
               EDFQD2HVT                     E  
               EDFQD2HVT                     D  
               EDFQD2HVT                    CP  
               EDFQD4HVT                     Q  
               EDFQD4HVT                     E  
               EDFQD4HVT                     D  
               EDFQD4HVT                    CP  
                FA1D0HVT                     S  
                FA1D0HVT                    CO  
                FA1D0HVT                    CI  
                FA1D0HVT                     B  
                FA1D0HVT                     A  
                FA1D1HVT                     S  
                FA1D1HVT                    CO  
                FA1D1HVT                    CI  
                FA1D1HVT                     B  
                FA1D1HVT                     A  
                FA1D2HVT                     S  
                FA1D2HVT                    CO  
                FA1D2HVT                    CI  
                FA1D2HVT                     B  
                FA1D2HVT                     A  
                FA1D4HVT                     S  
                FA1D4HVT                    CO  
                FA1D4HVT                    CI  
                FA1D4HVT                     B  
                FA1D4HVT                     A  
             FCICIND1HVT                    CO  
             FCICIND1HVT                   CIN  
             FCICIND1HVT                     B  
             FCICIND1HVT                     A  
             FCICIND2HVT                    CO  
             FCICIND2HVT                   CIN  
             FCICIND2HVT                     B  
             FCICIND2HVT                     A  
             FCICOND1HVT                   CON  
             FCICOND1HVT                    CI  
             FCICOND1HVT                     B  
             FCICOND1HVT                     A  
             FCICOND2HVT                   CON  
             FCICOND2HVT                    CI  
             FCICOND2HVT                     B  
             FCICOND2HVT                     A  
            FCSICIND1HVT                     S  
            FCSICIND1HVT                    CS  
            FCSICIND1HVT                   CO1  
            FCSICIND1HVT                   CO0  
            FCSICIND1HVT                  CIN1  
            FCSICIND1HVT                  CIN0  
            FCSICIND1HVT                     B  
            FCSICIND1HVT                     A  
            FCSICIND2HVT                     S  
            FCSICIND2HVT                    CS  
            FCSICIND2HVT                   CO1  
            FCSICIND2HVT                   CO0  
            FCSICIND2HVT                  CIN1  
            FCSICIND2HVT                  CIN0  
            FCSICIND2HVT                     B  
            FCSICIND2HVT                     A  
            FCSICOND1HVT                     S  
            FCSICOND1HVT                    CS  
            FCSICOND1HVT                  CON1  
            FCSICOND1HVT                  CON0  
            FCSICOND1HVT                   CI1  
            FCSICOND1HVT                   CI0  
            FCSICOND1HVT                     B  
            FCSICOND1HVT                     A  
            FCSICOND2HVT                     S  
            FCSICOND2HVT                    CS  
            FCSICOND2HVT                  CON1  
            FCSICOND2HVT                  CON0  
            FCSICOND2HVT                   CI1  
            FCSICOND2HVT                   CI0  
            FCSICOND2HVT                     B  
            FCSICOND2HVT                     A  
              FICIND1HVT                     S  
              FICIND1HVT                    CO  
              FICIND1HVT                   CIN  
              FICIND1HVT                     B  
              FICIND1HVT                     A  
              FICIND2HVT                     S  
              FICIND2HVT                    CO  
              FICIND2HVT                   CIN  
              FICIND2HVT                     B  
              FICIND2HVT                     A  
              FICOND1HVT                     S  
              FICOND1HVT                   CON  
              FICOND1HVT                    CI  
              FICOND1HVT                     B  
              FICOND1HVT                     A  
              FICOND2HVT                     S  
              FICOND2HVT                   CON  
              FICOND2HVT                    CI  
              FICOND2HVT                     B  
              FICOND2HVT                     A  
             FIICOND1HVT                     S  
             FIICOND1HVT                  CON1  
             FIICOND1HVT                  CON0  
             FIICOND1HVT                     C  
             FIICOND1HVT                     B  
             FIICOND1HVT                     A  
             FIICOND2HVT                     S  
             FIICOND2HVT                  CON1  
             FIICOND2HVT                  CON0  
             FIICOND2HVT                     C  
             FIICOND2HVT                     B  
             FIICOND2HVT                     A  
               GAN2D1HVT                     Z  
               GAN2D1HVT                    A2  
               GAN2D1HVT                    A1  
               GAN2D2HVT                     Z  
               GAN2D2HVT                    A2  
               GAN2D2HVT                    A1  
             GAOI21D1HVT                    ZN  
             GAOI21D1HVT                     B  
             GAOI21D1HVT                    A2  
             GAOI21D1HVT                    A1  
             GAOI21D2HVT                    ZN  
             GAOI21D2HVT                     B  
             GAOI21D2HVT                    A2  
             GAOI21D2HVT                    A1  
             GAOI22D1HVT                    ZN  
             GAOI22D1HVT                    B2  
             GAOI22D1HVT                    B1  
             GAOI22D1HVT                    A2  
             GAOI22D1HVT                    A1  
              GBUFFD1HVT                     Z  
              GBUFFD1HVT                     I  
              GBUFFD2HVT                     Z  
              GBUFFD2HVT                     I  
              GBUFFD3HVT                     Z  
              GBUFFD3HVT                     I  
              GBUFFD4HVT                     Z  
              GBUFFD4HVT                     I  
              GBUFFD8HVT                     Z  
              GBUFFD8HVT                     I  
             GDFCNQD1HVT                     Q  
             GDFCNQD1HVT                     D  
             GDFCNQD1HVT                    CP  
             GDFCNQD1HVT                   CDN  
               GDFQD1HVT                     Q  
               GDFQD1HVT                     D  
               GDFQD1HVT                    CP  
               GINVD1HVT                    ZN  
               GINVD1HVT                     I  
               GINVD2HVT                    ZN  
               GINVD2HVT                     I  
               GINVD3HVT                    ZN  
               GINVD3HVT                     I  
               GINVD4HVT                    ZN  
               GINVD4HVT                     I  
               GINVD8HVT                    ZN  
               GINVD8HVT                     I  
              GMUX2D1HVT                     Z  
              GMUX2D1HVT                     S  
              GMUX2D1HVT                    I1  
              GMUX2D1HVT                    I0  
              GMUX2D2HVT                     Z  
              GMUX2D2HVT                     S  
              GMUX2D2HVT                    I1  
              GMUX2D2HVT                    I0  
             GMUX2ND1HVT                    ZN  
             GMUX2ND1HVT                     S  
             GMUX2ND1HVT                    I1  
             GMUX2ND1HVT                    I0  
             GMUX2ND2HVT                    ZN  
             GMUX2ND2HVT                     S  
             GMUX2ND2HVT                    I1  
             GMUX2ND2HVT                    I0  
               GND2D1HVT                    ZN  
               GND2D1HVT                    A2  
               GND2D1HVT                    A1  
               GND2D2HVT                    ZN  
               GND2D2HVT                    A2  
               GND2D2HVT                    A1  
               GND2D3HVT                    ZN  
               GND2D3HVT                    A2  
               GND2D3HVT                    A1  
               GND2D4HVT                    ZN  
               GND2D4HVT                    A2  
               GND2D4HVT                    A1  
               GND3D1HVT                    ZN  
               GND3D1HVT                    A3  
               GND3D1HVT                    A2  
               GND3D1HVT                    A1  
               GND3D2HVT                    ZN  
               GND3D2HVT                    A3  
               GND3D2HVT                    A2  
               GND3D2HVT                    A1  
               GNR2D1HVT                    ZN  
               GNR2D1HVT                    A2  
               GNR2D1HVT                    A1  
               GNR2D2HVT                    ZN  
               GNR2D2HVT                    A2  
               GNR2D2HVT                    A1  
               GNR3D1HVT                    ZN  
               GNR3D1HVT                    A3  
               GNR3D1HVT                    A2  
               GNR3D1HVT                    A1  
               GNR3D2HVT                    ZN  
               GNR3D2HVT                    A3  
               GNR3D2HVT                    A2  
               GNR3D2HVT                    A1  
             GOAI21D1HVT                    ZN  
             GOAI21D1HVT                     B  
             GOAI21D1HVT                    A2  
             GOAI21D1HVT                    A1  
             GOAI21D2HVT                    ZN  
             GOAI21D2HVT                     B  
             GOAI21D2HVT                    A2  
             GOAI21D2HVT                    A1  
               GOR2D1HVT                     Z  
               GOR2D1HVT                    A2  
               GOR2D1HVT                    A1  
               GOR2D2HVT                     Z  
               GOR2D2HVT                    A2  
               GOR2D2HVT                    A1  
            GSDFCNQD1HVT                    SI  
            GSDFCNQD1HVT                    SE  
            GSDFCNQD1HVT                     Q  
            GSDFCNQD1HVT                     D  
            GSDFCNQD1HVT                    CP  
            GSDFCNQD1HVT                   CDN  
                GTIEHHVT                     Z  
                GTIELHVT                    ZN  
              GXNR2D1HVT                    ZN  
              GXNR2D1HVT                    A2  
              GXNR2D1HVT                    A1  
              GXNR2D2HVT                    ZN  
              GXNR2D2HVT                    A2  
              GXNR2D2HVT                    A1  
              GXOR2D1HVT                     Z  
              GXOR2D1HVT                    A2  
              GXOR2D1HVT                    A1  
              GXOR2D2HVT                     Z  
              GXOR2D2HVT                    A2  
              GXOR2D2HVT                    A1  
                HA1D0HVT                     S  
                HA1D0HVT                    CO  
                HA1D0HVT                     B  
                HA1D0HVT                     A  
                HA1D1HVT                     S  
                HA1D1HVT                    CO  
                HA1D1HVT                     B  
                HA1D1HVT                     A  
                HA1D2HVT                     S  
                HA1D2HVT                    CO  
                HA1D2HVT                     B  
                HA1D2HVT                     A  
                HA1D4HVT                     S  
                HA1D4HVT                    CO  
                HA1D4HVT                     B  
                HA1D4HVT                     A  
            HCOSCIND1HVT                     S  
            HCOSCIND1HVT                    CS  
            HCOSCIND1HVT                    CO  
            HCOSCIND1HVT                   CIN  
            HCOSCIND1HVT                     A  
            HCOSCIND2HVT                     S  
            HCOSCIND2HVT                    CS  
            HCOSCIND2HVT                    CO  
            HCOSCIND2HVT                   CIN  
            HCOSCIND2HVT                     A  
            HCOSCOND1HVT                     S  
            HCOSCOND1HVT                    CS  
            HCOSCOND1HVT                   CON  
            HCOSCOND1HVT                    CI  
            HCOSCOND1HVT                     A  
            HCOSCOND2HVT                     S  
            HCOSCOND2HVT                    CS  
            HCOSCOND2HVT                   CON  
            HCOSCOND2HVT                    CI  
            HCOSCOND2HVT                     A  
              HICIND1HVT                     S  
              HICIND1HVT                    CO  
              HICIND1HVT                   CIN  
              HICIND1HVT                     A  
              HICIND2HVT                     S  
              HICIND2HVT                    CO  
              HICIND2HVT                   CIN  
              HICIND2HVT                     A  
              HICOND1HVT                     S  
              HICOND1HVT                   CON  
              HICOND1HVT                    CI  
              HICOND1HVT                     A  
              HICOND2HVT                     S  
              HICOND2HVT                   CON  
              HICOND2HVT                    CI  
              HICOND2HVT                     A  
              IAO21D0HVT                    ZN  
              IAO21D0HVT                     B  
              IAO21D0HVT                    A2  
              IAO21D0HVT                    A1  
              IAO21D1HVT                    ZN  
              IAO21D1HVT                     B  
              IAO21D1HVT                    A2  
              IAO21D1HVT                    A1  
              IAO21D2HVT                    ZN  
              IAO21D2HVT                     B  
              IAO21D2HVT                    A2  
              IAO21D2HVT                    A1  
              IAO21D4HVT                    ZN  
              IAO21D4HVT                     B  
              IAO21D4HVT                    A2  
              IAO21D4HVT                    A1  
              IAO22D0HVT                    ZN  
              IAO22D0HVT                    B2  
              IAO22D0HVT                    B1  
              IAO22D0HVT                    A2  
              IAO22D0HVT                    A1  
              IAO22D1HVT                    ZN  
              IAO22D1HVT                    B2  
              IAO22D1HVT                    B1  
              IAO22D1HVT                    A2  
              IAO22D1HVT                    A1  
              IAO22D2HVT                    ZN  
              IAO22D2HVT                    B2  
              IAO22D2HVT                    B1  
              IAO22D2HVT                    A2  
              IAO22D2HVT                    A1  
              IAO22D4HVT                    ZN  
              IAO22D4HVT                    B2  
              IAO22D4HVT                    B1  
              IAO22D4HVT                    A2  
              IAO22D4HVT                    A1  
              IIND4D0HVT                    ZN  
              IIND4D0HVT                    B2  
              IIND4D0HVT                    B1  
              IIND4D0HVT                    A2  
              IIND4D0HVT                    A1  
              IIND4D1HVT                    ZN  
              IIND4D1HVT                    B2  
              IIND4D1HVT                    B1  
              IIND4D1HVT                    A2  
              IIND4D1HVT                    A1  
              IIND4D2HVT                    ZN  
              IIND4D2HVT                    B2  
              IIND4D2HVT                    B1  
              IIND4D2HVT                    A2  
              IIND4D2HVT                    A1  
              IIND4D4HVT                    ZN  
              IIND4D4HVT                    B2  
              IIND4D4HVT                    B1  
              IIND4D4HVT                    A2  
              IIND4D4HVT                    A1  
              IINR4D0HVT                    ZN  
              IINR4D0HVT                    B2  
              IINR4D0HVT                    B1  
              IINR4D0HVT                    A2  
              IINR4D0HVT                    A1  
              IINR4D1HVT                    ZN  
              IINR4D1HVT                    B2  
              IINR4D1HVT                    B1  
              IINR4D1HVT                    A2  
              IINR4D1HVT                    A1  
              IINR4D2HVT                    ZN  
              IINR4D2HVT                    B2  
              IINR4D2HVT                    B1  
              IINR4D2HVT                    A2  
              IINR4D2HVT                    A1  
              IINR4D4HVT                    ZN  
              IINR4D4HVT                    B2  
              IINR4D4HVT                    B1  
              IINR4D4HVT                    A2  
              IINR4D4HVT                    A1  
               IND2D0HVT                    ZN  
               IND2D0HVT                    B1  
               IND2D0HVT                    A1  
               IND2D1HVT                    ZN  
               IND2D1HVT                    B1  
               IND2D1HVT                    A1  
               IND2D2HVT                    ZN  
               IND2D2HVT                    B1  
               IND2D2HVT                    A1  
               IND2D4HVT                    ZN  
               IND2D4HVT                    B1  
               IND2D4HVT                    A1  
               IND3D0HVT                    ZN  
               IND3D0HVT                    B2  
               IND3D0HVT                    B1  
               IND3D0HVT                    A1  
               IND3D1HVT                    ZN  
               IND3D1HVT                    B2  
               IND3D1HVT                    B1  
               IND3D1HVT                    A1  
               IND3D2HVT                    ZN  
               IND3D2HVT                    B2  
               IND3D2HVT                    B1  
               IND3D2HVT                    A1  
               IND3D4HVT                    ZN  
               IND3D4HVT                    B2  
               IND3D4HVT                    B1  
               IND3D4HVT                    A1  
               IND4D0HVT                    ZN  
               IND4D0HVT                    B3  
               IND4D0HVT                    B2  
               IND4D0HVT                    B1  
               IND4D0HVT                    A1  
               IND4D1HVT                    ZN  
               IND4D1HVT                    B3  
               IND4D1HVT                    B2  
               IND4D1HVT                    B1  
               IND4D1HVT                    A1  
               IND4D2HVT                    ZN  
               IND4D2HVT                    B3  
               IND4D2HVT                    B2  
               IND4D2HVT                    B1  
               IND4D2HVT                    A1  
               IND4D4HVT                    ZN  
               IND4D4HVT                    B3  
               IND4D4HVT                    B2  
               IND4D4HVT                    B1  
               IND4D4HVT                    A1  
               INR2D0HVT                    ZN  
               INR2D0HVT                    B1  
               INR2D0HVT                    A1  
               INR2D1HVT                    ZN  
               INR2D1HVT                    B1  
               INR2D1HVT                    A1  
               INR2D2HVT                    ZN  
               INR2D2HVT                    B1  
               INR2D2HVT                    A1  
               INR2D4HVT                    ZN  
               INR2D4HVT                    B1  
               INR2D4HVT                    A1  
              INR2XD0HVT                    ZN  
              INR2XD0HVT                    B1  
              INR2XD0HVT                    A1  
              INR2XD1HVT                    ZN  
              INR2XD1HVT                    B1  
              INR2XD1HVT                    A1  
              INR2XD2HVT                    ZN  
              INR2XD2HVT                    B1  
              INR2XD2HVT                    A1  
              INR2XD4HVT                    ZN  
              INR2XD4HVT                    B1  
              INR2XD4HVT                    A1  
               INR3D0HVT                    ZN  
               INR3D0HVT                    B2  
               INR3D0HVT                    B1  
               INR3D0HVT                    A1  
               INR3D1HVT                    ZN  
               INR3D1HVT                    B2  
               INR3D1HVT                    B1  
               INR3D1HVT                    A1  
               INR3D2HVT                    ZN  
               INR3D2HVT                    B2  
               INR3D2HVT                    B1  
               INR3D2HVT                    A1  
               INR3D4HVT                    ZN  
               INR3D4HVT                    B2  
               INR3D4HVT                    B1  
               INR3D4HVT                    A1  
               INR4D0HVT                    ZN  
               INR4D0HVT                    B3  
               INR4D0HVT                    B2  
               INR4D0HVT                    B1  
               INR4D0HVT                    A1  
               INR4D1HVT                    ZN  
               INR4D1HVT                    B3  
               INR4D1HVT                    B2  
               INR4D1HVT                    B1  
               INR4D1HVT                    A1  
               INR4D2HVT                    ZN  
               INR4D2HVT                    B3  
               INR4D2HVT                    B2  
               INR4D2HVT                    B1  
               INR4D2HVT                    A1  
               INR4D4HVT                    ZN  
               INR4D4HVT                    B3  
               INR4D4HVT                    B2  
               INR4D4HVT                    B1  
               INR4D4HVT                    A1  
                INVD0HVT                    ZN  
                INVD0HVT                     I  
               INVD12HVT                    ZN  
               INVD12HVT                     I  
               INVD16HVT                    ZN  
               INVD16HVT                     I  
                INVD1HVT                    ZN  
                INVD1HVT                     I  
               INVD20HVT                    ZN  
               INVD20HVT                     I  
               INVD24HVT                    ZN  
               INVD24HVT                     I  
                INVD2HVT                    ZN  
                INVD2HVT                     I  
                INVD3HVT                    ZN  
                INVD3HVT                     I  
                INVD4HVT                    ZN  
                INVD4HVT                     I  
                INVD6HVT                    ZN  
                INVD6HVT                     I  
                INVD8HVT                    ZN  
                INVD8HVT                     I  
              IOA21D0HVT                    ZN  
              IOA21D0HVT                     B  
              IOA21D0HVT                    A2  
              IOA21D0HVT                    A1  
              IOA21D1HVT                    ZN  
              IOA21D1HVT                     B  
              IOA21D1HVT                    A2  
              IOA21D1HVT                    A1  
              IOA21D2HVT                    ZN  
              IOA21D2HVT                     B  
              IOA21D2HVT                    A2  
              IOA21D2HVT                    A1  
              IOA21D4HVT                    ZN  
              IOA21D4HVT                     B  
              IOA21D4HVT                    A2  
              IOA21D4HVT                    A1  
              IOA22D0HVT                    ZN  
              IOA22D0HVT                    B2  
              IOA22D0HVT                    B1  
              IOA22D0HVT                    A2  
              IOA22D0HVT                    A1  
              IOA22D1HVT                    ZN  
              IOA22D1HVT                    B2  
              IOA22D1HVT                    B1  
              IOA22D1HVT                    A2  
              IOA22D1HVT                    A1  
              IOA22D2HVT                    ZN  
              IOA22D2HVT                    B2  
              IOA22D2HVT                    B1  
              IOA22D2HVT                    A2  
              IOA22D2HVT                    A1  
              IOA22D4HVT                    ZN  
              IOA22D4HVT                    B2  
              IOA22D4HVT                    B1  
              IOA22D4HVT                    A2  
              IOA22D4HVT                    A1  
              ISOHID1HVT                     I  
              ISOHID1HVT                   ISO  
              ISOHID1HVT                     Z  
              ISOHID2HVT                     I  
              ISOHID2HVT                   ISO  
              ISOHID2HVT                     Z  
              ISOHID4HVT                     I  
              ISOHID4HVT                   ISO  
              ISOHID4HVT                     Z  
              ISOHID8HVT                     I  
              ISOHID8HVT                   ISO  
              ISOHID8HVT                     Z  
              ISOLOD1HVT                     I  
              ISOLOD1HVT                   ISO  
              ISOLOD1HVT                     Z  
              ISOLOD2HVT                     I  
              ISOLOD2HVT                   ISO  
              ISOLOD2HVT                     Z  
              ISOLOD4HVT                     I  
              ISOLOD4HVT                   ISO  
              ISOLOD4HVT                     Z  
              ISOLOD8HVT                     I  
              ISOLOD8HVT                   ISO  
              ISOLOD8HVT                     Z  
               LHCND1HVT                    QN  
               LHCND1HVT                     Q  
               LHCND1HVT                     E  
               LHCND1HVT                     D  
               LHCND1HVT                   CDN  
               LHCND2HVT                    QN  
               LHCND2HVT                     Q  
               LHCND2HVT                     E  
               LHCND2HVT                     D  
               LHCND2HVT                   CDN  
               LHCND4HVT                    QN  
               LHCND4HVT                     Q  
               LHCND4HVT                     E  
               LHCND4HVT                     D  
               LHCND4HVT                   CDN  
              LHCNDD1HVT                    QN  
              LHCNDD1HVT                     Q  
              LHCNDD1HVT                     E  
              LHCNDD1HVT                     D  
              LHCNDD1HVT                   CDN  
              LHCNDD2HVT                    QN  
              LHCNDD2HVT                     Q  
              LHCNDD2HVT                     E  
              LHCNDD2HVT                     D  
              LHCNDD2HVT                   CDN  
              LHCNDD4HVT                    QN  
              LHCNDD4HVT                     Q  
              LHCNDD4HVT                     E  
              LHCNDD4HVT                     D  
              LHCNDD4HVT                   CDN  
             LHCNDQD1HVT                     Q  
             LHCNDQD1HVT                     E  
             LHCNDQD1HVT                     D  
             LHCNDQD1HVT                   CDN  
             LHCNDQD2HVT                     Q  
             LHCNDQD2HVT                     E  
             LHCNDQD2HVT                     D  
             LHCNDQD2HVT                   CDN  
             LHCNDQD4HVT                     Q  
             LHCNDQD4HVT                     E  
             LHCNDQD4HVT                     D  
             LHCNDQD4HVT                   CDN  
              LHCNQD1HVT                     Q  
              LHCNQD1HVT                     E  
              LHCNQD1HVT                     D  
              LHCNQD1HVT                   CDN  
              LHCNQD2HVT                     Q  
              LHCNQD2HVT                     E  
              LHCNQD2HVT                     D  
              LHCNQD2HVT                   CDN  
              LHCNQD4HVT                     Q  
              LHCNQD4HVT                     E  
              LHCNQD4HVT                     D  
              LHCNQD4HVT                   CDN  
              LHCSND1HVT                   SDN  
              LHCSND1HVT                    QN  
              LHCSND1HVT                     Q  
              LHCSND1HVT                     E  
              LHCSND1HVT                     D  
              LHCSND1HVT                   CDN  
              LHCSND2HVT                   SDN  
              LHCSND2HVT                    QN  
              LHCSND2HVT                     Q  
              LHCSND2HVT                     E  
              LHCSND2HVT                     D  
              LHCSND2HVT                   CDN  
              LHCSND4HVT                   SDN  
              LHCSND4HVT                    QN  
              LHCSND4HVT                     Q  
              LHCSND4HVT                     E  
              LHCSND4HVT                     D  
              LHCSND4HVT                   CDN  
             LHCSNDD1HVT                   SDN  
             LHCSNDD1HVT                    QN  
             LHCSNDD1HVT                     Q  
             LHCSNDD1HVT                     E  
             LHCSNDD1HVT                     D  
             LHCSNDD1HVT                   CDN  
             LHCSNDD2HVT                   SDN  
             LHCSNDD2HVT                    QN  
             LHCSNDD2HVT                     Q  
             LHCSNDD2HVT                     E  
             LHCSNDD2HVT                     D  
             LHCSNDD2HVT                   CDN  
             LHCSNDD4HVT                   SDN  
             LHCSNDD4HVT                    QN  
             LHCSNDD4HVT                     Q  
             LHCSNDD4HVT                     E  
             LHCSNDD4HVT                     D  
             LHCSNDD4HVT                   CDN  
            LHCSNDQD1HVT                   SDN  
            LHCSNDQD1HVT                     Q  
            LHCSNDQD1HVT                     E  
            LHCSNDQD1HVT                     D  
            LHCSNDQD1HVT                   CDN  
            LHCSNDQD2HVT                   SDN  
            LHCSNDQD2HVT                     Q  
            LHCSNDQD2HVT                     E  
            LHCSNDQD2HVT                     D  
            LHCSNDQD2HVT                   CDN  
            LHCSNDQD4HVT                   SDN  
            LHCSNDQD4HVT                     Q  
            LHCSNDQD4HVT                     E  
            LHCSNDQD4HVT                     D  
            LHCSNDQD4HVT                   CDN  
             LHCSNQD1HVT                   SDN  
             LHCSNQD1HVT                     Q  
             LHCSNQD1HVT                     E  
             LHCSNQD1HVT                     D  
             LHCSNQD1HVT                   CDN  
             LHCSNQD2HVT                   SDN  
             LHCSNQD2HVT                     Q  
             LHCSNQD2HVT                     E  
             LHCSNQD2HVT                     D  
             LHCSNQD2HVT                   CDN  
             LHCSNQD4HVT                   SDN  
             LHCSNQD4HVT                     Q  
             LHCSNQD4HVT                     E  
             LHCSNQD4HVT                     D  
             LHCSNQD4HVT                   CDN  
                 LHD1HVT                    QN  
                 LHD1HVT                     Q  
                 LHD1HVT                     E  
                 LHD1HVT                     D  
                 LHD2HVT                    QN  
                 LHD2HVT                     Q  
                 LHD2HVT                     E  
                 LHD2HVT                     D  
                 LHD4HVT                    QN  
                 LHD4HVT                     Q  
                 LHD4HVT                     E  
                 LHD4HVT                     D  
                LHQD1HVT                     Q  
                LHQD1HVT                     E  
                LHQD1HVT                     D  
                LHQD2HVT                     Q  
                LHQD2HVT                     E  
                LHQD2HVT                     D  
                LHQD4HVT                     Q  
                LHQD4HVT                     E  
                LHQD4HVT                     D  
               LHSND1HVT                   SDN  
               LHSND1HVT                    QN  
               LHSND1HVT                     Q  
               LHSND1HVT                     E  
               LHSND1HVT                     D  
               LHSND2HVT                   SDN  
               LHSND2HVT                    QN  
               LHSND2HVT                     Q  
               LHSND2HVT                     E  
               LHSND2HVT                     D  
               LHSND4HVT                   SDN  
               LHSND4HVT                    QN  
               LHSND4HVT                     Q  
               LHSND4HVT                     E  
               LHSND4HVT                     D  
              LHSNDD1HVT                   SDN  
              LHSNDD1HVT                    QN  
              LHSNDD1HVT                     Q  
              LHSNDD1HVT                     E  
              LHSNDD1HVT                     D  
              LHSNDD2HVT                   SDN  
              LHSNDD2HVT                    QN  
              LHSNDD2HVT                     Q  
              LHSNDD2HVT                     E  
              LHSNDD2HVT                     D  
              LHSNDD4HVT                   SDN  
              LHSNDD4HVT                    QN  
              LHSNDD4HVT                     Q  
              LHSNDD4HVT                     E  
              LHSNDD4HVT                     D  
             LHSNDQD1HVT                   SDN  
             LHSNDQD1HVT                     Q  
             LHSNDQD1HVT                     E  
             LHSNDQD1HVT                     D  
             LHSNDQD2HVT                   SDN  
             LHSNDQD2HVT                     Q  
             LHSNDQD2HVT                     E  
             LHSNDQD2HVT                     D  
             LHSNDQD4HVT                   SDN  
             LHSNDQD4HVT                     Q  
             LHSNDQD4HVT                     E  
             LHSNDQD4HVT                     D  
              LHSNQD1HVT                   SDN  
              LHSNQD1HVT                     Q  
              LHSNQD1HVT                     E  
              LHSNQD1HVT                     D  
              LHSNQD2HVT                   SDN  
              LHSNQD2HVT                     Q  
              LHSNQD2HVT                     E  
              LHSNQD2HVT                     D  
              LHSNQD4HVT                   SDN  
              LHSNQD4HVT                     Q  
              LHSNQD4HVT                     E  
              LHSNQD4HVT                     D  
               LNCND1HVT                    QN  
               LNCND1HVT                     Q  
               LNCND1HVT                    EN  
               LNCND1HVT                     D  
               LNCND1HVT                   CDN  
               LNCND2HVT                    QN  
               LNCND2HVT                     Q  
               LNCND2HVT                    EN  
               LNCND2HVT                     D  
               LNCND2HVT                   CDN  
               LNCND4HVT                    QN  
               LNCND4HVT                     Q  
               LNCND4HVT                    EN  
               LNCND4HVT                     D  
               LNCND4HVT                   CDN  
              LNCNDD1HVT                    QN  
              LNCNDD1HVT                     Q  
              LNCNDD1HVT                    EN  
              LNCNDD1HVT                     D  
              LNCNDD1HVT                   CDN  
              LNCNDD2HVT                    QN  
              LNCNDD2HVT                     Q  
              LNCNDD2HVT                    EN  
              LNCNDD2HVT                     D  
              LNCNDD2HVT                   CDN  
              LNCNDD4HVT                    QN  
              LNCNDD4HVT                     Q  
              LNCNDD4HVT                    EN  
              LNCNDD4HVT                     D  
              LNCNDD4HVT                   CDN  
             LNCNDQD1HVT                     Q  
             LNCNDQD1HVT                    EN  
             LNCNDQD1HVT                     D  
             LNCNDQD1HVT                   CDN  
             LNCNDQD2HVT                     Q  
             LNCNDQD2HVT                    EN  
             LNCNDQD2HVT                     D  
             LNCNDQD2HVT                   CDN  
             LNCNDQD4HVT                     Q  
             LNCNDQD4HVT                    EN  
             LNCNDQD4HVT                     D  
             LNCNDQD4HVT                   CDN  
              LNCNQD1HVT                     Q  
              LNCNQD1HVT                    EN  
              LNCNQD1HVT                     D  
              LNCNQD1HVT                   CDN  
              LNCNQD2HVT                     Q  
              LNCNQD2HVT                    EN  
              LNCNQD2HVT                     D  
              LNCNQD2HVT                   CDN  
              LNCNQD4HVT                     Q  
              LNCNQD4HVT                    EN  
              LNCNQD4HVT                     D  
              LNCNQD4HVT                   CDN  
              LNCSND1HVT                   SDN  
              LNCSND1HVT                    QN  
              LNCSND1HVT                     Q  
              LNCSND1HVT                    EN  
              LNCSND1HVT                     D  
              LNCSND1HVT                   CDN  
              LNCSND2HVT                   SDN  
              LNCSND2HVT                    QN  
              LNCSND2HVT                     Q  
              LNCSND2HVT                    EN  
              LNCSND2HVT                     D  
              LNCSND2HVT                   CDN  
              LNCSND4HVT                   SDN  
              LNCSND4HVT                    QN  
              LNCSND4HVT                     Q  
              LNCSND4HVT                    EN  
              LNCSND4HVT                     D  
              LNCSND4HVT                   CDN  
             LNCSNDD1HVT                   SDN  
             LNCSNDD1HVT                    QN  
             LNCSNDD1HVT                     Q  
             LNCSNDD1HVT                    EN  
             LNCSNDD1HVT                     D  
             LNCSNDD1HVT                   CDN  
             LNCSNDD2HVT                   SDN  
             LNCSNDD2HVT                    QN  
             LNCSNDD2HVT                     Q  
             LNCSNDD2HVT                    EN  
             LNCSNDD2HVT                     D  
             LNCSNDD2HVT                   CDN  
             LNCSNDD4HVT                   SDN  
             LNCSNDD4HVT                    QN  
             LNCSNDD4HVT                     Q  
             LNCSNDD4HVT                    EN  
             LNCSNDD4HVT                     D  
             LNCSNDD4HVT                   CDN  
            LNCSNDQD1HVT                   SDN  
            LNCSNDQD1HVT                     Q  
            LNCSNDQD1HVT                    EN  
            LNCSNDQD1HVT                     D  
            LNCSNDQD1HVT                   CDN  
            LNCSNDQD2HVT                   SDN  
            LNCSNDQD2HVT                     Q  
            LNCSNDQD2HVT                    EN  
            LNCSNDQD2HVT                     D  
            LNCSNDQD2HVT                   CDN  
            LNCSNDQD4HVT                   SDN  
            LNCSNDQD4HVT                     Q  
            LNCSNDQD4HVT                    EN  
            LNCSNDQD4HVT                     D  
            LNCSNDQD4HVT                   CDN  
             LNCSNQD1HVT                   SDN  
             LNCSNQD1HVT                     Q  
             LNCSNQD1HVT                    EN  
             LNCSNQD1HVT                     D  
             LNCSNQD1HVT                   CDN  
             LNCSNQD2HVT                   SDN  
             LNCSNQD2HVT                     Q  
             LNCSNQD2HVT                    EN  
             LNCSNQD2HVT                     D  
             LNCSNQD2HVT                   CDN  
             LNCSNQD4HVT                   SDN  
             LNCSNQD4HVT                     Q  
             LNCSNQD4HVT                    EN  
             LNCSNQD4HVT                     D  
             LNCSNQD4HVT                   CDN  
                 LND1HVT                    QN  
                 LND1HVT                     Q  
                 LND1HVT                    EN  
                 LND1HVT                     D  
                 LND2HVT                    QN  
                 LND2HVT                     Q  
                 LND2HVT                    EN  
                 LND2HVT                     D  
                 LND4HVT                    QN  
                 LND4HVT                     Q  
                 LND4HVT                    EN  
                 LND4HVT                     D  
                LNQD1HVT                     Q  
                LNQD1HVT                    EN  
                LNQD1HVT                     D  
                LNQD2HVT                     Q  
                LNQD2HVT                    EN  
                LNQD2HVT                     D  
                LNQD4HVT                     Q  
                LNQD4HVT                    EN  
                LNQD4HVT                     D  
               LNSND1HVT                   SDN  
               LNSND1HVT                    QN  
               LNSND1HVT                     Q  
               LNSND1HVT                    EN  
               LNSND1HVT                     D  
               LNSND2HVT                   SDN  
               LNSND2HVT                    QN  
               LNSND2HVT                     Q  
               LNSND2HVT                    EN  
               LNSND2HVT                     D  
               LNSND4HVT                   SDN  
               LNSND4HVT                    QN  
               LNSND4HVT                     Q  
               LNSND4HVT                    EN  
               LNSND4HVT                     D  
              LNSNDD1HVT                   SDN  
              LNSNDD1HVT                    QN  
              LNSNDD1HVT                     Q  
              LNSNDD1HVT                    EN  
              LNSNDD1HVT                     D  
              LNSNDD2HVT                   SDN  
              LNSNDD2HVT                    QN  
              LNSNDD2HVT                     Q  
              LNSNDD2HVT                    EN  
              LNSNDD2HVT                     D  
              LNSNDD4HVT                   SDN  
              LNSNDD4HVT                    QN  
              LNSNDD4HVT                     Q  
              LNSNDD4HVT                    EN  
              LNSNDD4HVT                     D  
             LNSNDQD1HVT                   SDN  
             LNSNDQD1HVT                     Q  
             LNSNDQD1HVT                    EN  
             LNSNDQD1HVT                     D  
             LNSNDQD2HVT                   SDN  
             LNSNDQD2HVT                     Q  
             LNSNDQD2HVT                    EN  
             LNSNDQD2HVT                     D  
             LNSNDQD4HVT                   SDN  
             LNSNDQD4HVT                     Q  
             LNSNDQD4HVT                    EN  
             LNSNDQD4HVT                     D  
              LNSNQD1HVT                   SDN  
              LNSNQD1HVT                     Q  
              LNSNQD1HVT                    EN  
              LNSNQD1HVT                     D  
              LNSNQD2HVT                   SDN  
              LNSNQD2HVT                     Q  
              LNSNQD2HVT                    EN  
              LNSNQD2HVT                     D  
              LNSNQD4HVT                   SDN  
              LNSNQD4HVT                     Q  
              LNSNQD4HVT                    EN  
              LNSNQD4HVT                     D  
              LVLHLD1HVT                     I  
              LVLHLD1HVT                     Z  
              LVLHLD2HVT                     I  
              LVLHLD2HVT                     Z  
              LVLHLD4HVT                     I  
              LVLHLD4HVT                     Z  
              LVLHLD8HVT                     I  
              LVLHLD8HVT                     Z  
             LVLLHCD1HVT                     I  
             LVLLHCD1HVT                NSLEEP  
             LVLLHCD1HVT                     Z  
             LVLLHCD2HVT                     I  
             LVLLHCD2HVT                NSLEEP  
             LVLLHCD2HVT                     Z  
             LVLLHCD4HVT                     I  
             LVLLHCD4HVT                NSLEEP  
             LVLLHCD4HVT                     Z  
             LVLLHCD8HVT                     I  
             LVLLHCD8HVT                NSLEEP  
             LVLLHCD8HVT                     Z  
              LVLLHD1HVT                     I  
              LVLLHD1HVT                     Z  
              LVLLHD2HVT                     I  
              LVLLHD2HVT                     Z  
              LVLLHD4HVT                     I  
              LVLLHD4HVT                     Z  
              LVLLHD8HVT                     I  
              LVLLHD8HVT                     Z  
           LVLLHFACD1HVT                     I  
           LVLLHFACD1HVT                NSLEEP  
           LVLLHFACD1HVT                     Z  
           LVLLHFACD2HVT                     I  
           LVLLHFACD2HVT                NSLEEP  
           LVLLHFACD2HVT                     Z  
           LVLLHFACD4HVT                     I  
           LVLLHFACD4HVT                NSLEEP  
           LVLLHFACD4HVT                     Z  
           LVLLHFACD8HVT                     I  
           LVLLHFACD8HVT                NSLEEP  
           LVLLHFACD8HVT                     Z  
            LVLLHFAD1HVT                     I  
            LVLLHFAD1HVT                     Z  
            LVLLHFAD2HVT                     I  
            LVLLHFAD2HVT                     Z  
            LVLLHFAD4HVT                     I  
            LVLLHFAD4HVT                     Z  
            LVLLHFAD8HVT                     I  
            LVLLHFAD8HVT                     Z  
            MAOI222D0HVT                    ZN  
            MAOI222D0HVT                     C  
            MAOI222D0HVT                     B  
            MAOI222D0HVT                     A  
            MAOI222D1HVT                    ZN  
            MAOI222D1HVT                     C  
            MAOI222D1HVT                     B  
            MAOI222D1HVT                     A  
            MAOI222D2HVT                    ZN  
            MAOI222D2HVT                     C  
            MAOI222D2HVT                     B  
            MAOI222D2HVT                     A  
            MAOI222D4HVT                    ZN  
            MAOI222D4HVT                     C  
            MAOI222D4HVT                     B  
            MAOI222D4HVT                     A  
             MAOI22D0HVT                    ZN  
             MAOI22D0HVT                    B2  
             MAOI22D0HVT                    B1  
             MAOI22D0HVT                    A2  
             MAOI22D0HVT                    A1  
             MAOI22D1HVT                    ZN  
             MAOI22D1HVT                    B2  
             MAOI22D1HVT                    B1  
             MAOI22D1HVT                    A2  
             MAOI22D1HVT                    A1  
             MAOI22D2HVT                    ZN  
             MAOI22D2HVT                    B2  
             MAOI22D2HVT                    B1  
             MAOI22D2HVT                    A2  
             MAOI22D2HVT                    A1  
             MAOI22D4HVT                    ZN  
             MAOI22D4HVT                    B2  
             MAOI22D4HVT                    B1  
             MAOI22D4HVT                    A2  
             MAOI22D4HVT                    A1  
             MOAI22D0HVT                    ZN  
             MOAI22D0HVT                    B2  
             MOAI22D0HVT                    B1  
             MOAI22D0HVT                    A2  
             MOAI22D0HVT                    A1  
             MOAI22D1HVT                    ZN  
             MOAI22D1HVT                    B2  
             MOAI22D1HVT                    B1  
             MOAI22D1HVT                    A2  
             MOAI22D1HVT                    A1  
             MOAI22D2HVT                    ZN  
             MOAI22D2HVT                    B2  
             MOAI22D2HVT                    B1  
             MOAI22D2HVT                    A2  
             MOAI22D2HVT                    A1  
             MOAI22D4HVT                    ZN  
             MOAI22D4HVT                    B2  
             MOAI22D4HVT                    B1  
             MOAI22D4HVT                    A2  
             MOAI22D4HVT                    A1  
               MUX2D0HVT                     Z  
               MUX2D0HVT                     S  
               MUX2D0HVT                    I1  
               MUX2D0HVT                    I0  
               MUX2D1HVT                     Z  
               MUX2D1HVT                     S  
               MUX2D1HVT                    I1  
               MUX2D1HVT                    I0  
               MUX2D2HVT                     Z  
               MUX2D2HVT                     S  
               MUX2D2HVT                    I1  
               MUX2D2HVT                    I0  
               MUX2D4HVT                     Z  
               MUX2D4HVT                     S  
               MUX2D4HVT                    I1  
               MUX2D4HVT                    I0  
              MUX2ND0HVT                    ZN  
              MUX2ND0HVT                     S  
              MUX2ND0HVT                    I1  
              MUX2ND0HVT                    I0  
              MUX2ND1HVT                    ZN  
              MUX2ND1HVT                     S  
              MUX2ND1HVT                    I1  
              MUX2ND1HVT                    I0  
              MUX2ND2HVT                    ZN  
              MUX2ND2HVT                     S  
              MUX2ND2HVT                    I1  
              MUX2ND2HVT                    I0  
              MUX2ND4HVT                    ZN  
              MUX2ND4HVT                     S  
              MUX2ND4HVT                    I1  
              MUX2ND4HVT                    I0  
               MUX3D0HVT                     Z  
               MUX3D0HVT                    S1  
               MUX3D0HVT                    S0  
               MUX3D0HVT                    I2  
               MUX3D0HVT                    I1  
               MUX3D0HVT                    I0  
               MUX3D1HVT                     Z  
               MUX3D1HVT                    S1  
               MUX3D1HVT                    S0  
               MUX3D1HVT                    I2  
               MUX3D1HVT                    I1  
               MUX3D1HVT                    I0  
               MUX3D2HVT                     Z  
               MUX3D2HVT                    S1  
               MUX3D2HVT                    S0  
               MUX3D2HVT                    I2  
               MUX3D2HVT                    I1  
               MUX3D2HVT                    I0  
               MUX3D4HVT                     Z  
               MUX3D4HVT                    S1  
               MUX3D4HVT                    S0  
               MUX3D4HVT                    I2  
               MUX3D4HVT                    I1  
               MUX3D4HVT                    I0  
              MUX3ND0HVT                    ZN  
              MUX3ND0HVT                    S1  
              MUX3ND0HVT                    S0  
              MUX3ND0HVT                    I2  
              MUX3ND0HVT                    I1  
              MUX3ND0HVT                    I0  
              MUX3ND1HVT                    ZN  
              MUX3ND1HVT                    S1  
              MUX3ND1HVT                    S0  
              MUX3ND1HVT                    I2  
              MUX3ND1HVT                    I1  
              MUX3ND1HVT                    I0  
              MUX3ND2HVT                    ZN  
              MUX3ND2HVT                    S1  
              MUX3ND2HVT                    S0  
              MUX3ND2HVT                    I2  
              MUX3ND2HVT                    I1  
              MUX3ND2HVT                    I0  
              MUX3ND4HVT                    ZN  
              MUX3ND4HVT                    S1  
              MUX3ND4HVT                    S0  
              MUX3ND4HVT                    I2  
              MUX3ND4HVT                    I1  
              MUX3ND4HVT                    I0  
               MUX4D0HVT                     Z  
               MUX4D0HVT                    S1  
               MUX4D0HVT                    S0  
               MUX4D0HVT                    I3  
               MUX4D0HVT                    I2  
               MUX4D0HVT                    I1  
               MUX4D0HVT                    I0  
               MUX4D1HVT                     Z  
               MUX4D1HVT                    S1  
               MUX4D1HVT                    S0  
               MUX4D1HVT                    I3  
               MUX4D1HVT                    I2  
               MUX4D1HVT                    I1  
               MUX4D1HVT                    I0  
               MUX4D2HVT                     Z  
               MUX4D2HVT                    S1  
               MUX4D2HVT                    S0  
               MUX4D2HVT                    I3  
               MUX4D2HVT                    I2  
               MUX4D2HVT                    I1  
               MUX4D2HVT                    I0  
               MUX4D4HVT                     Z  
               MUX4D4HVT                    S1  
               MUX4D4HVT                    S0  
               MUX4D4HVT                    I3  
               MUX4D4HVT                    I2  
               MUX4D4HVT                    I1  
               MUX4D4HVT                    I0  
              MUX4ND0HVT                    ZN  
              MUX4ND0HVT                    S1  
              MUX4ND0HVT                    S0  
              MUX4ND0HVT                    I3  
              MUX4ND0HVT                    I2  
              MUX4ND0HVT                    I1  
              MUX4ND0HVT                    I0  
              MUX4ND1HVT                    ZN  
              MUX4ND1HVT                    S1  
              MUX4ND1HVT                    S0  
              MUX4ND1HVT                    I3  
              MUX4ND1HVT                    I2  
              MUX4ND1HVT                    I1  
              MUX4ND1HVT                    I0  
              MUX4ND2HVT                    ZN  
              MUX4ND2HVT                    S1  
              MUX4ND2HVT                    S0  
              MUX4ND2HVT                    I3  
              MUX4ND2HVT                    I2  
              MUX4ND2HVT                    I1  
              MUX4ND2HVT                    I0  
              MUX4ND4HVT                    ZN  
              MUX4ND4HVT                    S1  
              MUX4ND4HVT                    S0  
              MUX4ND4HVT                    I3  
              MUX4ND4HVT                    I2  
              MUX4ND4HVT                    I1  
              MUX4ND4HVT                    I0  
                ND2D0HVT                    ZN  
                ND2D0HVT                    A2  
                ND2D0HVT                    A1  
                ND2D1HVT                    ZN  
                ND2D1HVT                    A2  
                ND2D1HVT                    A1  
                ND2D2HVT                    ZN  
                ND2D2HVT                    A2  
                ND2D2HVT                    A1  
                ND2D3HVT                    ZN  
                ND2D3HVT                    A2  
                ND2D3HVT                    A1  
                ND2D4HVT                    ZN  
                ND2D4HVT                    A2  
                ND2D4HVT                    A1  
                ND2D8HVT                    ZN  
                ND2D8HVT                    A2  
                ND2D8HVT                    A1  
                ND3D0HVT                    ZN  
                ND3D0HVT                    A3  
                ND3D0HVT                    A2  
                ND3D0HVT                    A1  
                ND3D1HVT                    ZN  
                ND3D1HVT                    A3  
                ND3D1HVT                    A2  
                ND3D1HVT                    A1  
                ND3D2HVT                    ZN  
                ND3D2HVT                    A3  
                ND3D2HVT                    A2  
                ND3D2HVT                    A1  
                ND3D3HVT                    ZN  
                ND3D3HVT                    A3  
                ND3D3HVT                    A2  
                ND3D3HVT                    A1  
                ND3D4HVT                    ZN  
                ND3D4HVT                    A3  
                ND3D4HVT                    A2  
                ND3D4HVT                    A1  
                ND3D8HVT                    ZN  
                ND3D8HVT                    A3  
                ND3D8HVT                    A2  
                ND3D8HVT                    A1  
                ND4D0HVT                    ZN  
                ND4D0HVT                    A4  
                ND4D0HVT                    A3  
                ND4D0HVT                    A2  
                ND4D0HVT                    A1  
                ND4D1HVT                    ZN  
                ND4D1HVT                    A4  
                ND4D1HVT                    A3  
                ND4D1HVT                    A2  
                ND4D1HVT                    A1  
                ND4D2HVT                    ZN  
                ND4D2HVT                    A4  
                ND4D2HVT                    A3  
                ND4D2HVT                    A2  
                ND4D2HVT                    A1  
                ND4D3HVT                    ZN  
                ND4D3HVT                    A4  
                ND4D3HVT                    A3  
                ND4D3HVT                    A2  
                ND4D3HVT                    A1  
                ND4D4HVT                    ZN  
                ND4D4HVT                    A4  
                ND4D4HVT                    A3  
                ND4D4HVT                    A2  
                ND4D4HVT                    A1  
                ND4D8HVT                    ZN  
                ND4D8HVT                    A4  
                ND4D8HVT                    A3  
                ND4D8HVT                    A2  
                ND4D8HVT                    A1  
                NR2D0HVT                    ZN  
                NR2D0HVT                    A2  
                NR2D0HVT                    A1  
                NR2D1HVT                    ZN  
                NR2D1HVT                    A2  
                NR2D1HVT                    A1  
                NR2D2HVT                    ZN  
                NR2D2HVT                    A2  
                NR2D2HVT                    A1  
                NR2D3HVT                    ZN  
                NR2D3HVT                    A2  
                NR2D3HVT                    A1  
                NR2D4HVT                    ZN  
                NR2D4HVT                    A2  
                NR2D4HVT                    A1  
                NR2D8HVT                    ZN  
                NR2D8HVT                    A2  
                NR2D8HVT                    A1  
               NR2XD0HVT                    ZN  
               NR2XD0HVT                    A2  
               NR2XD0HVT                    A1  
               NR2XD1HVT                    ZN  
               NR2XD1HVT                    A2  
               NR2XD1HVT                    A1  
               NR2XD2HVT                    ZN  
               NR2XD2HVT                    A2  
               NR2XD2HVT                    A1  
               NR2XD3HVT                    ZN  
               NR2XD3HVT                    A2  
               NR2XD3HVT                    A1  
               NR2XD4HVT                    ZN  
               NR2XD4HVT                    A2  
               NR2XD4HVT                    A1  
               NR2XD8HVT                    ZN  
               NR2XD8HVT                    A2  
               NR2XD8HVT                    A1  
                NR3D0HVT                    ZN  
                NR3D0HVT                    A3  
                NR3D0HVT                    A2  
                NR3D0HVT                    A1  
                NR3D1HVT                    ZN  
                NR3D1HVT                    A3  
                NR3D1HVT                    A2  
                NR3D1HVT                    A1  
                NR3D2HVT                    ZN  
                NR3D2HVT                    A3  
                NR3D2HVT                    A2  
                NR3D2HVT                    A1  
                NR3D3HVT                    ZN  
                NR3D3HVT                    A3  
                NR3D3HVT                    A2  
                NR3D3HVT                    A1  
                NR3D4HVT                    ZN  
                NR3D4HVT                    A3  
                NR3D4HVT                    A2  
                NR3D4HVT                    A1  
                NR3D8HVT                    ZN  
                NR3D8HVT                    A3  
                NR3D8HVT                    A2  
                NR3D8HVT                    A1  
                NR4D0HVT                    ZN  
                NR4D0HVT                    A4  
                NR4D0HVT                    A3  
                NR4D0HVT                    A2  
                NR4D0HVT                    A1  
                NR4D1HVT                    ZN  
                NR4D1HVT                    A4  
                NR4D1HVT                    A3  
                NR4D1HVT                    A2  
                NR4D1HVT                    A1  
                NR4D2HVT                    ZN  
                NR4D2HVT                    A4  
                NR4D2HVT                    A3  
                NR4D2HVT                    A2  
                NR4D2HVT                    A1  
                NR4D3HVT                    ZN  
                NR4D3HVT                    A4  
                NR4D3HVT                    A3  
                NR4D3HVT                    A2  
                NR4D3HVT                    A1  
                NR4D4HVT                    ZN  
                NR4D4HVT                    A4  
                NR4D4HVT                    A3  
                NR4D4HVT                    A2  
                NR4D4HVT                    A1  
                NR4D8HVT                    ZN  
                NR4D8HVT                    A4  
                NR4D8HVT                    A3  
                NR4D8HVT                    A2  
                NR4D8HVT                    A1  
              OA211D0HVT                     Z  
              OA211D0HVT                     C  
              OA211D0HVT                     B  
              OA211D0HVT                    A2  
              OA211D0HVT                    A1  
              OA211D1HVT                     Z  
              OA211D1HVT                     C  
              OA211D1HVT                     B  
              OA211D1HVT                    A2  
              OA211D1HVT                    A1  
              OA211D2HVT                     Z  
              OA211D2HVT                     C  
              OA211D2HVT                     B  
              OA211D2HVT                    A2  
              OA211D2HVT                    A1  
              OA211D4HVT                     Z  
              OA211D4HVT                     C  
              OA211D4HVT                     B  
              OA211D4HVT                    A2  
              OA211D4HVT                    A1  
               OA21D0HVT                     Z  
               OA21D0HVT                     B  
               OA21D0HVT                    A2  
               OA21D0HVT                    A1  
               OA21D1HVT                     Z  
               OA21D1HVT                     B  
               OA21D1HVT                    A2  
               OA21D1HVT                    A1  
               OA21D2HVT                     Z  
               OA21D2HVT                     B  
               OA21D2HVT                    A2  
               OA21D2HVT                    A1  
               OA21D4HVT                     Z  
               OA21D4HVT                     B  
               OA21D4HVT                    A2  
               OA21D4HVT                    A1  
              OA221D0HVT                     Z  
              OA221D0HVT                     C  
              OA221D0HVT                    B2  
              OA221D0HVT                    B1  
              OA221D0HVT                    A2  
              OA221D0HVT                    A1  
              OA221D1HVT                     Z  
              OA221D1HVT                     C  
              OA221D1HVT                    B2  
              OA221D1HVT                    B1  
              OA221D1HVT                    A2  
              OA221D1HVT                    A1  
              OA221D2HVT                     Z  
              OA221D2HVT                     C  
              OA221D2HVT                    B2  
              OA221D2HVT                    B1  
              OA221D2HVT                    A2  
              OA221D2HVT                    A1  
              OA221D4HVT                     Z  
              OA221D4HVT                     C  
              OA221D4HVT                    B2  
              OA221D4HVT                    B1  
              OA221D4HVT                    A2  
              OA221D4HVT                    A1  
              OA222D0HVT                     Z  
              OA222D0HVT                    C2  
              OA222D0HVT                    C1  
              OA222D0HVT                    B2  
              OA222D0HVT                    B1  
              OA222D0HVT                    A2  
              OA222D0HVT                    A1  
              OA222D1HVT                     Z  
              OA222D1HVT                    C2  
              OA222D1HVT                    C1  
              OA222D1HVT                    B2  
              OA222D1HVT                    B1  
              OA222D1HVT                    A2  
              OA222D1HVT                    A1  
              OA222D2HVT                     Z  
              OA222D2HVT                    C2  
              OA222D2HVT                    C1  
              OA222D2HVT                    B2  
              OA222D2HVT                    B1  
              OA222D2HVT                    A2  
              OA222D2HVT                    A1  
              OA222D4HVT                     Z  
              OA222D4HVT                    C2  
              OA222D4HVT                    C1  
              OA222D4HVT                    B2  
              OA222D4HVT                    B1  
              OA222D4HVT                    A2  
              OA222D4HVT                    A1  
               OA22D0HVT                     Z  
               OA22D0HVT                    B2  
               OA22D0HVT                    B1  
               OA22D0HVT                    A2  
               OA22D0HVT                    A1  
               OA22D1HVT                     Z  
               OA22D1HVT                    B2  
               OA22D1HVT                    B1  
               OA22D1HVT                    A2  
               OA22D1HVT                    A1  
               OA22D2HVT                     Z  
               OA22D2HVT                    B2  
               OA22D2HVT                    B1  
               OA22D2HVT                    A2  
               OA22D2HVT                    A1  
               OA22D4HVT                     Z  
               OA22D4HVT                    B2  
               OA22D4HVT                    B1  
               OA22D4HVT                    A2  
               OA22D4HVT                    A1  
               OA31D0HVT                     Z  
               OA31D0HVT                     B  
               OA31D0HVT                    A3  
               OA31D0HVT                    A2  
               OA31D0HVT                    A1  
               OA31D1HVT                     Z  
               OA31D1HVT                     B  
               OA31D1HVT                    A3  
               OA31D1HVT                    A2  
               OA31D1HVT                    A1  
               OA31D2HVT                     Z  
               OA31D2HVT                     B  
               OA31D2HVT                    A3  
               OA31D2HVT                    A2  
               OA31D2HVT                    A1  
               OA31D4HVT                     Z  
               OA31D4HVT                     B  
               OA31D4HVT                    A3  
               OA31D4HVT                    A2  
               OA31D4HVT                    A1  
               OA32D0HVT                     Z  
               OA32D0HVT                    B2  
               OA32D0HVT                    B1  
               OA32D0HVT                    A3  
               OA32D0HVT                    A2  
               OA32D0HVT                    A1  
               OA32D1HVT                     Z  
               OA32D1HVT                    B2  
               OA32D1HVT                    B1  
               OA32D1HVT                    A3  
               OA32D1HVT                    A2  
               OA32D1HVT                    A1  
               OA32D2HVT                     Z  
               OA32D2HVT                    B2  
               OA32D2HVT                    B1  
               OA32D2HVT                    A3  
               OA32D2HVT                    A2  
               OA32D2HVT                    A1  
               OA32D4HVT                     Z  
               OA32D4HVT                    B2  
               OA32D4HVT                    B1  
               OA32D4HVT                    A3  
               OA32D4HVT                    A2  
               OA32D4HVT                    A1  
               OA33D0HVT                     Z  
               OA33D0HVT                    B3  
               OA33D0HVT                    B2  
               OA33D0HVT                    B1  
               OA33D0HVT                    A3  
               OA33D0HVT                    A2  
               OA33D0HVT                    A1  
               OA33D1HVT                     Z  
               OA33D1HVT                    B3  
               OA33D1HVT                    B2  
               OA33D1HVT                    B1  
               OA33D1HVT                    A3  
               OA33D1HVT                    A2  
               OA33D1HVT                    A1  
               OA33D2HVT                     Z  
               OA33D2HVT                    B3  
               OA33D2HVT                    B2  
               OA33D2HVT                    B1  
               OA33D2HVT                    A3  
               OA33D2HVT                    A2  
               OA33D2HVT                    A1  
               OA33D4HVT                     Z  
               OA33D4HVT                    B3  
               OA33D4HVT                    B2  
               OA33D4HVT                    B1  
               OA33D4HVT                    A3  
               OA33D4HVT                    A2  
               OA33D4HVT                    A1  
             OAI211D0HVT                    ZN  
             OAI211D0HVT                     C  
             OAI211D0HVT                     B  
             OAI211D0HVT                    A2  
             OAI211D0HVT                    A1  
             OAI211D1HVT                    ZN  
             OAI211D1HVT                     C  
             OAI211D1HVT                     B  
             OAI211D1HVT                    A2  
             OAI211D1HVT                    A1  
             OAI211D2HVT                    ZN  
             OAI211D2HVT                     C  
             OAI211D2HVT                     B  
             OAI211D2HVT                    A2  
             OAI211D2HVT                    A1  
             OAI211D4HVT                    ZN  
             OAI211D4HVT                     C  
             OAI211D4HVT                     B  
             OAI211D4HVT                    A2  
             OAI211D4HVT                    A1  
              OAI21D0HVT                    ZN  
              OAI21D0HVT                     B  
              OAI21D0HVT                    A2  
              OAI21D0HVT                    A1  
              OAI21D1HVT                    ZN  
              OAI21D1HVT                     B  
              OAI21D1HVT                    A2  
              OAI21D1HVT                    A1  
              OAI21D2HVT                    ZN  
              OAI21D2HVT                     B  
              OAI21D2HVT                    A2  
              OAI21D2HVT                    A1  
              OAI21D4HVT                    ZN  
              OAI21D4HVT                     B  
              OAI21D4HVT                    A2  
              OAI21D4HVT                    A1  
             OAI221D0HVT                    ZN  
             OAI221D0HVT                     C  
             OAI221D0HVT                    B2  
             OAI221D0HVT                    B1  
             OAI221D0HVT                    A2  
             OAI221D0HVT                    A1  
             OAI221D1HVT                    ZN  
             OAI221D1HVT                     C  
             OAI221D1HVT                    B2  
             OAI221D1HVT                    B1  
             OAI221D1HVT                    A2  
             OAI221D1HVT                    A1  
             OAI221D2HVT                    ZN  
             OAI221D2HVT                     C  
             OAI221D2HVT                    B2  
             OAI221D2HVT                    B1  
             OAI221D2HVT                    A2  
             OAI221D2HVT                    A1  
             OAI221D4HVT                    ZN  
             OAI221D4HVT                     C  
             OAI221D4HVT                    B2  
             OAI221D4HVT                    B1  
             OAI221D4HVT                    A2  
             OAI221D4HVT                    A1  
            OAI221XD4HVT                    ZN  
            OAI221XD4HVT                     C  
            OAI221XD4HVT                    B2  
            OAI221XD4HVT                    B1  
            OAI221XD4HVT                    A2  
            OAI221XD4HVT                    A1  
             OAI222D0HVT                    ZN  
             OAI222D0HVT                    C2  
             OAI222D0HVT                    C1  
             OAI222D0HVT                    B2  
             OAI222D0HVT                    B1  
             OAI222D0HVT                    A2  
             OAI222D0HVT                    A1  
             OAI222D1HVT                    ZN  
             OAI222D1HVT                    C2  
             OAI222D1HVT                    C1  
             OAI222D1HVT                    B2  
             OAI222D1HVT                    B1  
             OAI222D1HVT                    A2  
             OAI222D1HVT                    A1  
             OAI222D2HVT                    ZN  
             OAI222D2HVT                    C2  
             OAI222D2HVT                    C1  
             OAI222D2HVT                    B2  
             OAI222D2HVT                    B1  
             OAI222D2HVT                    A2  
             OAI222D2HVT                    A1  
             OAI222D4HVT                    ZN  
             OAI222D4HVT                    C2  
             OAI222D4HVT                    C1  
             OAI222D4HVT                    B2  
             OAI222D4HVT                    B1  
             OAI222D4HVT                    A2  
             OAI222D4HVT                    A1  
            OAI222XD4HVT                    ZN  
            OAI222XD4HVT                    C2  
            OAI222XD4HVT                    C1  
            OAI222XD4HVT                    B2  
            OAI222XD4HVT                    B1  
            OAI222XD4HVT                    A2  
            OAI222XD4HVT                    A1  
              OAI22D0HVT                    ZN  
              OAI22D0HVT                    B2  
              OAI22D0HVT                    B1  
              OAI22D0HVT                    A2  
              OAI22D0HVT                    A1  
              OAI22D1HVT                    ZN  
              OAI22D1HVT                    B2  
              OAI22D1HVT                    B1  
              OAI22D1HVT                    A2  
              OAI22D1HVT                    A1  
              OAI22D2HVT                    ZN  
              OAI22D2HVT                    B2  
              OAI22D2HVT                    B1  
              OAI22D2HVT                    A2  
              OAI22D2HVT                    A1  
              OAI22D4HVT                    ZN  
              OAI22D4HVT                    B2  
              OAI22D4HVT                    B1  
              OAI22D4HVT                    A2  
              OAI22D4HVT                    A1  
              OAI31D0HVT                    ZN  
              OAI31D0HVT                     B  
              OAI31D0HVT                    A3  
              OAI31D0HVT                    A2  
              OAI31D0HVT                    A1  
              OAI31D1HVT                    ZN  
              OAI31D1HVT                     B  
              OAI31D1HVT                    A3  
              OAI31D1HVT                    A2  
              OAI31D1HVT                    A1  
              OAI31D2HVT                    ZN  
              OAI31D2HVT                     B  
              OAI31D2HVT                    A3  
              OAI31D2HVT                    A2  
              OAI31D2HVT                    A1  
              OAI31D4HVT                    ZN  
              OAI31D4HVT                     B  
              OAI31D4HVT                    A3  
              OAI31D4HVT                    A2  
              OAI31D4HVT                    A1  
              OAI32D0HVT                    ZN  
              OAI32D0HVT                    B2  
              OAI32D0HVT                    B1  
              OAI32D0HVT                    A3  
              OAI32D0HVT                    A2  
              OAI32D0HVT                    A1  
              OAI32D1HVT                    ZN  
              OAI32D1HVT                    B2  
              OAI32D1HVT                    B1  
              OAI32D1HVT                    A3  
              OAI32D1HVT                    A2  
              OAI32D1HVT                    A1  
              OAI32D2HVT                    ZN  
              OAI32D2HVT                    B2  
              OAI32D2HVT                    B1  
              OAI32D2HVT                    A3  
              OAI32D2HVT                    A2  
              OAI32D2HVT                    A1  
              OAI32D4HVT                    ZN  
              OAI32D4HVT                    B2  
              OAI32D4HVT                    B1  
              OAI32D4HVT                    A3  
              OAI32D4HVT                    A2  
              OAI32D4HVT                    A1  
             OAI32XD4HVT                    ZN  
             OAI32XD4HVT                    B2  
             OAI32XD4HVT                    B1  
             OAI32XD4HVT                    A3  
             OAI32XD4HVT                    A2  
             OAI32XD4HVT                    A1  
              OAI33D0HVT                    ZN  
              OAI33D0HVT                    B3  
              OAI33D0HVT                    B2  
              OAI33D0HVT                    B1  
              OAI33D0HVT                    A3  
              OAI33D0HVT                    A2  
              OAI33D0HVT                    A1  
              OAI33D1HVT                    ZN  
              OAI33D1HVT                    B3  
              OAI33D1HVT                    B2  
              OAI33D1HVT                    B1  
              OAI33D1HVT                    A3  
              OAI33D1HVT                    A2  
              OAI33D1HVT                    A1  
              OAI33D2HVT                    ZN  
              OAI33D2HVT                    B3  
              OAI33D2HVT                    B2  
              OAI33D2HVT                    B1  
              OAI33D2HVT                    A3  
              OAI33D2HVT                    A2  
              OAI33D2HVT                    A1  
              OAI33D4HVT                    ZN  
              OAI33D4HVT                    B3  
              OAI33D4HVT                    B2  
              OAI33D4HVT                    B1  
              OAI33D4HVT                    A3  
              OAI33D4HVT                    A2  
              OAI33D4HVT                    A1  
             OAI33XD4HVT                    ZN  
             OAI33XD4HVT                    B3  
             OAI33XD4HVT                    B2  
             OAI33XD4HVT                    B1  
             OAI33XD4HVT                    A3  
             OAI33XD4HVT                    A2  
             OAI33XD4HVT                    A1  
                OR2D0HVT                     Z  
                OR2D0HVT                    A2  
                OR2D0HVT                    A1  
                OR2D1HVT                     Z  
                OR2D1HVT                    A2  
                OR2D1HVT                    A1  
                OR2D2HVT                     Z  
                OR2D2HVT                    A2  
                OR2D2HVT                    A1  
                OR2D4HVT                     Z  
                OR2D4HVT                    A2  
                OR2D4HVT                    A1  
                OR2D8HVT                     Z  
                OR2D8HVT                    A2  
                OR2D8HVT                    A1  
               OR2XD1HVT                     Z  
               OR2XD1HVT                    A2  
               OR2XD1HVT                    A1  
                OR3D0HVT                     Z  
                OR3D0HVT                    A3  
                OR3D0HVT                    A2  
                OR3D0HVT                    A1  
                OR3D1HVT                     Z  
                OR3D1HVT                    A3  
                OR3D1HVT                    A2  
                OR3D1HVT                    A1  
                OR3D2HVT                     Z  
                OR3D2HVT                    A3  
                OR3D2HVT                    A2  
                OR3D2HVT                    A1  
                OR3D4HVT                     Z  
                OR3D4HVT                    A3  
                OR3D4HVT                    A2  
                OR3D4HVT                    A1  
                OR3D8HVT                     Z  
                OR3D8HVT                    A3  
                OR3D8HVT                    A2  
                OR3D8HVT                    A1  
               OR3XD1HVT                     Z  
               OR3XD1HVT                    A3  
               OR3XD1HVT                    A2  
               OR3XD1HVT                    A1  
                OR4D0HVT                     Z  
                OR4D0HVT                    A4  
                OR4D0HVT                    A3  
                OR4D0HVT                    A2  
                OR4D0HVT                    A1  
                OR4D1HVT                     Z  
                OR4D1HVT                    A4  
                OR4D1HVT                    A3  
                OR4D1HVT                    A2  
                OR4D1HVT                    A1  
                OR4D2HVT                     Z  
                OR4D2HVT                    A4  
                OR4D2HVT                    A3  
                OR4D2HVT                    A2  
                OR4D2HVT                    A1  
                OR4D4HVT                     Z  
                OR4D4HVT                    A4  
                OR4D4HVT                    A3  
                OR4D4HVT                    A2  
                OR4D4HVT                    A1  
                OR4D8HVT                     Z  
                OR4D8HVT                    A4  
                OR4D8HVT                    A3  
                OR4D8HVT                    A2  
                OR4D8HVT                    A1  
               OR4XD1HVT                     Z  
               OR4XD1HVT                    A4  
               OR4XD1HVT                    A3  
               OR4XD1HVT                    A2  
               OR4XD1HVT                    A1  
              SDFCND0HVT                    SI  
              SDFCND0HVT                    SE  
              SDFCND0HVT                    QN  
              SDFCND0HVT                     Q  
              SDFCND0HVT                     D  
              SDFCND0HVT                    CP  
              SDFCND0HVT                   CDN  
              SDFCND1HVT                    SI  
              SDFCND1HVT                    SE  
              SDFCND1HVT                    QN  
              SDFCND1HVT                     Q  
              SDFCND1HVT                     D  
              SDFCND1HVT                    CP  
              SDFCND1HVT                   CDN  
              SDFCND2HVT                    SI  
              SDFCND2HVT                    SE  
              SDFCND2HVT                    QN  
              SDFCND2HVT                     Q  
              SDFCND2HVT                     D  
              SDFCND2HVT                    CP  
              SDFCND2HVT                   CDN  
              SDFCND4HVT                    SI  
              SDFCND4HVT                    SE  
              SDFCND4HVT                    QN  
              SDFCND4HVT                     Q  
              SDFCND4HVT                     D  
              SDFCND4HVT                    CP  
              SDFCND4HVT                   CDN  
             SDFCNQD0HVT                    SI  
             SDFCNQD0HVT                    SE  
             SDFCNQD0HVT                     Q  
             SDFCNQD0HVT                     D  
             SDFCNQD0HVT                    CP  
             SDFCNQD0HVT                   CDN  
             SDFCNQD1HVT                    SI  
             SDFCNQD1HVT                    SE  
             SDFCNQD1HVT                     Q  
             SDFCNQD1HVT                     D  
             SDFCNQD1HVT                    CP  
             SDFCNQD1HVT                   CDN  
             SDFCNQD2HVT                    SI  
             SDFCNQD2HVT                    SE  
             SDFCNQD2HVT                     Q  
             SDFCNQD2HVT                     D  
             SDFCNQD2HVT                    CP  
             SDFCNQD2HVT                   CDN  
             SDFCNQD4HVT                    SI  
             SDFCNQD4HVT                    SE  
             SDFCNQD4HVT                     Q  
             SDFCNQD4HVT                     D  
             SDFCNQD4HVT                    CP  
             SDFCNQD4HVT                   CDN  
             SDFCSND0HVT                    SI  
             SDFCSND0HVT                    SE  
             SDFCSND0HVT                   SDN  
             SDFCSND0HVT                    QN  
             SDFCSND0HVT                     Q  
             SDFCSND0HVT                     D  
             SDFCSND0HVT                    CP  
             SDFCSND0HVT                   CDN  
             SDFCSND1HVT                    SI  
             SDFCSND1HVT                    SE  
             SDFCSND1HVT                   SDN  
             SDFCSND1HVT                    QN  
             SDFCSND1HVT                     Q  
             SDFCSND1HVT                     D  
             SDFCSND1HVT                    CP  
             SDFCSND1HVT                   CDN  
             SDFCSND2HVT                    SI  
             SDFCSND2HVT                    SE  
             SDFCSND2HVT                   SDN  
             SDFCSND2HVT                    QN  
             SDFCSND2HVT                     Q  
             SDFCSND2HVT                     D  
             SDFCSND2HVT                    CP  
             SDFCSND2HVT                   CDN  
             SDFCSND4HVT                    SI  
             SDFCSND4HVT                    SE  
             SDFCSND4HVT                   SDN  
             SDFCSND4HVT                    QN  
             SDFCSND4HVT                     Q  
             SDFCSND4HVT                     D  
             SDFCSND4HVT                    CP  
             SDFCSND4HVT                   CDN  
            SDFCSNQD0HVT                    SI  
            SDFCSNQD0HVT                    SE  
            SDFCSNQD0HVT                   SDN  
            SDFCSNQD0HVT                     Q  
            SDFCSNQD0HVT                     D  
            SDFCSNQD0HVT                    CP  
            SDFCSNQD0HVT                   CDN  
            SDFCSNQD1HVT                    SI  
            SDFCSNQD1HVT                    SE  
            SDFCSNQD1HVT                   SDN  
            SDFCSNQD1HVT                     Q  
            SDFCSNQD1HVT                     D  
            SDFCSNQD1HVT                    CP  
            SDFCSNQD1HVT                   CDN  
            SDFCSNQD2HVT                    SI  
            SDFCSNQD2HVT                    SE  
            SDFCSNQD2HVT                   SDN  
            SDFCSNQD2HVT                     Q  
            SDFCSNQD2HVT                     D  
            SDFCSNQD2HVT                    CP  
            SDFCSNQD2HVT                   CDN  
            SDFCSNQD4HVT                    SI  
            SDFCSNQD4HVT                    SE  
            SDFCSNQD4HVT                   SDN  
            SDFCSNQD4HVT                     Q  
            SDFCSNQD4HVT                     D  
            SDFCSNQD4HVT                    CP  
            SDFCSNQD4HVT                   CDN  
                SDFD0HVT                    SI  
                SDFD0HVT                    SE  
                SDFD0HVT                    QN  
                SDFD0HVT                     Q  
                SDFD0HVT                     D  
                SDFD0HVT                    CP  
                SDFD1HVT                    SI  
                SDFD1HVT                    SE  
                SDFD1HVT                    QN  
                SDFD1HVT                     Q  
                SDFD1HVT                     D  
                SDFD1HVT                    CP  
                SDFD2HVT                    SI  
                SDFD2HVT                    SE  
                SDFD2HVT                    QN  
                SDFD2HVT                     Q  
                SDFD2HVT                     D  
                SDFD2HVT                    CP  
                SDFD4HVT                    SI  
                SDFD4HVT                    SE  
                SDFD4HVT                    QN  
                SDFD4HVT                     Q  
                SDFD4HVT                     D  
                SDFD4HVT                    CP  
             SDFKCND0HVT                    SI  
             SDFKCND0HVT                    SE  
             SDFKCND0HVT                    QN  
             SDFKCND0HVT                     Q  
             SDFKCND0HVT                     D  
             SDFKCND0HVT                    CP  
             SDFKCND0HVT                    CN  
             SDFKCND1HVT                    SI  
             SDFKCND1HVT                    SE  
             SDFKCND1HVT                    QN  
             SDFKCND1HVT                     Q  
             SDFKCND1HVT                     D  
             SDFKCND1HVT                    CP  
             SDFKCND1HVT                    CN  
             SDFKCND2HVT                    SI  
             SDFKCND2HVT                    SE  
             SDFKCND2HVT                    QN  
             SDFKCND2HVT                     Q  
             SDFKCND2HVT                     D  
             SDFKCND2HVT                    CP  
             SDFKCND2HVT                    CN  
             SDFKCND4HVT                    SI  
             SDFKCND4HVT                    SE  
             SDFKCND4HVT                    QN  
             SDFKCND4HVT                     Q  
             SDFKCND4HVT                     D  
             SDFKCND4HVT                    CP  
             SDFKCND4HVT                    CN  
            SDFKCNQD0HVT                    SI  
            SDFKCNQD0HVT                    SE  
            SDFKCNQD0HVT                     Q  
            SDFKCNQD0HVT                     D  
            SDFKCNQD0HVT                    CP  
            SDFKCNQD0HVT                    CN  
            SDFKCNQD1HVT                    SI  
            SDFKCNQD1HVT                    SE  
            SDFKCNQD1HVT                     Q  
            SDFKCNQD1HVT                     D  
            SDFKCNQD1HVT                    CP  
            SDFKCNQD1HVT                    CN  
            SDFKCNQD2HVT                    SI  
            SDFKCNQD2HVT                    SE  
            SDFKCNQD2HVT                     Q  
            SDFKCNQD2HVT                     D  
            SDFKCNQD2HVT                    CP  
            SDFKCNQD2HVT                    CN  
            SDFKCNQD4HVT                    SI  
            SDFKCNQD4HVT                    SE  
            SDFKCNQD4HVT                     Q  
            SDFKCNQD4HVT                     D  
            SDFKCNQD4HVT                    CP  
            SDFKCNQD4HVT                    CN  
            SDFKCSND0HVT                    SN  
            SDFKCSND0HVT                    SI  
            SDFKCSND0HVT                    SE  
            SDFKCSND0HVT                    QN  
            SDFKCSND0HVT                     Q  
            SDFKCSND0HVT                     D  
            SDFKCSND0HVT                    CP  
            SDFKCSND0HVT                    CN  
            SDFKCSND1HVT                    SN  
            SDFKCSND1HVT                    SI  
            SDFKCSND1HVT                    SE  
            SDFKCSND1HVT                    QN  
            SDFKCSND1HVT                     Q  
            SDFKCSND1HVT                     D  
            SDFKCSND1HVT                    CP  
            SDFKCSND1HVT                    CN  
            SDFKCSND2HVT                    SN  
            SDFKCSND2HVT                    SI  
            SDFKCSND2HVT                    SE  
            SDFKCSND2HVT                    QN  
            SDFKCSND2HVT                     Q  
            SDFKCSND2HVT                     D  
            SDFKCSND2HVT                    CP  
            SDFKCSND2HVT                    CN  
            SDFKCSND4HVT                    SN  
            SDFKCSND4HVT                    SI  
            SDFKCSND4HVT                    SE  
            SDFKCSND4HVT                    QN  
            SDFKCSND4HVT                     Q  
            SDFKCSND4HVT                     D  
            SDFKCSND4HVT                    CP  
            SDFKCSND4HVT                    CN  
           SDFKCSNQD0HVT                    SN  
           SDFKCSNQD0HVT                    SI  
           SDFKCSNQD0HVT                    SE  
           SDFKCSNQD0HVT                     Q  
           SDFKCSNQD0HVT                     D  
           SDFKCSNQD0HVT                    CP  
           SDFKCSNQD0HVT                    CN  
           SDFKCSNQD1HVT                    SN  
           SDFKCSNQD1HVT                    SI  
           SDFKCSNQD1HVT                    SE  
           SDFKCSNQD1HVT                     Q  
           SDFKCSNQD1HVT                     D  
           SDFKCSNQD1HVT                    CP  
           SDFKCSNQD1HVT                    CN  
           SDFKCSNQD2HVT                    SN  
           SDFKCSNQD2HVT                    SI  
           SDFKCSNQD2HVT                    SE  
           SDFKCSNQD2HVT                     Q  
           SDFKCSNQD2HVT                     D  
           SDFKCSNQD2HVT                    CP  
           SDFKCSNQD2HVT                    CN  
           SDFKCSNQD4HVT                    SN  
           SDFKCSNQD4HVT                    SI  
           SDFKCSNQD4HVT                    SE  
           SDFKCSNQD4HVT                     Q  
           SDFKCSNQD4HVT                     D  
           SDFKCSNQD4HVT                    CP  
           SDFKCSNQD4HVT                    CN  
             SDFKSND0HVT                    SN  
             SDFKSND0HVT                    SI  
             SDFKSND0HVT                    SE  
             SDFKSND0HVT                    QN  
             SDFKSND0HVT                     Q  
             SDFKSND0HVT                     D  
             SDFKSND0HVT                    CP  
             SDFKSND1HVT                    SN  
             SDFKSND1HVT                    SI  
             SDFKSND1HVT                    SE  
             SDFKSND1HVT                    QN  
             SDFKSND1HVT                     Q  
             SDFKSND1HVT                     D  
             SDFKSND1HVT                    CP  
             SDFKSND2HVT                    SN  
             SDFKSND2HVT                    SI  
             SDFKSND2HVT                    SE  
             SDFKSND2HVT                    QN  
             SDFKSND2HVT                     Q  
             SDFKSND2HVT                     D  
             SDFKSND2HVT                    CP  
             SDFKSND4HVT                    SN  
             SDFKSND4HVT                    SI  
             SDFKSND4HVT                    SE  
             SDFKSND4HVT                    QN  
             SDFKSND4HVT                     Q  
             SDFKSND4HVT                     D  
             SDFKSND4HVT                    CP  
            SDFKSNQD0HVT                    SN  
            SDFKSNQD0HVT                    SI  
            SDFKSNQD0HVT                    SE  
            SDFKSNQD0HVT                     Q  
            SDFKSNQD0HVT                     D  
            SDFKSNQD0HVT                    CP  
            SDFKSNQD1HVT                    SN  
            SDFKSNQD1HVT                    SI  
            SDFKSNQD1HVT                    SE  
            SDFKSNQD1HVT                     Q  
            SDFKSNQD1HVT                     D  
            SDFKSNQD1HVT                    CP  
            SDFKSNQD2HVT                    SN  
            SDFKSNQD2HVT                    SI  
            SDFKSNQD2HVT                    SE  
            SDFKSNQD2HVT                     Q  
            SDFKSNQD2HVT                     D  
            SDFKSNQD2HVT                    CP  
            SDFKSNQD4HVT                    SN  
            SDFKSNQD4HVT                    SI  
            SDFKSNQD4HVT                    SE  
            SDFKSNQD4HVT                     Q  
            SDFKSNQD4HVT                     D  
            SDFKSNQD4HVT                    CP  
             SDFNCND0HVT                    SI  
             SDFNCND0HVT                    SE  
             SDFNCND0HVT                    QN  
             SDFNCND0HVT                     Q  
             SDFNCND0HVT                     D  
             SDFNCND0HVT                   CPN  
             SDFNCND0HVT                   CDN  
             SDFNCND1HVT                    SI  
             SDFNCND1HVT                    SE  
             SDFNCND1HVT                    QN  
             SDFNCND1HVT                     Q  
             SDFNCND1HVT                     D  
             SDFNCND1HVT                   CPN  
             SDFNCND1HVT                   CDN  
             SDFNCND2HVT                    SI  
             SDFNCND2HVT                    SE  
             SDFNCND2HVT                    QN  
             SDFNCND2HVT                     Q  
             SDFNCND2HVT                     D  
             SDFNCND2HVT                   CPN  
             SDFNCND2HVT                   CDN  
             SDFNCND4HVT                    SI  
             SDFNCND4HVT                    SE  
             SDFNCND4HVT                    QN  
             SDFNCND4HVT                     Q  
             SDFNCND4HVT                     D  
             SDFNCND4HVT                   CPN  
             SDFNCND4HVT                   CDN  
            SDFNCSND0HVT                    SI  
            SDFNCSND0HVT                    SE  
            SDFNCSND0HVT                   SDN  
            SDFNCSND0HVT                    QN  
            SDFNCSND0HVT                     Q  
            SDFNCSND0HVT                     D  
            SDFNCSND0HVT                   CPN  
            SDFNCSND0HVT                   CDN  
            SDFNCSND1HVT                    SI  
            SDFNCSND1HVT                    SE  
            SDFNCSND1HVT                   SDN  
            SDFNCSND1HVT                    QN  
            SDFNCSND1HVT                     Q  
            SDFNCSND1HVT                     D  
            SDFNCSND1HVT                   CPN  
            SDFNCSND1HVT                   CDN  
            SDFNCSND2HVT                    SI  
            SDFNCSND2HVT                    SE  
            SDFNCSND2HVT                   SDN  
            SDFNCSND2HVT                    QN  
            SDFNCSND2HVT                     Q  
            SDFNCSND2HVT                     D  
            SDFNCSND2HVT                   CPN  
            SDFNCSND2HVT                   CDN  
            SDFNCSND4HVT                    SI  
            SDFNCSND4HVT                    SE  
            SDFNCSND4HVT                   SDN  
            SDFNCSND4HVT                    QN  
            SDFNCSND4HVT                     Q  
            SDFNCSND4HVT                     D  
            SDFNCSND4HVT                   CPN  
            SDFNCSND4HVT                   CDN  
               SDFND0HVT                    SI  
               SDFND0HVT                    SE  
               SDFND0HVT                    QN  
               SDFND0HVT                     Q  
               SDFND0HVT                     D  
               SDFND0HVT                   CPN  
               SDFND1HVT                    SI  
               SDFND1HVT                    SE  
               SDFND1HVT                    QN  
               SDFND1HVT                     Q  
               SDFND1HVT                     D  
               SDFND1HVT                   CPN  
               SDFND2HVT                    SI  
               SDFND2HVT                    SE  
               SDFND2HVT                    QN  
               SDFND2HVT                     Q  
               SDFND2HVT                     D  
               SDFND2HVT                   CPN  
               SDFND4HVT                    SI  
               SDFND4HVT                    SE  
               SDFND4HVT                    QN  
               SDFND4HVT                     Q  
               SDFND4HVT                     D  
               SDFND4HVT                   CPN  
             SDFNSND0HVT                    SI  
             SDFNSND0HVT                    SE  
             SDFNSND0HVT                   SDN  
             SDFNSND0HVT                    QN  
             SDFNSND0HVT                     Q  
             SDFNSND0HVT                     D  
             SDFNSND0HVT                   CPN  
             SDFNSND1HVT                    SI  
             SDFNSND1HVT                    SE  
             SDFNSND1HVT                   SDN  
             SDFNSND1HVT                    QN  
             SDFNSND1HVT                     Q  
             SDFNSND1HVT                     D  
             SDFNSND1HVT                   CPN  
             SDFNSND2HVT                    SI  
             SDFNSND2HVT                    SE  
             SDFNSND2HVT                   SDN  
             SDFNSND2HVT                    QN  
             SDFNSND2HVT                     Q  
             SDFNSND2HVT                     D  
             SDFNSND2HVT                   CPN  
             SDFNSND4HVT                    SI  
             SDFNSND4HVT                    SE  
             SDFNSND4HVT                   SDN  
             SDFNSND4HVT                    QN  
             SDFNSND4HVT                     Q  
             SDFNSND4HVT                     D  
             SDFNSND4HVT                   CPN  
               SDFQD0HVT                    SI  
               SDFQD0HVT                    SE  
               SDFQD0HVT                     Q  
               SDFQD0HVT                     D  
               SDFQD0HVT                    CP  
               SDFQD1HVT                    SI  
               SDFQD1HVT                    SE  
               SDFQD1HVT                     Q  
               SDFQD1HVT                     D  
               SDFQD1HVT                    CP  
               SDFQD2HVT                    SI  
               SDFQD2HVT                    SE  
               SDFQD2HVT                     Q  
               SDFQD2HVT                     D  
               SDFQD2HVT                    CP  
               SDFQD4HVT                    SI  
               SDFQD4HVT                    SE  
               SDFQD4HVT                     Q  
               SDFQD4HVT                     D  
               SDFQD4HVT                    CP  
              SDFQND0HVT                    SI  
              SDFQND0HVT                    SE  
              SDFQND0HVT                    QN  
              SDFQND0HVT                     D  
              SDFQND0HVT                    CP  
              SDFQND1HVT                    SI  
              SDFQND1HVT                    SE  
              SDFQND1HVT                    QN  
              SDFQND1HVT                     D  
              SDFQND1HVT                    CP  
              SDFQND2HVT                    SI  
              SDFQND2HVT                    SE  
              SDFQND2HVT                    QN  
              SDFQND2HVT                     D  
              SDFQND2HVT                    CP  
              SDFQND4HVT                    SI  
              SDFQND4HVT                    SE  
              SDFQND4HVT                    QN  
              SDFQND4HVT                     D  
              SDFQND4HVT                    CP  
              SDFSND0HVT                    SI  
              SDFSND0HVT                    SE  
              SDFSND0HVT                   SDN  
              SDFSND0HVT                    QN  
              SDFSND0HVT                     Q  
              SDFSND0HVT                     D  
              SDFSND0HVT                    CP  
              SDFSND1HVT                    SI  
              SDFSND1HVT                    SE  
              SDFSND1HVT                   SDN  
              SDFSND1HVT                    QN  
              SDFSND1HVT                     Q  
              SDFSND1HVT                     D  
              SDFSND1HVT                    CP  
              SDFSND2HVT                    SI  
              SDFSND2HVT                    SE  
              SDFSND2HVT                   SDN  
              SDFSND2HVT                    QN  
              SDFSND2HVT                     Q  
              SDFSND2HVT                     D  
              SDFSND2HVT                    CP  
              SDFSND4HVT                    SI  
              SDFSND4HVT                    SE  
              SDFSND4HVT                   SDN  
              SDFSND4HVT                    QN  
              SDFSND4HVT                     Q  
              SDFSND4HVT                     D  
              SDFSND4HVT                    CP  
             SDFSNQD0HVT                    SI  
             SDFSNQD0HVT                    SE  
             SDFSNQD0HVT                   SDN  
             SDFSNQD0HVT                     Q  
             SDFSNQD0HVT                     D  
             SDFSNQD0HVT                    CP  
             SDFSNQD1HVT                    SI  
             SDFSNQD1HVT                    SE  
             SDFSNQD1HVT                   SDN  
             SDFSNQD1HVT                     Q  
             SDFSNQD1HVT                     D  
             SDFSNQD1HVT                    CP  
             SDFSNQD2HVT                    SI  
             SDFSNQD2HVT                    SE  
             SDFSNQD2HVT                   SDN  
             SDFSNQD2HVT                     Q  
             SDFSNQD2HVT                     D  
             SDFSNQD2HVT                    CP  
             SDFSNQD4HVT                    SI  
             SDFSNQD4HVT                    SE  
             SDFSNQD4HVT                   SDN  
             SDFSNQD4HVT                     Q  
             SDFSNQD4HVT                     D  
             SDFSNQD4HVT                    CP  
               SDFXD0HVT                    SI  
               SDFXD0HVT                    SE  
               SDFXD0HVT                    SA  
               SDFXD0HVT                    QN  
               SDFXD0HVT                     Q  
               SDFXD0HVT                    DB  
               SDFXD0HVT                    DA  
               SDFXD0HVT                    CP  
               SDFXD1HVT                    SI  
               SDFXD1HVT                    SE  
               SDFXD1HVT                    SA  
               SDFXD1HVT                    QN  
               SDFXD1HVT                     Q  
               SDFXD1HVT                    DB  
               SDFXD1HVT                    DA  
               SDFXD1HVT                    CP  
               SDFXD2HVT                    SI  
               SDFXD2HVT                    SE  
               SDFXD2HVT                    SA  
               SDFXD2HVT                    QN  
               SDFXD2HVT                     Q  
               SDFXD2HVT                    DB  
               SDFXD2HVT                    DA  
               SDFXD2HVT                    CP  
               SDFXD4HVT                    SI  
               SDFXD4HVT                    SE  
               SDFXD4HVT                    SA  
               SDFXD4HVT                    QN  
               SDFXD4HVT                     Q  
               SDFXD4HVT                    DB  
               SDFXD4HVT                    DA  
               SDFXD4HVT                    CP  
              SDFXQD0HVT                    SI  
              SDFXQD0HVT                    SE  
              SDFXQD0HVT                    SA  
              SDFXQD0HVT                     Q  
              SDFXQD0HVT                    DB  
              SDFXQD0HVT                    DA  
              SDFXQD0HVT                    CP  
              SDFXQD1HVT                    SI  
              SDFXQD1HVT                    SE  
              SDFXQD1HVT                    SA  
              SDFXQD1HVT                     Q  
              SDFXQD1HVT                    DB  
              SDFXQD1HVT                    DA  
              SDFXQD1HVT                    CP  
              SDFXQD2HVT                    SI  
              SDFXQD2HVT                    SE  
              SDFXQD2HVT                    SA  
              SDFXQD2HVT                     Q  
              SDFXQD2HVT                    DB  
              SDFXQD2HVT                    DA  
              SDFXQD2HVT                    CP  
              SDFXQD4HVT                    SI  
              SDFXQD4HVT                    SE  
              SDFXQD4HVT                    SA  
              SDFXQD4HVT                     Q  
              SDFXQD4HVT                    DB  
              SDFXQD4HVT                    DA  
              SDFXQD4HVT                    CP  
             SEDFCND0HVT                    SI  
             SEDFCND0HVT                    SE  
             SEDFCND0HVT                    QN  
             SEDFCND0HVT                     Q  
             SEDFCND0HVT                     E  
             SEDFCND0HVT                     D  
             SEDFCND0HVT                    CP  
             SEDFCND0HVT                   CDN  
             SEDFCND1HVT                    SI  
             SEDFCND1HVT                    SE  
             SEDFCND1HVT                    QN  
             SEDFCND1HVT                     Q  
             SEDFCND1HVT                     E  
             SEDFCND1HVT                     D  
             SEDFCND1HVT                    CP  
             SEDFCND1HVT                   CDN  
             SEDFCND2HVT                    SI  
             SEDFCND2HVT                    SE  
             SEDFCND2HVT                    QN  
             SEDFCND2HVT                     Q  
             SEDFCND2HVT                     E  
             SEDFCND2HVT                     D  
             SEDFCND2HVT                    CP  
             SEDFCND2HVT                   CDN  
             SEDFCND4HVT                    SI  
             SEDFCND4HVT                    SE  
             SEDFCND4HVT                    QN  
             SEDFCND4HVT                     Q  
             SEDFCND4HVT                     E  
             SEDFCND4HVT                     D  
             SEDFCND4HVT                    CP  
             SEDFCND4HVT                   CDN  
            SEDFCNQD0HVT                    SI  
            SEDFCNQD0HVT                    SE  
            SEDFCNQD0HVT                     Q  
            SEDFCNQD0HVT                     E  
            SEDFCNQD0HVT                     D  
            SEDFCNQD0HVT                    CP  
            SEDFCNQD0HVT                   CDN  
            SEDFCNQD1HVT                    SI  
            SEDFCNQD1HVT                    SE  
            SEDFCNQD1HVT                     Q  
            SEDFCNQD1HVT                     E  
            SEDFCNQD1HVT                     D  
            SEDFCNQD1HVT                    CP  
            SEDFCNQD1HVT                   CDN  
            SEDFCNQD2HVT                    SI  
            SEDFCNQD2HVT                    SE  
            SEDFCNQD2HVT                     Q  
            SEDFCNQD2HVT                     E  
            SEDFCNQD2HVT                     D  
            SEDFCNQD2HVT                    CP  
            SEDFCNQD2HVT                   CDN  
            SEDFCNQD4HVT                    SI  
            SEDFCNQD4HVT                    SE  
            SEDFCNQD4HVT                     Q  
            SEDFCNQD4HVT                     E  
            SEDFCNQD4HVT                     D  
            SEDFCNQD4HVT                    CP  
            SEDFCNQD4HVT                   CDN  
               SEDFD0HVT                    SI  
               SEDFD0HVT                    SE  
               SEDFD0HVT                    QN  
               SEDFD0HVT                     Q  
               SEDFD0HVT                     E  
               SEDFD0HVT                     D  
               SEDFD0HVT                    CP  
               SEDFD1HVT                    SI  
               SEDFD1HVT                    SE  
               SEDFD1HVT                    QN  
               SEDFD1HVT                     Q  
               SEDFD1HVT                     E  
               SEDFD1HVT                     D  
               SEDFD1HVT                    CP  
               SEDFD2HVT                    SI  
               SEDFD2HVT                    SE  
               SEDFD2HVT                    QN  
               SEDFD2HVT                     Q  
               SEDFD2HVT                     E  
               SEDFD2HVT                     D  
               SEDFD2HVT                    CP  
               SEDFD4HVT                    SI  
               SEDFD4HVT                    SE  
               SEDFD4HVT                    QN  
               SEDFD4HVT                     Q  
               SEDFD4HVT                     E  
               SEDFD4HVT                     D  
               SEDFD4HVT                    CP  
            SEDFKCND0HVT                    SI  
            SEDFKCND0HVT                    SE  
            SEDFKCND0HVT                    QN  
            SEDFKCND0HVT                     Q  
            SEDFKCND0HVT                     E  
            SEDFKCND0HVT                     D  
            SEDFKCND0HVT                    CP  
            SEDFKCND0HVT                    CN  
            SEDFKCND1HVT                    SI  
            SEDFKCND1HVT                    SE  
            SEDFKCND1HVT                    QN  
            SEDFKCND1HVT                     Q  
            SEDFKCND1HVT                     E  
            SEDFKCND1HVT                     D  
            SEDFKCND1HVT                    CP  
            SEDFKCND1HVT                    CN  
            SEDFKCND2HVT                    SI  
            SEDFKCND2HVT                    SE  
            SEDFKCND2HVT                    QN  
            SEDFKCND2HVT                     Q  
            SEDFKCND2HVT                     E  
            SEDFKCND2HVT                     D  
            SEDFKCND2HVT                    CP  
            SEDFKCND2HVT                    CN  
            SEDFKCND4HVT                    SI  
            SEDFKCND4HVT                    SE  
            SEDFKCND4HVT                    QN  
            SEDFKCND4HVT                     Q  
            SEDFKCND4HVT                     E  
            SEDFKCND4HVT                     D  
            SEDFKCND4HVT                    CP  
            SEDFKCND4HVT                    CN  
           SEDFKCNQD0HVT                    SI  
           SEDFKCNQD0HVT                    SE  
           SEDFKCNQD0HVT                     Q  
           SEDFKCNQD0HVT                     E  
           SEDFKCNQD0HVT                     D  
           SEDFKCNQD0HVT                    CP  
           SEDFKCNQD0HVT                    CN  
           SEDFKCNQD1HVT                    SI  
           SEDFKCNQD1HVT                    SE  
           SEDFKCNQD1HVT                     Q  
           SEDFKCNQD1HVT                     E  
           SEDFKCNQD1HVT                     D  
           SEDFKCNQD1HVT                    CP  
           SEDFKCNQD1HVT                    CN  
           SEDFKCNQD2HVT                    SI  
           SEDFKCNQD2HVT                    SE  
           SEDFKCNQD2HVT                     Q  
           SEDFKCNQD2HVT                     E  
           SEDFKCNQD2HVT                     D  
           SEDFKCNQD2HVT                    CP  
           SEDFKCNQD2HVT                    CN  
           SEDFKCNQD4HVT                    SI  
           SEDFKCNQD4HVT                    SE  
           SEDFKCNQD4HVT                     Q  
           SEDFKCNQD4HVT                     E  
           SEDFKCNQD4HVT                     D  
           SEDFKCNQD4HVT                    CP  
           SEDFKCNQD4HVT                    CN  
              SEDFQD0HVT                    SI  
              SEDFQD0HVT                    SE  
              SEDFQD0HVT                     Q  
              SEDFQD0HVT                     E  
              SEDFQD0HVT                     D  
              SEDFQD0HVT                    CP  
              SEDFQD1HVT                    SI  
              SEDFQD1HVT                    SE  
              SEDFQD1HVT                     Q  
              SEDFQD1HVT                     E  
              SEDFQD1HVT                     D  
              SEDFQD1HVT                    CP  
              SEDFQD2HVT                    SI  
              SEDFQD2HVT                    SE  
              SEDFQD2HVT                     Q  
              SEDFQD2HVT                     E  
              SEDFQD2HVT                     D  
              SEDFQD2HVT                    CP  
              SEDFQD4HVT                    SI  
              SEDFQD4HVT                    SE  
              SEDFQD4HVT                     Q  
              SEDFQD4HVT                     E  
              SEDFQD4HVT                     D  
              SEDFQD4HVT                    CP  
             SEDFQND0HVT                    SI  
             SEDFQND0HVT                    SE  
             SEDFQND0HVT                    QN  
             SEDFQND0HVT                     E  
             SEDFQND0HVT                     D  
             SEDFQND0HVT                    CP  
             SEDFQND1HVT                    SI  
             SEDFQND1HVT                    SE  
             SEDFQND1HVT                    QN  
             SEDFQND1HVT                     E  
             SEDFQND1HVT                     D  
             SEDFQND1HVT                    CP  
             SEDFQND2HVT                    SI  
             SEDFQND2HVT                    SE  
             SEDFQND2HVT                    QN  
             SEDFQND2HVT                     E  
             SEDFQND2HVT                     D  
             SEDFQND2HVT                    CP  
             SEDFQND4HVT                    SI  
             SEDFQND4HVT                    SE  
             SEDFQND4HVT                    QN  
             SEDFQND4HVT                     E  
             SEDFQND4HVT                     D  
             SEDFQND4HVT                    CP  
            SEDFQNXD0HVT                    SI  
            SEDFQNXD0HVT                    SE  
            SEDFQNXD0HVT                    QN  
            SEDFQNXD0HVT                     E  
            SEDFQNXD0HVT                     D  
            SEDFQNXD0HVT                    CP  
            SEDFQNXD1HVT                    SI  
            SEDFQNXD1HVT                    SE  
            SEDFQNXD1HVT                    QN  
            SEDFQNXD1HVT                     E  
            SEDFQNXD1HVT                     D  
            SEDFQNXD1HVT                    CP  
            SEDFQNXD2HVT                    SI  
            SEDFQNXD2HVT                    SE  
            SEDFQNXD2HVT                    QN  
            SEDFQNXD2HVT                     E  
            SEDFQNXD2HVT                     D  
            SEDFQNXD2HVT                    CP  
            SEDFQNXD4HVT                    SI  
            SEDFQNXD4HVT                    SE  
            SEDFQNXD4HVT                    QN  
            SEDFQNXD4HVT                     E  
            SEDFQNXD4HVT                     D  
            SEDFQNXD4HVT                    CP  
             SEDFQXD0HVT                    SI  
             SEDFQXD0HVT                    SE  
             SEDFQXD0HVT                     Q  
             SEDFQXD0HVT                     E  
             SEDFQXD0HVT                     D  
             SEDFQXD0HVT                    CP  
             SEDFQXD1HVT                    SI  
             SEDFQXD1HVT                    SE  
             SEDFQXD1HVT                     Q  
             SEDFQXD1HVT                     E  
             SEDFQXD1HVT                     D  
             SEDFQXD1HVT                    CP  
             SEDFQXD2HVT                    SI  
             SEDFQXD2HVT                    SE  
             SEDFQXD2HVT                     Q  
             SEDFQXD2HVT                     E  
             SEDFQXD2HVT                     D  
             SEDFQXD2HVT                    CP  
             SEDFQXD4HVT                    SI  
             SEDFQXD4HVT                    SE  
             SEDFQXD4HVT                     Q  
             SEDFQXD4HVT                     E  
             SEDFQXD4HVT                     D  
             SEDFQXD4HVT                    CP  
              SEDFXD0HVT                    SI  
              SEDFXD0HVT                    SE  
              SEDFXD0HVT                    QN  
              SEDFXD0HVT                     Q  
              SEDFXD0HVT                     E  
              SEDFXD0HVT                     D  
              SEDFXD0HVT                    CP  
              SEDFXD1HVT                    SI  
              SEDFXD1HVT                    SE  
              SEDFXD1HVT                    QN  
              SEDFXD1HVT                     Q  
              SEDFXD1HVT                     E  
              SEDFXD1HVT                     D  
              SEDFXD1HVT                    CP  
              SEDFXD2HVT                    SI  
              SEDFXD2HVT                    SE  
              SEDFXD2HVT                    QN  
              SEDFXD2HVT                     Q  
              SEDFXD2HVT                     E  
              SEDFXD2HVT                     D  
              SEDFXD2HVT                    CP  
              SEDFXD4HVT                    SI  
              SEDFXD4HVT                    SE  
              SEDFXD4HVT                    QN  
              SEDFXD4HVT                     Q  
              SEDFXD4HVT                     E  
              SEDFXD4HVT                     D  
              SEDFXD4HVT                    CP  
                 TIEHHVT                     Z  
                 TIELHVT                    ZN  
               XNR2D0HVT                    ZN  
               XNR2D0HVT                    A2  
               XNR2D0HVT                    A1  
               XNR2D1HVT                    ZN  
               XNR2D1HVT                    A2  
               XNR2D1HVT                    A1  
               XNR2D2HVT                    ZN  
               XNR2D2HVT                    A2  
               XNR2D2HVT                    A1  
               XNR2D4HVT                    ZN  
               XNR2D4HVT                    A2  
               XNR2D4HVT                    A1  
               XNR3D0HVT                    ZN  
               XNR3D0HVT                    A3  
               XNR3D0HVT                    A2  
               XNR3D0HVT                    A1  
               XNR3D1HVT                    ZN  
               XNR3D1HVT                    A3  
               XNR3D1HVT                    A2  
               XNR3D1HVT                    A1  
               XNR3D2HVT                    ZN  
               XNR3D2HVT                    A3  
               XNR3D2HVT                    A2  
               XNR3D2HVT                    A1  
               XNR3D4HVT                    ZN  
               XNR3D4HVT                    A3  
               XNR3D4HVT                    A2  
               XNR3D4HVT                    A1  
               XNR4D0HVT                    ZN  
               XNR4D0HVT                    A4  
               XNR4D0HVT                    A3  
               XNR4D0HVT                    A2  
               XNR4D0HVT                    A1  
               XNR4D1HVT                    ZN  
               XNR4D1HVT                    A4  
               XNR4D1HVT                    A3  
               XNR4D1HVT                    A2  
               XNR4D1HVT                    A1  
               XNR4D2HVT                    ZN  
               XNR4D2HVT                    A4  
               XNR4D2HVT                    A3  
               XNR4D2HVT                    A2  
               XNR4D2HVT                    A1  
               XNR4D4HVT                    ZN  
               XNR4D4HVT                    A4  
               XNR4D4HVT                    A3  
               XNR4D4HVT                    A2  
               XNR4D4HVT                    A1  
               XOR2D0HVT                     Z  
               XOR2D0HVT                    A2  
               XOR2D0HVT                    A1  
               XOR2D1HVT                     Z  
               XOR2D1HVT                    A2  
               XOR2D1HVT                    A1  
               XOR2D2HVT                     Z  
               XOR2D2HVT                    A2  
               XOR2D2HVT                    A1  
               XOR2D4HVT                     Z  
               XOR2D4HVT                    A2  
               XOR2D4HVT                    A1  
               XOR3D0HVT                     Z  
               XOR3D0HVT                    A3  
               XOR3D0HVT                    A2  
               XOR3D0HVT                    A1  
               XOR3D1HVT                     Z  
               XOR3D1HVT                    A3  
               XOR3D1HVT                    A2  
               XOR3D1HVT                    A1  
               XOR3D2HVT                     Z  
               XOR3D2HVT                    A3  
               XOR3D2HVT                    A2  
               XOR3D2HVT                    A1  
               XOR3D4HVT                     Z  
               XOR3D4HVT                    A3  
               XOR3D4HVT                    A2  
               XOR3D4HVT                    A1  
               XOR4D0HVT                     Z  
               XOR4D0HVT                    A4  
               XOR4D0HVT                    A3  
               XOR4D0HVT                    A2  
               XOR4D0HVT                    A1  
               XOR4D1HVT                     Z  
               XOR4D1HVT                    A4  
               XOR4D1HVT                    A3  
               XOR4D1HVT                    A2  
               XOR4D1HVT                    A1  
               XOR4D2HVT                     Z  
               XOR4D2HVT                    A4  
               XOR4D2HVT                    A3  
               XOR4D2HVT                    A2  
               XOR4D2HVT                    A1  
               XOR4D4HVT                     Z  
               XOR4D4HVT                    A4  
               XOR4D4HVT                    A3  
               XOR4D4HVT                    A2  
               XOR4D4HVT                    A1  
                   AN2D0                     Z  
                   AN2D0                    A2  
                   AN2D0                    A1  
                   AN2D1                     Z  
                   AN2D1                    A2  
                   AN2D1                    A1  
                   AN2D2                     Z  
                   AN2D2                    A2  
                   AN2D2                    A1  
                   AN2D4                     Z  
                   AN2D4                    A2  
                   AN2D4                    A1  
                   AN2D8                     Z  
                   AN2D8                    A2  
                   AN2D8                    A1  
                  AN2XD1                     Z  
                  AN2XD1                    A2  
                  AN2XD1                    A1  
                   AN3D0                     Z  
                   AN3D0                    A3  
                   AN3D0                    A2  
                   AN3D0                    A1  
                   AN3D1                     Z  
                   AN3D1                    A3  
                   AN3D1                    A2  
                   AN3D1                    A1  
                   AN3D2                     Z  
                   AN3D2                    A3  
                   AN3D2                    A2  
                   AN3D2                    A1  
                   AN3D4                     Z  
                   AN3D4                    A3  
                   AN3D4                    A2  
                   AN3D4                    A1  
                   AN3D8                     Z  
                   AN3D8                    A3  
                   AN3D8                    A2  
                   AN3D8                    A1  
                  AN3XD1                     Z  
                  AN3XD1                    A3  
                  AN3XD1                    A2  
                  AN3XD1                    A1  
                   AN4D0                     Z  
                   AN4D0                    A4  
                   AN4D0                    A3  
                   AN4D0                    A2  
                   AN4D0                    A1  
                   AN4D1                     Z  
                   AN4D1                    A4  
                   AN4D1                    A3  
                   AN4D1                    A2  
                   AN4D1                    A1  
                   AN4D2                     Z  
                   AN4D2                    A4  
                   AN4D2                    A3  
                   AN4D2                    A2  
                   AN4D2                    A1  
                   AN4D4                     Z  
                   AN4D4                    A4  
                   AN4D4                    A3  
                   AN4D4                    A2  
                   AN4D4                    A1  
                   AN4D8                     Z  
                   AN4D8                    A4  
                   AN4D8                    A3  
                   AN4D8                    A2  
                   AN4D8                    A1  
                  AN4XD1                     Z  
                  AN4XD1                    A4  
                  AN4XD1                    A3  
                  AN4XD1                    A2  
                  AN4XD1                    A1  
                 ANTENNA                     I  
                 AO211D0                     Z  
                 AO211D0                     C  
                 AO211D0                     B  
                 AO211D0                    A2  
                 AO211D0                    A1  
                 AO211D1                     Z  
                 AO211D1                     C  
                 AO211D1                     B  
                 AO211D1                    A2  
                 AO211D1                    A1  
                 AO211D2                     Z  
                 AO211D2                     C  
                 AO211D2                     B  
                 AO211D2                    A2  
                 AO211D2                    A1  
                 AO211D4                     Z  
                 AO211D4                     C  
                 AO211D4                     B  
                 AO211D4                    A2  
                 AO211D4                    A1  
                  AO21D0                     Z  
                  AO21D0                     B  
                  AO21D0                    A2  
                  AO21D0                    A1  
                  AO21D1                     Z  
                  AO21D1                     B  
                  AO21D1                    A2  
                  AO21D1                    A1  
                  AO21D2                     Z  
                  AO21D2                     B  
                  AO21D2                    A2  
                  AO21D2                    A1  
                  AO21D4                     Z  
                  AO21D4                     B  
                  AO21D4                    A2  
                  AO21D4                    A1  
                 AO221D0                     Z  
                 AO221D0                     C  
                 AO221D0                    B2  
                 AO221D0                    B1  
                 AO221D0                    A2  
                 AO221D0                    A1  
                 AO221D1                     Z  
                 AO221D1                     C  
                 AO221D1                    B2  
                 AO221D1                    B1  
                 AO221D1                    A2  
                 AO221D1                    A1  
                 AO221D2                     Z  
                 AO221D2                     C  
                 AO221D2                    B2  
                 AO221D2                    B1  
                 AO221D2                    A2  
                 AO221D2                    A1  
                 AO221D4                     Z  
                 AO221D4                     C  
                 AO221D4                    B2  
                 AO221D4                    B1  
                 AO221D4                    A2  
                 AO221D4                    A1  
                 AO222D0                     Z  
                 AO222D0                    C2  
                 AO222D0                    C1  
                 AO222D0                    B2  
                 AO222D0                    B1  
                 AO222D0                    A2  
                 AO222D0                    A1  
                 AO222D1                     Z  
                 AO222D1                    C2  
                 AO222D1                    C1  
                 AO222D1                    B2  
                 AO222D1                    B1  
                 AO222D1                    A2  
                 AO222D1                    A1  
                 AO222D2                     Z  
                 AO222D2                    C2  
                 AO222D2                    C1  
                 AO222D2                    B2  
                 AO222D2                    B1  
                 AO222D2                    A2  
                 AO222D2                    A1  
                 AO222D4                     Z  
                 AO222D4                    C2  
                 AO222D4                    C1  
                 AO222D4                    B2  
                 AO222D4                    B1  
                 AO222D4                    A2  
                 AO222D4                    A1  
                  AO22D0                     Z  
                  AO22D0                    B2  
                  AO22D0                    B1  
                  AO22D0                    A2  
                  AO22D0                    A1  
                  AO22D1                     Z  
                  AO22D1                    B2  
                  AO22D1                    B1  
                  AO22D1                    A2  
                  AO22D1                    A1  
                  AO22D2                     Z  
                  AO22D2                    B2  
                  AO22D2                    B1  
                  AO22D2                    A2  
                  AO22D2                    A1  
                  AO22D4                     Z  
                  AO22D4                    B2  
                  AO22D4                    B1  
                  AO22D4                    A2  
                  AO22D4                    A1  
                  AO31D0                     Z  
                  AO31D0                     B  
                  AO31D0                    A3  
                  AO31D0                    A2  
                  AO31D0                    A1  
                  AO31D1                     Z  
                  AO31D1                     B  
                  AO31D1                    A3  
                  AO31D1                    A2  
                  AO31D1                    A1  
                  AO31D2                     Z  
                  AO31D2                     B  
                  AO31D2                    A3  
                  AO31D2                    A2  
                  AO31D2                    A1  
                  AO31D4                     Z  
                  AO31D4                     B  
                  AO31D4                    A3  
                  AO31D4                    A2  
                  AO31D4                    A1  
                  AO32D0                     Z  
                  AO32D0                    B2  
                  AO32D0                    B1  
                  AO32D0                    A3  
                  AO32D0                    A2  
                  AO32D0                    A1  
                  AO32D1                     Z  
                  AO32D1                    B2  
                  AO32D1                    B1  
                  AO32D1                    A3  
                  AO32D1                    A2  
                  AO32D1                    A1  
                  AO32D2                     Z  
                  AO32D2                    B2  
                  AO32D2                    B1  
                  AO32D2                    A3  
                  AO32D2                    A2  
                  AO32D2                    A1  
                  AO32D4                     Z  
                  AO32D4                    B2  
                  AO32D4                    B1  
                  AO32D4                    A3  
                  AO32D4                    A2  
                  AO32D4                    A1  
                  AO33D0                     Z  
                  AO33D0                    B3  
                  AO33D0                    B2  
                  AO33D0                    B1  
                  AO33D0                    A3  
                  AO33D0                    A2  
                  AO33D0                    A1  
                  AO33D1                     Z  
                  AO33D1                    B3  
                  AO33D1                    B2  
                  AO33D1                    B1  
                  AO33D1                    A3  
                  AO33D1                    A2  
                  AO33D1                    A1  
                  AO33D2                     Z  
                  AO33D2                    B3  
                  AO33D2                    B2  
                  AO33D2                    B1  
                  AO33D2                    A3  
                  AO33D2                    A2  
                  AO33D2                    A1  
                  AO33D4                     Z  
                  AO33D4                    B3  
                  AO33D4                    B2  
                  AO33D4                    B1  
                  AO33D4                    A3  
                  AO33D4                    A2  
                  AO33D4                    A1  
                AOI211D0                    ZN  
                AOI211D0                     C  
                AOI211D0                     B  
                AOI211D0                    A2  
                AOI211D0                    A1  
                AOI211D1                    ZN  
                AOI211D1                     C  
                AOI211D1                     B  
                AOI211D1                    A2  
                AOI211D1                    A1  
                AOI211D2                    ZN  
                AOI211D2                     C  
                AOI211D2                     B  
                AOI211D2                    A2  
                AOI211D2                    A1  
                AOI211D4                    ZN  
                AOI211D4                     C  
                AOI211D4                     B  
                AOI211D4                    A2  
                AOI211D4                    A1  
               AOI211XD0                    ZN  
               AOI211XD0                     C  
               AOI211XD0                     B  
               AOI211XD0                    A2  
               AOI211XD0                    A1  
               AOI211XD1                    ZN  
               AOI211XD1                     C  
               AOI211XD1                     B  
               AOI211XD1                    A2  
               AOI211XD1                    A1  
               AOI211XD2                    ZN  
               AOI211XD2                     C  
               AOI211XD2                     B  
               AOI211XD2                    A2  
               AOI211XD2                    A1  
               AOI211XD4                    ZN  
               AOI211XD4                     C  
               AOI211XD4                     B  
               AOI211XD4                    A2  
               AOI211XD4                    A1  
                 AOI21D0                    ZN  
                 AOI21D0                     B  
                 AOI21D0                    A2  
                 AOI21D0                    A1  
                 AOI21D1                    ZN  
                 AOI21D1                     B  
                 AOI21D1                    A2  
                 AOI21D1                    A1  
                 AOI21D2                    ZN  
                 AOI21D2                     B  
                 AOI21D2                    A2  
                 AOI21D2                    A1  
                 AOI21D4                    ZN  
                 AOI21D4                     B  
                 AOI21D4                    A2  
                 AOI21D4                    A1  
                AOI221D0                    ZN  
                AOI221D0                     C  
                AOI221D0                    B2  
                AOI221D0                    B1  
                AOI221D0                    A2  
                AOI221D0                    A1  
                AOI221D1                    ZN  
                AOI221D1                     C  
                AOI221D1                    B2  
                AOI221D1                    B1  
                AOI221D1                    A2  
                AOI221D1                    A1  
                AOI221D2                    ZN  
                AOI221D2                     C  
                AOI221D2                    B2  
                AOI221D2                    B1  
                AOI221D2                    A2  
                AOI221D2                    A1  
                AOI221D4                    ZN  
                AOI221D4                     C  
                AOI221D4                    B2  
                AOI221D4                    B1  
                AOI221D4                    A2  
                AOI221D4                    A1  
               AOI221XD4                    ZN  
               AOI221XD4                     C  
               AOI221XD4                    B2  
               AOI221XD4                    B1  
               AOI221XD4                    A2  
               AOI221XD4                    A1  
                AOI222D0                    ZN  
                AOI222D0                    C2  
                AOI222D0                    C1  
                AOI222D0                    B2  
                AOI222D0                    B1  
                AOI222D0                    A2  
                AOI222D0                    A1  
                AOI222D1                    ZN  
                AOI222D1                    C2  
                AOI222D1                    C1  
                AOI222D1                    B2  
                AOI222D1                    B1  
                AOI222D1                    A2  
                AOI222D1                    A1  
                AOI222D2                    ZN  
                AOI222D2                    C2  
                AOI222D2                    C1  
                AOI222D2                    B2  
                AOI222D2                    B1  
                AOI222D2                    A2  
                AOI222D2                    A1  
                AOI222D4                    ZN  
                AOI222D4                    C2  
                AOI222D4                    C1  
                AOI222D4                    B2  
                AOI222D4                    B1  
                AOI222D4                    A2  
                AOI222D4                    A1  
               AOI222XD4                    ZN  
               AOI222XD4                    C2  
               AOI222XD4                    C1  
               AOI222XD4                    B2  
               AOI222XD4                    B1  
               AOI222XD4                    A2  
               AOI222XD4                    A1  
                 AOI22D0                    ZN  
                 AOI22D0                    B2  
                 AOI22D0                    B1  
                 AOI22D0                    A2  
                 AOI22D0                    A1  
                 AOI22D1                    ZN  
                 AOI22D1                    B2  
                 AOI22D1                    B1  
                 AOI22D1                    A2  
                 AOI22D1                    A1  
                 AOI22D2                    ZN  
                 AOI22D2                    B2  
                 AOI22D2                    B1  
                 AOI22D2                    A2  
                 AOI22D2                    A1  
                 AOI22D4                    ZN  
                 AOI22D4                    B2  
                 AOI22D4                    B1  
                 AOI22D4                    A2  
                 AOI22D4                    A1  
                 AOI31D0                    ZN  
                 AOI31D0                     B  
                 AOI31D0                    A3  
                 AOI31D0                    A2  
                 AOI31D0                    A1  
                 AOI31D1                    ZN  
                 AOI31D1                     B  
                 AOI31D1                    A3  
                 AOI31D1                    A2  
                 AOI31D1                    A1  
                 AOI31D2                    ZN  
                 AOI31D2                     B  
                 AOI31D2                    A3  
                 AOI31D2                    A2  
                 AOI31D2                    A1  
                 AOI31D4                    ZN  
                 AOI31D4                     B  
                 AOI31D4                    A3  
                 AOI31D4                    A2  
                 AOI31D4                    A1  
                 AOI32D0                    ZN  
                 AOI32D0                    B2  
                 AOI32D0                    B1  
                 AOI32D0                    A3  
                 AOI32D0                    A2  
                 AOI32D0                    A1  
                 AOI32D1                    ZN  
                 AOI32D1                    B2  
                 AOI32D1                    B1  
                 AOI32D1                    A3  
                 AOI32D1                    A2  
                 AOI32D1                    A1  
                 AOI32D2                    ZN  
                 AOI32D2                    B2  
                 AOI32D2                    B1  
                 AOI32D2                    A3  
                 AOI32D2                    A2  
                 AOI32D2                    A1  
                 AOI32D4                    ZN  
                 AOI32D4                    B2  
                 AOI32D4                    B1  
                 AOI32D4                    A3  
                 AOI32D4                    A2  
                 AOI32D4                    A1  
                AOI32XD4                    ZN  
                AOI32XD4                    B2  
                AOI32XD4                    B1  
                AOI32XD4                    A3  
                AOI32XD4                    A2  
                AOI32XD4                    A1  
                 AOI33D0                    ZN  
                 AOI33D0                    B3  
                 AOI33D0                    B2  
                 AOI33D0                    B1  
                 AOI33D0                    A3  
                 AOI33D0                    A2  
                 AOI33D0                    A1  
                 AOI33D1                    ZN  
                 AOI33D1                    B3  
                 AOI33D1                    B2  
                 AOI33D1                    B1  
                 AOI33D1                    A3  
                 AOI33D1                    A2  
                 AOI33D1                    A1  
                 AOI33D2                    ZN  
                 AOI33D2                    B3  
                 AOI33D2                    B2  
                 AOI33D2                    B1  
                 AOI33D2                    A3  
                 AOI33D2                    A2  
                 AOI33D2                    A1  
                 AOI33D4                    ZN  
                 AOI33D4                    B3  
                 AOI33D4                    B2  
                 AOI33D4                    B1  
                 AOI33D4                    A3  
                 AOI33D4                    A2  
                 AOI33D4                    A1  
                AOI33XD4                    ZN  
                AOI33XD4                    B3  
                AOI33XD4                    B2  
                AOI33XD4                    B1  
                AOI33XD4                    A3  
                AOI33XD4                    A2  
                AOI33XD4                    A1  
                  BENCD1                    X2  
                  BENCD1                     S  
                  BENCD1                    M2  
                  BENCD1                    M1  
                  BENCD1                    M0  
                  BENCD1                     A  
                  BENCD2                    X2  
                  BENCD2                     S  
                  BENCD2                    M2  
                  BENCD2                    M1  
                  BENCD2                    M0  
                  BENCD2                     A  
                  BENCD4                    X2  
                  BENCD4                     S  
                  BENCD4                    M2  
                  BENCD4                    M1  
                  BENCD4                    M0  
                  BENCD4                     A  
                     BHD                     Z  
                   BMLD1                    X2  
                   BMLD1                     S  
                   BMLD1                    PP  
                   BMLD1                    M1  
                   BMLD1                    M0  
                   BMLD1                     A  
                   BMLD2                    X2  
                   BMLD2                     S  
                   BMLD2                    PP  
                   BMLD2                    M1  
                   BMLD2                    M0  
                   BMLD2                     A  
                   BMLD4                    X2  
                   BMLD4                     S  
                   BMLD4                    PP  
                   BMLD4                    M1  
                   BMLD4                    M0  
                   BMLD4                     A  
                  BUFFD0                     Z  
                  BUFFD0                     I  
                  BUFFD1                     Z  
                  BUFFD1                     I  
                 BUFFD12                     Z  
                 BUFFD12                     I  
                 BUFFD16                     Z  
                 BUFFD16                     I  
                  BUFFD2                     Z  
                  BUFFD2                     I  
                 BUFFD20                     Z  
                 BUFFD20                     I  
                 BUFFD24                     Z  
                 BUFFD24                     I  
                  BUFFD3                     Z  
                  BUFFD3                     I  
                  BUFFD4                     Z  
                  BUFFD4                     I  
                  BUFFD6                     Z  
                  BUFFD6                     I  
                  BUFFD8                     Z  
                  BUFFD8                     I  
                  BUFTD0                     Z  
                  BUFTD0                    OE  
                  BUFTD0                     I  
                  BUFTD1                     Z  
                  BUFTD1                    OE  
                  BUFTD1                     I  
                 BUFTD12                     Z  
                 BUFTD12                    OE  
                 BUFTD12                     I  
                 BUFTD16                     Z  
                 BUFTD16                    OE  
                 BUFTD16                     I  
                  BUFTD2                     Z  
                  BUFTD2                    OE  
                  BUFTD2                     I  
                 BUFTD20                     Z  
                 BUFTD20                    OE  
                 BUFTD20                     I  
                 BUFTD24                     Z  
                 BUFTD24                    OE  
                 BUFTD24                     I  
                  BUFTD3                     Z  
                  BUFTD3                    OE  
                  BUFTD3                     I  
                  BUFTD4                     Z  
                  BUFTD4                    OE  
                  BUFTD4                     I  
                  BUFTD6                     Z  
                  BUFTD6                    OE  
                  BUFTD6                     I  
                  BUFTD8                     Z  
                  BUFTD8                    OE  
                  BUFTD8                     I  
                 CKAN2D0                     Z  
                 CKAN2D0                    A2  
                 CKAN2D0                    A1  
                 CKAN2D1                     Z  
                 CKAN2D1                    A2  
                 CKAN2D1                    A1  
                 CKAN2D2                     Z  
                 CKAN2D2                    A2  
                 CKAN2D2                    A1  
                 CKAN2D4                     Z  
                 CKAN2D4                    A2  
                 CKAN2D4                    A1  
                 CKAN2D8                     Z  
                 CKAN2D8                    A2  
                 CKAN2D8                    A1  
                   CKBD0                     Z  
                   CKBD0                     I  
                   CKBD1                     Z  
                   CKBD1                     I  
                  CKBD12                     Z  
                  CKBD12                     I  
                  CKBD16                     Z  
                  CKBD16                     I  
                   CKBD2                     Z  
                   CKBD2                     I  
                  CKBD20                     Z  
                  CKBD20                     I  
                  CKBD24                     Z  
                  CKBD24                     I  
                   CKBD3                     Z  
                   CKBD3                     I  
                   CKBD4                     Z  
                   CKBD4                     I  
                   CKBD6                     Z  
                   CKBD6                     I  
                   CKBD8                     Z  
                   CKBD8                     I  
                 CKLHQD1                    TE  
                 CKLHQD1                     Q  
                 CKLHQD1                     E  
                 CKLHQD1                   CPN  
                CKLHQD12                    TE  
                CKLHQD12                     Q  
                CKLHQD12                     E  
                CKLHQD12                   CPN  
                CKLHQD16                    TE  
                CKLHQD16                     Q  
                CKLHQD16                     E  
                CKLHQD16                   CPN  
                 CKLHQD2                    TE  
                 CKLHQD2                     Q  
                 CKLHQD2                     E  
                 CKLHQD2                   CPN  
                CKLHQD20                    TE  
                CKLHQD20                     Q  
                CKLHQD20                     E  
                CKLHQD20                   CPN  
                CKLHQD24                    TE  
                CKLHQD24                     Q  
                CKLHQD24                     E  
                CKLHQD24                   CPN  
                 CKLHQD3                    TE  
                 CKLHQD3                     Q  
                 CKLHQD3                     E  
                 CKLHQD3                   CPN  
                 CKLHQD4                    TE  
                 CKLHQD4                     Q  
                 CKLHQD4                     E  
                 CKLHQD4                   CPN  
                 CKLHQD6                    TE  
                 CKLHQD6                     Q  
                 CKLHQD6                     E  
                 CKLHQD6                   CPN  
                 CKLHQD8                    TE  
                 CKLHQD8                     Q  
                 CKLHQD8                     E  
                 CKLHQD8                   CPN  
                 CKLNQD1                    TE  
                 CKLNQD1                     Q  
                 CKLNQD1                     E  
                 CKLNQD1                    CP  
                CKLNQD12                    TE  
                CKLNQD12                     Q  
                CKLNQD12                     E  
                CKLNQD12                    CP  
                CKLNQD16                    TE  
                CKLNQD16                     Q  
                CKLNQD16                     E  
                CKLNQD16                    CP  
                 CKLNQD2                    TE  
                 CKLNQD2                     Q  
                 CKLNQD2                     E  
                 CKLNQD2                    CP  
                CKLNQD20                    TE  
                CKLNQD20                     Q  
                CKLNQD20                     E  
                CKLNQD20                    CP  
                CKLNQD24                    TE  
                CKLNQD24                     Q  
                CKLNQD24                     E  
                CKLNQD24                    CP  
                 CKLNQD3                    TE  
                 CKLNQD3                     Q  
                 CKLNQD3                     E  
                 CKLNQD3                    CP  
                 CKLNQD4                    TE  
                 CKLNQD4                     Q  
                 CKLNQD4                     E  
                 CKLNQD4                    CP  
                 CKLNQD6                    TE  
                 CKLNQD6                     Q  
                 CKLNQD6                     E  
                 CKLNQD6                    CP  
                 CKLNQD8                    TE  
                 CKLNQD8                     Q  
                 CKLNQD8                     E  
                 CKLNQD8                    CP  
                CKMUX2D0                     Z  
                CKMUX2D0                     S  
                CKMUX2D0                    I1  
                CKMUX2D0                    I0  
                CKMUX2D1                     Z  
                CKMUX2D1                     S  
                CKMUX2D1                    I1  
                CKMUX2D1                    I0  
                CKMUX2D2                     Z  
                CKMUX2D2                     S  
                CKMUX2D2                    I1  
                CKMUX2D2                    I0  
                CKMUX2D4                     Z  
                CKMUX2D4                     S  
                CKMUX2D4                    I1  
                CKMUX2D4                    I0  
                   CKND0                    ZN  
                   CKND0                     I  
                   CKND1                    ZN  
                   CKND1                     I  
                  CKND12                    ZN  
                  CKND12                     I  
                  CKND16                    ZN  
                  CKND16                     I  
                   CKND2                    ZN  
                   CKND2                     I  
                  CKND20                    ZN  
                  CKND20                     I  
                  CKND24                    ZN  
                  CKND24                     I  
                 CKND2D0                    ZN  
                 CKND2D0                    A2  
                 CKND2D0                    A1  
                 CKND2D1                    ZN  
                 CKND2D1                    A2  
                 CKND2D1                    A1  
                 CKND2D2                    ZN  
                 CKND2D2                    A2  
                 CKND2D2                    A1  
                 CKND2D3                    ZN  
                 CKND2D3                    A2  
                 CKND2D3                    A1  
                 CKND2D4                    ZN  
                 CKND2D4                    A2  
                 CKND2D4                    A1  
                 CKND2D8                    ZN  
                 CKND2D8                    A2  
                 CKND2D8                    A1  
                   CKND3                    ZN  
                   CKND3                     I  
                   CKND4                    ZN  
                   CKND4                     I  
                   CKND6                    ZN  
                   CKND6                     I  
                   CKND8                    ZN  
                   CKND8                     I  
                CKXOR2D0                     Z  
                CKXOR2D0                    A2  
                CKXOR2D0                    A1  
                CKXOR2D1                     Z  
                CKXOR2D1                    A2  
                CKXOR2D1                    A1  
                CKXOR2D2                     Z  
                CKXOR2D2                    A2  
                CKXOR2D2                    A1  
                CKXOR2D4                     Z  
                CKXOR2D4                    A2  
                CKXOR2D4                    A1  
                CMPE42D1                     S  
                CMPE42D1                     D  
                CMPE42D1                   COX  
                CMPE42D1                    CO  
                CMPE42D1                   CIX  
                CMPE42D1                     C  
                CMPE42D1                     B  
                CMPE42D1                     A  
                CMPE42D2                     S  
                CMPE42D2                     D  
                CMPE42D2                   COX  
                CMPE42D2                    CO  
                CMPE42D2                   CIX  
                CMPE42D2                     C  
                CMPE42D2                     B  
                CMPE42D2                     A  
                    DEL0                     Z  
                    DEL0                     I  
                  DEL005                     Z  
                  DEL005                     I  
                   DEL01                     Z  
                   DEL01                     I  
                  DEL015                     Z  
                  DEL015                     I  
                   DEL02                     Z  
                   DEL02                     I  
                    DEL1                     Z  
                    DEL1                     I  
                    DEL2                     Z  
                    DEL2                     I  
                    DEL3                     Z  
                    DEL3                     I  
                    DEL4                     Z  
                    DEL4                     I  
                  DFCND1                    QN  
                  DFCND1                     Q  
                  DFCND1                     D  
                  DFCND1                    CP  
                  DFCND1                   CDN  
                  DFCND2                    QN  
                  DFCND2                     Q  
                  DFCND2                     D  
                  DFCND2                    CP  
                  DFCND2                   CDN  
                  DFCND4                    QN  
                  DFCND4                     Q  
                  DFCND4                     D  
                  DFCND4                    CP  
                  DFCND4                   CDN  
                 DFCNQD1                     Q  
                 DFCNQD1                     D  
                 DFCNQD1                    CP  
                 DFCNQD1                   CDN  
                 DFCNQD2                     Q  
                 DFCNQD2                     D  
                 DFCNQD2                    CP  
                 DFCNQD2                   CDN  
                 DFCNQD4                     Q  
                 DFCNQD4                     D  
                 DFCNQD4                    CP  
                 DFCNQD4                   CDN  
                 DFCSND1                   SDN  
                 DFCSND1                    QN  
                 DFCSND1                     Q  
                 DFCSND1                     D  
                 DFCSND1                    CP  
                 DFCSND1                   CDN  
                 DFCSND2                   SDN  
                 DFCSND2                    QN  
                 DFCSND2                     Q  
                 DFCSND2                     D  
                 DFCSND2                    CP  
                 DFCSND2                   CDN  
                 DFCSND4                   SDN  
                 DFCSND4                    QN  
                 DFCSND4                     Q  
                 DFCSND4                     D  
                 DFCSND4                    CP  
                 DFCSND4                   CDN  
                DFCSNQD1                   SDN  
                DFCSNQD1                     Q  
                DFCSNQD1                     D  
                DFCSNQD1                    CP  
                DFCSNQD1                   CDN  
                DFCSNQD2                   SDN  
                DFCSNQD2                     Q  
                DFCSNQD2                     D  
                DFCSNQD2                    CP  
                DFCSNQD2                   CDN  
                DFCSNQD4                   SDN  
                DFCSNQD4                     Q  
                DFCSNQD4                     D  
                DFCSNQD4                    CP  
                DFCSNQD4                   CDN  
                    DFD1                    QN  
                    DFD1                     Q  
                    DFD1                     D  
                    DFD1                    CP  
                    DFD2                    QN  
                    DFD2                     Q  
                    DFD2                     D  
                    DFD2                    CP  
                    DFD4                    QN  
                    DFD4                     Q  
                    DFD4                     D  
                    DFD4                    CP  
                 DFKCND1                    QN  
                 DFKCND1                     Q  
                 DFKCND1                     D  
                 DFKCND1                    CP  
                 DFKCND1                    CN  
                 DFKCND2                    QN  
                 DFKCND2                     Q  
                 DFKCND2                     D  
                 DFKCND2                    CP  
                 DFKCND2                    CN  
                 DFKCND4                    QN  
                 DFKCND4                     Q  
                 DFKCND4                     D  
                 DFKCND4                    CP  
                 DFKCND4                    CN  
                DFKCNQD1                     Q  
                DFKCNQD1                     D  
                DFKCNQD1                    CP  
                DFKCNQD1                    CN  
                DFKCNQD2                     Q  
                DFKCNQD2                     D  
                DFKCNQD2                    CP  
                DFKCNQD2                    CN  
                DFKCNQD4                     Q  
                DFKCNQD4                     D  
                DFKCNQD4                    CP  
                DFKCNQD4                    CN  
                DFKCSND1                    SN  
                DFKCSND1                    QN  
                DFKCSND1                     Q  
                DFKCSND1                     D  
                DFKCSND1                    CP  
                DFKCSND1                    CN  
                DFKCSND2                    SN  
                DFKCSND2                    QN  
                DFKCSND2                     Q  
                DFKCSND2                     D  
                DFKCSND2                    CP  
                DFKCSND2                    CN  
                DFKCSND4                    SN  
                DFKCSND4                    QN  
                DFKCSND4                     Q  
                DFKCSND4                     D  
                DFKCSND4                    CP  
                DFKCSND4                    CN  
                 DFKSND1                    SN  
                 DFKSND1                    QN  
                 DFKSND1                     Q  
                 DFKSND1                     D  
                 DFKSND1                    CP  
                 DFKSND2                    SN  
                 DFKSND2                    QN  
                 DFKSND2                     Q  
                 DFKSND2                     D  
                 DFKSND2                    CP  
                 DFKSND4                    SN  
                 DFKSND4                    QN  
                 DFKSND4                     Q  
                 DFKSND4                     D  
                 DFKSND4                    CP  
                 DFNCND1                    QN  
                 DFNCND1                     Q  
                 DFNCND1                     D  
                 DFNCND1                   CPN  
                 DFNCND1                   CDN  
                 DFNCND2                    QN  
                 DFNCND2                     Q  
                 DFNCND2                     D  
                 DFNCND2                   CPN  
                 DFNCND2                   CDN  
                 DFNCND4                    QN  
                 DFNCND4                     Q  
                 DFNCND4                     D  
                 DFNCND4                   CPN  
                 DFNCND4                   CDN  
                DFNCSND1                   SDN  
                DFNCSND1                    QN  
                DFNCSND1                     Q  
                DFNCSND1                     D  
                DFNCSND1                   CPN  
                DFNCSND1                   CDN  
                DFNCSND2                   SDN  
                DFNCSND2                    QN  
                DFNCSND2                     Q  
                DFNCSND2                     D  
                DFNCSND2                   CPN  
                DFNCSND2                   CDN  
                DFNCSND4                   SDN  
                DFNCSND4                    QN  
                DFNCSND4                     Q  
                DFNCSND4                     D  
                DFNCSND4                   CPN  
                DFNCSND4                   CDN  
                   DFND1                    QN  
                   DFND1                     Q  
                   DFND1                     D  
                   DFND1                   CPN  
                   DFND2                    QN  
                   DFND2                     Q  
                   DFND2                     D  
                   DFND2                   CPN  
                   DFND4                    QN  
                   DFND4                     Q  
                   DFND4                     D  
                   DFND4                   CPN  
                 DFNSND1                   SDN  
                 DFNSND1                    QN  
                 DFNSND1                     Q  
                 DFNSND1                     D  
                 DFNSND1                   CPN  
                 DFNSND2                   SDN  
                 DFNSND2                    QN  
                 DFNSND2                     Q  
                 DFNSND2                     D  
                 DFNSND2                   CPN  
                 DFNSND4                   SDN  
                 DFNSND4                    QN  
                 DFNSND4                     Q  
                 DFNSND4                     D  
                 DFNSND4                   CPN  
                   DFQD1                     Q  
                   DFQD1                     D  
                   DFQD1                    CP  
                   DFQD2                     Q  
                   DFQD2                     D  
                   DFQD2                    CP  
                   DFQD4                     Q  
                   DFQD4                     D  
                   DFQD4                    CP  
                  DFSND1                   SDN  
                  DFSND1                    QN  
                  DFSND1                     Q  
                  DFSND1                     D  
                  DFSND1                    CP  
                  DFSND2                   SDN  
                  DFSND2                    QN  
                  DFSND2                     Q  
                  DFSND2                     D  
                  DFSND2                    CP  
                  DFSND4                   SDN  
                  DFSND4                    QN  
                  DFSND4                     Q  
                  DFSND4                     D  
                  DFSND4                    CP  
                 DFSNQD1                   SDN  
                 DFSNQD1                     Q  
                 DFSNQD1                     D  
                 DFSNQD1                    CP  
                 DFSNQD2                   SDN  
                 DFSNQD2                     Q  
                 DFSNQD2                     D  
                 DFSNQD2                    CP  
                 DFSNQD4                   SDN  
                 DFSNQD4                     Q  
                 DFSNQD4                     D  
                 DFSNQD4                    CP  
                   DFXD1                    SA  
                   DFXD1                    QN  
                   DFXD1                     Q  
                   DFXD1                    DB  
                   DFXD1                    DA  
                   DFXD1                    CP  
                   DFXD2                    SA  
                   DFXD2                    QN  
                   DFXD2                     Q  
                   DFXD2                    DB  
                   DFXD2                    DA  
                   DFXD2                    CP  
                   DFXD4                    SA  
                   DFXD4                    QN  
                   DFXD4                     Q  
                   DFXD4                    DB  
                   DFXD4                    DA  
                   DFXD4                    CP  
                  DFXQD1                    SA  
                  DFXQD1                     Q  
                  DFXQD1                    DB  
                  DFXQD1                    DA  
                  DFXQD1                    CP  
                  DFXQD2                    SA  
                  DFXQD2                     Q  
                  DFXQD2                    DB  
                  DFXQD2                    DA  
                  DFXQD2                    CP  
                  DFXQD4                    SA  
                  DFXQD4                     Q  
                  DFXQD4                    DB  
                  DFXQD4                    DA  
                  DFXQD4                    CP  
                 EDFCND1                    QN  
                 EDFCND1                     Q  
                 EDFCND1                     E  
                 EDFCND1                     D  
                 EDFCND1                    CP  
                 EDFCND1                   CDN  
                 EDFCND2                    QN  
                 EDFCND2                     Q  
                 EDFCND2                     E  
                 EDFCND2                     D  
                 EDFCND2                    CP  
                 EDFCND2                   CDN  
                 EDFCND4                    QN  
                 EDFCND4                     Q  
                 EDFCND4                     E  
                 EDFCND4                     D  
                 EDFCND4                    CP  
                 EDFCND4                   CDN  
                EDFCNQD1                     Q  
                EDFCNQD1                     E  
                EDFCNQD1                     D  
                EDFCNQD1                    CP  
                EDFCNQD1                   CDN  
                EDFCNQD2                     Q  
                EDFCNQD2                     E  
                EDFCNQD2                     D  
                EDFCNQD2                    CP  
                EDFCNQD2                   CDN  
                EDFCNQD4                     Q  
                EDFCNQD4                     E  
                EDFCNQD4                     D  
                EDFCNQD4                    CP  
                EDFCNQD4                   CDN  
                   EDFD1                    QN  
                   EDFD1                     Q  
                   EDFD1                     E  
                   EDFD1                     D  
                   EDFD1                    CP  
                   EDFD2                    QN  
                   EDFD2                     Q  
                   EDFD2                     E  
                   EDFD2                     D  
                   EDFD2                    CP  
                   EDFD4                    QN  
                   EDFD4                     Q  
                   EDFD4                     E  
                   EDFD4                     D  
                   EDFD4                    CP  
                EDFKCND1                    QN  
                EDFKCND1                     Q  
                EDFKCND1                     E  
                EDFKCND1                     D  
                EDFKCND1                    CP  
                EDFKCND1                    CN  
                EDFKCND2                    QN  
                EDFKCND2                     Q  
                EDFKCND2                     E  
                EDFKCND2                     D  
                EDFKCND2                    CP  
                EDFKCND2                    CN  
                EDFKCND4                    QN  
                EDFKCND4                     Q  
                EDFKCND4                     E  
                EDFKCND4                     D  
                EDFKCND4                    CP  
                EDFKCND4                    CN  
               EDFKCNQD1                     Q  
               EDFKCNQD1                     E  
               EDFKCNQD1                     D  
               EDFKCNQD1                    CP  
               EDFKCNQD1                    CN  
               EDFKCNQD2                     Q  
               EDFKCNQD2                     E  
               EDFKCNQD2                     D  
               EDFKCNQD2                    CP  
               EDFKCNQD2                    CN  
               EDFKCNQD4                     Q  
               EDFKCNQD4                     E  
               EDFKCNQD4                     D  
               EDFKCNQD4                    CP  
               EDFKCNQD4                    CN  
                  EDFQD1                     Q  
                  EDFQD1                     E  
                  EDFQD1                     D  
                  EDFQD1                    CP  
                  EDFQD2                     Q  
                  EDFQD2                     E  
                  EDFQD2                     D  
                  EDFQD2                    CP  
                  EDFQD4                     Q  
                  EDFQD4                     E  
                  EDFQD4                     D  
                  EDFQD4                    CP  
                   FA1D0                     S  
                   FA1D0                    CO  
                   FA1D0                    CI  
                   FA1D0                     B  
                   FA1D0                     A  
                   FA1D1                     S  
                   FA1D1                    CO  
                   FA1D1                    CI  
                   FA1D1                     B  
                   FA1D1                     A  
                   FA1D2                     S  
                   FA1D2                    CO  
                   FA1D2                    CI  
                   FA1D2                     B  
                   FA1D2                     A  
                   FA1D4                     S  
                   FA1D4                    CO  
                   FA1D4                    CI  
                   FA1D4                     B  
                   FA1D4                     A  
                FCICIND1                    CO  
                FCICIND1                   CIN  
                FCICIND1                     B  
                FCICIND1                     A  
                FCICIND2                    CO  
                FCICIND2                   CIN  
                FCICIND2                     B  
                FCICIND2                     A  
                FCICOND1                   CON  
                FCICOND1                    CI  
                FCICOND1                     B  
                FCICOND1                     A  
                FCICOND2                   CON  
                FCICOND2                    CI  
                FCICOND2                     B  
                FCICOND2                     A  
               FCSICIND1                     S  
               FCSICIND1                    CS  
               FCSICIND1                   CO1  
               FCSICIND1                   CO0  
               FCSICIND1                  CIN1  
               FCSICIND1                  CIN0  
               FCSICIND1                     B  
               FCSICIND1                     A  
               FCSICIND2                     S  
               FCSICIND2                    CS  
               FCSICIND2                   CO1  
               FCSICIND2                   CO0  
               FCSICIND2                  CIN1  
               FCSICIND2                  CIN0  
               FCSICIND2                     B  
               FCSICIND2                     A  
               FCSICOND1                     S  
               FCSICOND1                    CS  
               FCSICOND1                  CON1  
               FCSICOND1                  CON0  
               FCSICOND1                   CI1  
               FCSICOND1                   CI0  
               FCSICOND1                     B  
               FCSICOND1                     A  
               FCSICOND2                     S  
               FCSICOND2                    CS  
               FCSICOND2                  CON1  
               FCSICOND2                  CON0  
               FCSICOND2                   CI1  
               FCSICOND2                   CI0  
               FCSICOND2                     B  
               FCSICOND2                     A  
                 FICIND1                     S  
                 FICIND1                    CO  
                 FICIND1                   CIN  
                 FICIND1                     B  
                 FICIND1                     A  
                 FICIND2                     S  
                 FICIND2                    CO  
                 FICIND2                   CIN  
                 FICIND2                     B  
                 FICIND2                     A  
                 FICOND1                     S  
                 FICOND1                   CON  
                 FICOND1                    CI  
                 FICOND1                     B  
                 FICOND1                     A  
                 FICOND2                     S  
                 FICOND2                   CON  
                 FICOND2                    CI  
                 FICOND2                     B  
                 FICOND2                     A  
                FIICOND1                     S  
                FIICOND1                  CON1  
                FIICOND1                  CON0  
                FIICOND1                     C  
                FIICOND1                     B  
                FIICOND1                     A  
                FIICOND2                     S  
                FIICOND2                  CON1  
                FIICOND2                  CON0  
                FIICOND2                     C  
                FIICOND2                     B  
                FIICOND2                     A  
                  GAN2D1                     Z  
                  GAN2D1                    A2  
                  GAN2D1                    A1  
                  GAN2D2                     Z  
                  GAN2D2                    A2  
                  GAN2D2                    A1  
                GAOI21D1                    ZN  
                GAOI21D1                     B  
                GAOI21D1                    A2  
                GAOI21D1                    A1  
                GAOI21D2                    ZN  
                GAOI21D2                     B  
                GAOI21D2                    A2  
                GAOI21D2                    A1  
                GAOI22D1                    ZN  
                GAOI22D1                    B2  
                GAOI22D1                    B1  
                GAOI22D1                    A2  
                GAOI22D1                    A1  
                 GBUFFD1                     Z  
                 GBUFFD1                     I  
                 GBUFFD2                     Z  
                 GBUFFD2                     I  
                 GBUFFD3                     Z  
                 GBUFFD3                     I  
                 GBUFFD4                     Z  
                 GBUFFD4                     I  
                 GBUFFD8                     Z  
                 GBUFFD8                     I  
                GDFCNQD1                     Q  
                GDFCNQD1                     D  
                GDFCNQD1                    CP  
                GDFCNQD1                   CDN  
                  GDFQD1                     Q  
                  GDFQD1                     D  
                  GDFQD1                    CP  
                  GINVD1                    ZN  
                  GINVD1                     I  
                  GINVD2                    ZN  
                  GINVD2                     I  
                  GINVD3                    ZN  
                  GINVD3                     I  
                  GINVD4                    ZN  
                  GINVD4                     I  
                  GINVD8                    ZN  
                  GINVD8                     I  
                 GMUX2D1                     Z  
                 GMUX2D1                     S  
                 GMUX2D1                    I1  
                 GMUX2D1                    I0  
                 GMUX2D2                     Z  
                 GMUX2D2                     S  
                 GMUX2D2                    I1  
                 GMUX2D2                    I0  
                GMUX2ND1                    ZN  
                GMUX2ND1                     S  
                GMUX2ND1                    I1  
                GMUX2ND1                    I0  
                GMUX2ND2                    ZN  
                GMUX2ND2                     S  
                GMUX2ND2                    I1  
                GMUX2ND2                    I0  
                  GND2D1                    ZN  
                  GND2D1                    A2  
                  GND2D1                    A1  
                  GND2D2                    ZN  
                  GND2D2                    A2  
                  GND2D2                    A1  
                  GND2D3                    ZN  
                  GND2D3                    A2  
                  GND2D3                    A1  
                  GND2D4                    ZN  
                  GND2D4                    A2  
                  GND2D4                    A1  
                  GND3D1                    ZN  
                  GND3D1                    A3  
                  GND3D1                    A2  
                  GND3D1                    A1  
                  GND3D2                    ZN  
                  GND3D2                    A3  
                  GND3D2                    A2  
                  GND3D2                    A1  
                  GNR2D1                    ZN  
                  GNR2D1                    A2  
                  GNR2D1                    A1  
                  GNR2D2                    ZN  
                  GNR2D2                    A2  
                  GNR2D2                    A1  
                  GNR3D1                    ZN  
                  GNR3D1                    A3  
                  GNR3D1                    A2  
                  GNR3D1                    A1  
                  GNR3D2                    ZN  
                  GNR3D2                    A3  
                  GNR3D2                    A2  
                  GNR3D2                    A1  
                GOAI21D1                    ZN  
                GOAI21D1                     B  
                GOAI21D1                    A2  
                GOAI21D1                    A1  
                GOAI21D2                    ZN  
                GOAI21D2                     B  
                GOAI21D2                    A2  
                GOAI21D2                    A1  
                  GOR2D1                     Z  
                  GOR2D1                    A2  
                  GOR2D1                    A1  
                  GOR2D2                     Z  
                  GOR2D2                    A2  
                  GOR2D2                    A1  
               GSDFCNQD1                    SI  
               GSDFCNQD1                    SE  
               GSDFCNQD1                     Q  
               GSDFCNQD1                     D  
               GSDFCNQD1                    CP  
               GSDFCNQD1                   CDN  
                   GTIEH                     Z  
                   GTIEL                    ZN  
                 GXNR2D1                    ZN  
                 GXNR2D1                    A2  
                 GXNR2D1                    A1  
                 GXNR2D2                    ZN  
                 GXNR2D2                    A2  
                 GXNR2D2                    A1  
                 GXOR2D1                     Z  
                 GXOR2D1                    A2  
                 GXOR2D1                    A1  
                 GXOR2D2                     Z  
                 GXOR2D2                    A2  
                 GXOR2D2                    A1  
                   HA1D0                     S  
                   HA1D0                    CO  
                   HA1D0                     B  
                   HA1D0                     A  
                   HA1D1                     S  
                   HA1D1                    CO  
                   HA1D1                     B  
                   HA1D1                     A  
                   HA1D2                     S  
                   HA1D2                    CO  
                   HA1D2                     B  
                   HA1D2                     A  
                   HA1D4                     S  
                   HA1D4                    CO  
                   HA1D4                     B  
                   HA1D4                     A  
               HCOSCIND1                     S  
               HCOSCIND1                    CS  
               HCOSCIND1                    CO  
               HCOSCIND1                   CIN  
               HCOSCIND1                     A  
               HCOSCIND2                     S  
               HCOSCIND2                    CS  
               HCOSCIND2                    CO  
               HCOSCIND2                   CIN  
               HCOSCIND2                     A  
               HCOSCOND1                     S  
               HCOSCOND1                    CS  
               HCOSCOND1                   CON  
               HCOSCOND1                    CI  
               HCOSCOND1                     A  
               HCOSCOND2                     S  
               HCOSCOND2                    CS  
               HCOSCOND2                   CON  
               HCOSCOND2                    CI  
               HCOSCOND2                     A  
                 HICIND1                     S  
                 HICIND1                    CO  
                 HICIND1                   CIN  
                 HICIND1                     A  
                 HICIND2                     S  
                 HICIND2                    CO  
                 HICIND2                   CIN  
                 HICIND2                     A  
                 HICOND1                     S  
                 HICOND1                   CON  
                 HICOND1                    CI  
                 HICOND1                     A  
                 HICOND2                     S  
                 HICOND2                   CON  
                 HICOND2                    CI  
                 HICOND2                     A  
                 IAO21D0                    ZN  
                 IAO21D0                     B  
                 IAO21D0                    A2  
                 IAO21D0                    A1  
                 IAO21D1                    ZN  
                 IAO21D1                     B  
                 IAO21D1                    A2  
                 IAO21D1                    A1  
                 IAO21D2                    ZN  
                 IAO21D2                     B  
                 IAO21D2                    A2  
                 IAO21D2                    A1  
                 IAO21D4                    ZN  
                 IAO21D4                     B  
                 IAO21D4                    A2  
                 IAO21D4                    A1  
                 IAO22D0                    ZN  
                 IAO22D0                    B2  
                 IAO22D0                    B1  
                 IAO22D0                    A2  
                 IAO22D0                    A1  
                 IAO22D1                    ZN  
                 IAO22D1                    B2  
                 IAO22D1                    B1  
                 IAO22D1                    A2  
                 IAO22D1                    A1  
                 IAO22D2                    ZN  
                 IAO22D2                    B2  
                 IAO22D2                    B1  
                 IAO22D2                    A2  
                 IAO22D2                    A1  
                 IAO22D4                    ZN  
                 IAO22D4                    B2  
                 IAO22D4                    B1  
                 IAO22D4                    A2  
                 IAO22D4                    A1  
                 IIND4D0                    ZN  
                 IIND4D0                    B2  
                 IIND4D0                    B1  
                 IIND4D0                    A2  
                 IIND4D0                    A1  
                 IIND4D1                    ZN  
                 IIND4D1                    B2  
                 IIND4D1                    B1  
                 IIND4D1                    A2  
                 IIND4D1                    A1  
                 IIND4D2                    ZN  
                 IIND4D2                    B2  
                 IIND4D2                    B1  
                 IIND4D2                    A2  
                 IIND4D2                    A1  
                 IIND4D4                    ZN  
                 IIND4D4                    B2  
                 IIND4D4                    B1  
                 IIND4D4                    A2  
                 IIND4D4                    A1  
                 IINR4D0                    ZN  
                 IINR4D0                    B2  
                 IINR4D0                    B1  
                 IINR4D0                    A2  
                 IINR4D0                    A1  
                 IINR4D1                    ZN  
                 IINR4D1                    B2  
                 IINR4D1                    B1  
                 IINR4D1                    A2  
                 IINR4D1                    A1  
                 IINR4D2                    ZN  
                 IINR4D2                    B2  
                 IINR4D2                    B1  
                 IINR4D2                    A2  
                 IINR4D2                    A1  
                 IINR4D4                    ZN  
                 IINR4D4                    B2  
                 IINR4D4                    B1  
                 IINR4D4                    A2  
                 IINR4D4                    A1  
                  IND2D0                    ZN  
                  IND2D0                    B1  
                  IND2D0                    A1  
                  IND2D1                    ZN  
                  IND2D1                    B1  
                  IND2D1                    A1  
                  IND2D2                    ZN  
                  IND2D2                    B1  
                  IND2D2                    A1  
                  IND2D4                    ZN  
                  IND2D4                    B1  
                  IND2D4                    A1  
                  IND3D0                    ZN  
                  IND3D0                    B2  
                  IND3D0                    B1  
                  IND3D0                    A1  
                  IND3D1                    ZN  
                  IND3D1                    B2  
                  IND3D1                    B1  
                  IND3D1                    A1  
                  IND3D2                    ZN  
                  IND3D2                    B2  
                  IND3D2                    B1  
                  IND3D2                    A1  
                  IND3D4                    ZN  
                  IND3D4                    B2  
                  IND3D4                    B1  
                  IND3D4                    A1  
                  IND4D0                    ZN  
                  IND4D0                    B3  
                  IND4D0                    B2  
                  IND4D0                    B1  
                  IND4D0                    A1  
                  IND4D1                    ZN  
                  IND4D1                    B3  
                  IND4D1                    B2  
                  IND4D1                    B1  
                  IND4D1                    A1  
                  IND4D2                    ZN  
                  IND4D2                    B3  
                  IND4D2                    B2  
                  IND4D2                    B1  
                  IND4D2                    A1  
                  IND4D4                    ZN  
                  IND4D4                    B3  
                  IND4D4                    B2  
                  IND4D4                    B1  
                  IND4D4                    A1  
                  INR2D0                    ZN  
                  INR2D0                    B1  
                  INR2D0                    A1  
                  INR2D1                    ZN  
                  INR2D1                    B1  
                  INR2D1                    A1  
                  INR2D2                    ZN  
                  INR2D2                    B1  
                  INR2D2                    A1  
                  INR2D4                    ZN  
                  INR2D4                    B1  
                  INR2D4                    A1  
                 INR2XD0                    ZN  
                 INR2XD0                    B1  
                 INR2XD0                    A1  
                 INR2XD1                    ZN  
                 INR2XD1                    B1  
                 INR2XD1                    A1  
                 INR2XD2                    ZN  
                 INR2XD2                    B1  
                 INR2XD2                    A1  
                 INR2XD4                    ZN  
                 INR2XD4                    B1  
                 INR2XD4                    A1  
                  INR3D0                    ZN  
                  INR3D0                    B2  
                  INR3D0                    B1  
                  INR3D0                    A1  
                  INR3D1                    ZN  
                  INR3D1                    B2  
                  INR3D1                    B1  
                  INR3D1                    A1  
                  INR3D2                    ZN  
                  INR3D2                    B2  
                  INR3D2                    B1  
                  INR3D2                    A1  
                  INR3D4                    ZN  
                  INR3D4                    B2  
                  INR3D4                    B1  
                  INR3D4                    A1  
                  INR4D0                    ZN  
                  INR4D0                    B3  
                  INR4D0                    B2  
                  INR4D0                    B1  
                  INR4D0                    A1  
                  INR4D1                    ZN  
                  INR4D1                    B3  
                  INR4D1                    B2  
                  INR4D1                    B1  
                  INR4D1                    A1  
                  INR4D2                    ZN  
                  INR4D2                    B3  
                  INR4D2                    B2  
                  INR4D2                    B1  
                  INR4D2                    A1  
                  INR4D4                    ZN  
                  INR4D4                    B3  
                  INR4D4                    B2  
                  INR4D4                    B1  
                  INR4D4                    A1  
                   INVD0                    ZN  
                   INVD0                     I  
                   INVD1                    ZN  
                   INVD1                     I  
                  INVD12                    ZN  
                  INVD12                     I  
                  INVD16                    ZN  
                  INVD16                     I  
                   INVD2                    ZN  
                   INVD2                     I  
                  INVD20                    ZN  
                  INVD20                     I  
                  INVD24                    ZN  
                  INVD24                     I  
                   INVD3                    ZN  
                   INVD3                     I  
                   INVD4                    ZN  
                   INVD4                     I  
                   INVD6                    ZN  
                   INVD6                     I  
                   INVD8                    ZN  
                   INVD8                     I  
                 IOA21D0                    ZN  
                 IOA21D0                     B  
                 IOA21D0                    A2  
                 IOA21D0                    A1  
                 IOA21D1                    ZN  
                 IOA21D1                     B  
                 IOA21D1                    A2  
                 IOA21D1                    A1  
                 IOA21D2                    ZN  
                 IOA21D2                     B  
                 IOA21D2                    A2  
                 IOA21D2                    A1  
                 IOA21D4                    ZN  
                 IOA21D4                     B  
                 IOA21D4                    A2  
                 IOA21D4                    A1  
                 IOA22D0                    ZN  
                 IOA22D0                    B2  
                 IOA22D0                    B1  
                 IOA22D0                    A2  
                 IOA22D0                    A1  
                 IOA22D1                    ZN  
                 IOA22D1                    B2  
                 IOA22D1                    B1  
                 IOA22D1                    A2  
                 IOA22D1                    A1  
                 IOA22D2                    ZN  
                 IOA22D2                    B2  
                 IOA22D2                    B1  
                 IOA22D2                    A2  
                 IOA22D2                    A1  
                 IOA22D4                    ZN  
                 IOA22D4                    B2  
                 IOA22D4                    B1  
                 IOA22D4                    A2  
                 IOA22D4                    A1  
                 ISOHID1                     I  
                 ISOHID1                   ISO  
                 ISOHID1                     Z  
                 ISOHID2                     I  
                 ISOHID2                   ISO  
                 ISOHID2                     Z  
                 ISOHID4                     I  
                 ISOHID4                   ISO  
                 ISOHID4                     Z  
                 ISOHID8                     I  
                 ISOHID8                   ISO  
                 ISOHID8                     Z  
                 ISOLOD1                     I  
                 ISOLOD1                   ISO  
                 ISOLOD1                     Z  
                 ISOLOD2                     I  
                 ISOLOD2                   ISO  
                 ISOLOD2                     Z  
                 ISOLOD4                     I  
                 ISOLOD4                   ISO  
                 ISOLOD4                     Z  
                 ISOLOD8                     I  
                 ISOLOD8                   ISO  
                 ISOLOD8                     Z  
                  LHCND1                    QN  
                  LHCND1                     Q  
                  LHCND1                     E  
                  LHCND1                     D  
                  LHCND1                   CDN  
                  LHCND2                    QN  
                  LHCND2                     Q  
                  LHCND2                     E  
                  LHCND2                     D  
                  LHCND2                   CDN  
                  LHCND4                    QN  
                  LHCND4                     Q  
                  LHCND4                     E  
                  LHCND4                     D  
                  LHCND4                   CDN  
                 LHCNDD1                    QN  
                 LHCNDD1                     Q  
                 LHCNDD1                     E  
                 LHCNDD1                     D  
                 LHCNDD1                   CDN  
                 LHCNDD2                    QN  
                 LHCNDD2                     Q  
                 LHCNDD2                     E  
                 LHCNDD2                     D  
                 LHCNDD2                   CDN  
                 LHCNDD4                    QN  
                 LHCNDD4                     Q  
                 LHCNDD4                     E  
                 LHCNDD4                     D  
                 LHCNDD4                   CDN  
                LHCNDQD1                     Q  
                LHCNDQD1                     E  
                LHCNDQD1                     D  
                LHCNDQD1                   CDN  
                LHCNDQD2                     Q  
                LHCNDQD2                     E  
                LHCNDQD2                     D  
                LHCNDQD2                   CDN  
                LHCNDQD4                     Q  
                LHCNDQD4                     E  
                LHCNDQD4                     D  
                LHCNDQD4                   CDN  
                 LHCNQD1                     Q  
                 LHCNQD1                     E  
                 LHCNQD1                     D  
                 LHCNQD1                   CDN  
                 LHCNQD2                     Q  
                 LHCNQD2                     E  
                 LHCNQD2                     D  
                 LHCNQD2                   CDN  
                 LHCNQD4                     Q  
                 LHCNQD4                     E  
                 LHCNQD4                     D  
                 LHCNQD4                   CDN  
                 LHCSND1                   SDN  
                 LHCSND1                    QN  
                 LHCSND1                     Q  
                 LHCSND1                     E  
                 LHCSND1                     D  
                 LHCSND1                   CDN  
                 LHCSND2                   SDN  
                 LHCSND2                    QN  
                 LHCSND2                     Q  
                 LHCSND2                     E  
                 LHCSND2                     D  
                 LHCSND2                   CDN  
                 LHCSND4                   SDN  
                 LHCSND4                    QN  
                 LHCSND4                     Q  
                 LHCSND4                     E  
                 LHCSND4                     D  
                 LHCSND4                   CDN  
                LHCSNDD1                   SDN  
                LHCSNDD1                    QN  
                LHCSNDD1                     Q  
                LHCSNDD1                     E  
                LHCSNDD1                     D  
                LHCSNDD1                   CDN  
                LHCSNDD2                   SDN  
                LHCSNDD2                    QN  
                LHCSNDD2                     Q  
                LHCSNDD2                     E  
                LHCSNDD2                     D  
                LHCSNDD2                   CDN  
                LHCSNDD4                   SDN  
                LHCSNDD4                    QN  
                LHCSNDD4                     Q  
                LHCSNDD4                     E  
                LHCSNDD4                     D  
                LHCSNDD4                   CDN  
               LHCSNDQD1                   SDN  
               LHCSNDQD1                     Q  
               LHCSNDQD1                     E  
               LHCSNDQD1                     D  
               LHCSNDQD1                   CDN  
               LHCSNDQD2                   SDN  
               LHCSNDQD2                     Q  
               LHCSNDQD2                     E  
               LHCSNDQD2                     D  
               LHCSNDQD2                   CDN  
               LHCSNDQD4                   SDN  
               LHCSNDQD4                     Q  
               LHCSNDQD4                     E  
               LHCSNDQD4                     D  
               LHCSNDQD4                   CDN  
                LHCSNQD1                   SDN  
                LHCSNQD1                     Q  
                LHCSNQD1                     E  
                LHCSNQD1                     D  
                LHCSNQD1                   CDN  
                LHCSNQD2                   SDN  
                LHCSNQD2                     Q  
                LHCSNQD2                     E  
                LHCSNQD2                     D  
                LHCSNQD2                   CDN  
                LHCSNQD4                   SDN  
                LHCSNQD4                     Q  
                LHCSNQD4                     E  
                LHCSNQD4                     D  
                LHCSNQD4                   CDN  
                    LHD1                    QN  
                    LHD1                     Q  
                    LHD1                     E  
                    LHD1                     D  
                    LHD2                    QN  
                    LHD2                     Q  
                    LHD2                     E  
                    LHD2                     D  
                    LHD4                    QN  
                    LHD4                     Q  
                    LHD4                     E  
                    LHD4                     D  
                   LHQD1                     Q  
                   LHQD1                     E  
                   LHQD1                     D  
                   LHQD2                     Q  
                   LHQD2                     E  
                   LHQD2                     D  
                   LHQD4                     Q  
                   LHQD4                     E  
                   LHQD4                     D  
                  LHSND1                   SDN  
                  LHSND1                    QN  
                  LHSND1                     Q  
                  LHSND1                     E  
                  LHSND1                     D  
                  LHSND2                   SDN  
                  LHSND2                    QN  
                  LHSND2                     Q  
                  LHSND2                     E  
                  LHSND2                     D  
                  LHSND4                   SDN  
                  LHSND4                    QN  
                  LHSND4                     Q  
                  LHSND4                     E  
                  LHSND4                     D  
                 LHSNDD1                   SDN  
                 LHSNDD1                    QN  
                 LHSNDD1                     Q  
                 LHSNDD1                     E  
                 LHSNDD1                     D  
                 LHSNDD2                   SDN  
                 LHSNDD2                    QN  
                 LHSNDD2                     Q  
                 LHSNDD2                     E  
                 LHSNDD2                     D  
                 LHSNDD4                   SDN  
                 LHSNDD4                    QN  
                 LHSNDD4                     Q  
                 LHSNDD4                     E  
                 LHSNDD4                     D  
                LHSNDQD1                   SDN  
                LHSNDQD1                     Q  
                LHSNDQD1                     E  
                LHSNDQD1                     D  
                LHSNDQD2                   SDN  
                LHSNDQD2                     Q  
                LHSNDQD2                     E  
                LHSNDQD2                     D  
                LHSNDQD4                   SDN  
                LHSNDQD4                     Q  
                LHSNDQD4                     E  
                LHSNDQD4                     D  
                 LHSNQD1                   SDN  
                 LHSNQD1                     Q  
                 LHSNQD1                     E  
                 LHSNQD1                     D  
                 LHSNQD2                   SDN  
                 LHSNQD2                     Q  
                 LHSNQD2                     E  
                 LHSNQD2                     D  
                 LHSNQD4                   SDN  
                 LHSNQD4                     Q  
                 LHSNQD4                     E  
                 LHSNQD4                     D  
                  LNCND1                    QN  
                  LNCND1                     Q  
                  LNCND1                    EN  
                  LNCND1                     D  
                  LNCND1                   CDN  
                  LNCND2                    QN  
                  LNCND2                     Q  
                  LNCND2                    EN  
                  LNCND2                     D  
                  LNCND2                   CDN  
                  LNCND4                    QN  
                  LNCND4                     Q  
                  LNCND4                    EN  
                  LNCND4                     D  
                  LNCND4                   CDN  
                 LNCNDD1                    QN  
                 LNCNDD1                     Q  
                 LNCNDD1                    EN  
                 LNCNDD1                     D  
                 LNCNDD1                   CDN  
                 LNCNDD2                    QN  
                 LNCNDD2                     Q  
                 LNCNDD2                    EN  
                 LNCNDD2                     D  
                 LNCNDD2                   CDN  
                 LNCNDD4                    QN  
                 LNCNDD4                     Q  
                 LNCNDD4                    EN  
                 LNCNDD4                     D  
                 LNCNDD4                   CDN  
                LNCNDQD1                     Q  
                LNCNDQD1                    EN  
                LNCNDQD1                     D  
                LNCNDQD1                   CDN  
                LNCNDQD2                     Q  
                LNCNDQD2                    EN  
                LNCNDQD2                     D  
                LNCNDQD2                   CDN  
                LNCNDQD4                     Q  
                LNCNDQD4                    EN  
                LNCNDQD4                     D  
                LNCNDQD4                   CDN  
                 LNCNQD1                     Q  
                 LNCNQD1                    EN  
                 LNCNQD1                     D  
                 LNCNQD1                   CDN  
                 LNCNQD2                     Q  
                 LNCNQD2                    EN  
                 LNCNQD2                     D  
                 LNCNQD2                   CDN  
                 LNCNQD4                     Q  
                 LNCNQD4                    EN  
                 LNCNQD4                     D  
                 LNCNQD4                   CDN  
                 LNCSND1                   SDN  
                 LNCSND1                    QN  
                 LNCSND1                     Q  
                 LNCSND1                    EN  
                 LNCSND1                     D  
                 LNCSND1                   CDN  
                 LNCSND2                   SDN  
                 LNCSND2                    QN  
                 LNCSND2                     Q  
                 LNCSND2                    EN  
                 LNCSND2                     D  
                 LNCSND2                   CDN  
                 LNCSND4                   SDN  
                 LNCSND4                    QN  
                 LNCSND4                     Q  
                 LNCSND4                    EN  
                 LNCSND4                     D  
                 LNCSND4                   CDN  
                LNCSNDD1                   SDN  
                LNCSNDD1                    QN  
                LNCSNDD1                     Q  
                LNCSNDD1                    EN  
                LNCSNDD1                     D  
                LNCSNDD1                   CDN  
                LNCSNDD2                   SDN  
                LNCSNDD2                    QN  
                LNCSNDD2                     Q  
                LNCSNDD2                    EN  
                LNCSNDD2                     D  
                LNCSNDD2                   CDN  
                LNCSNDD4                   SDN  
                LNCSNDD4                    QN  
                LNCSNDD4                     Q  
                LNCSNDD4                    EN  
                LNCSNDD4                     D  
                LNCSNDD4                   CDN  
               LNCSNDQD1                   SDN  
               LNCSNDQD1                     Q  
               LNCSNDQD1                    EN  
               LNCSNDQD1                     D  
               LNCSNDQD1                   CDN  
               LNCSNDQD2                   SDN  
               LNCSNDQD2                     Q  
               LNCSNDQD2                    EN  
               LNCSNDQD2                     D  
               LNCSNDQD2                   CDN  
               LNCSNDQD4                   SDN  
               LNCSNDQD4                     Q  
               LNCSNDQD4                    EN  
               LNCSNDQD4                     D  
               LNCSNDQD4                   CDN  
                LNCSNQD1                   SDN  
                LNCSNQD1                     Q  
                LNCSNQD1                    EN  
                LNCSNQD1                     D  
                LNCSNQD1                   CDN  
                LNCSNQD2                   SDN  
                LNCSNQD2                     Q  
                LNCSNQD2                    EN  
                LNCSNQD2                     D  
                LNCSNQD2                   CDN  
                LNCSNQD4                   SDN  
                LNCSNQD4                     Q  
                LNCSNQD4                    EN  
                LNCSNQD4                     D  
                LNCSNQD4                   CDN  
                    LND1                    QN  
                    LND1                     Q  
                    LND1                    EN  
                    LND1                     D  
                    LND2                    QN  
                    LND2                     Q  
                    LND2                    EN  
                    LND2                     D  
                    LND4                    QN  
                    LND4                     Q  
                    LND4                    EN  
                    LND4                     D  
                   LNQD1                     Q  
                   LNQD1                    EN  
                   LNQD1                     D  
                   LNQD2                     Q  
                   LNQD2                    EN  
                   LNQD2                     D  
                   LNQD4                     Q  
                   LNQD4                    EN  
                   LNQD4                     D  
                  LNSND1                   SDN  
                  LNSND1                    QN  
                  LNSND1                     Q  
                  LNSND1                    EN  
                  LNSND1                     D  
                  LNSND2                   SDN  
                  LNSND2                    QN  
                  LNSND2                     Q  
                  LNSND2                    EN  
                  LNSND2                     D  
                  LNSND4                   SDN  
                  LNSND4                    QN  
                  LNSND4                     Q  
                  LNSND4                    EN  
                  LNSND4                     D  
                 LNSNDD1                   SDN  
                 LNSNDD1                    QN  
                 LNSNDD1                     Q  
                 LNSNDD1                    EN  
                 LNSNDD1                     D  
                 LNSNDD2                   SDN  
                 LNSNDD2                    QN  
                 LNSNDD2                     Q  
                 LNSNDD2                    EN  
                 LNSNDD2                     D  
                 LNSNDD4                   SDN  
                 LNSNDD4                    QN  
                 LNSNDD4                     Q  
                 LNSNDD4                    EN  
                 LNSNDD4                     D  
                LNSNDQD1                   SDN  
                LNSNDQD1                     Q  
                LNSNDQD1                    EN  
                LNSNDQD1                     D  
                LNSNDQD2                   SDN  
                LNSNDQD2                     Q  
                LNSNDQD2                    EN  
                LNSNDQD2                     D  
                LNSNDQD4                   SDN  
                LNSNDQD4                     Q  
                LNSNDQD4                    EN  
                LNSNDQD4                     D  
                 LNSNQD1                   SDN  
                 LNSNQD1                     Q  
                 LNSNQD1                    EN  
                 LNSNQD1                     D  
                 LNSNQD2                   SDN  
                 LNSNQD2                     Q  
                 LNSNQD2                    EN  
                 LNSNQD2                     D  
                 LNSNQD4                   SDN  
                 LNSNQD4                     Q  
                 LNSNQD4                    EN  
                 LNSNQD4                     D  
                 LVLHLD1                     I  
                 LVLHLD1                     Z  
                 LVLHLD2                     I  
                 LVLHLD2                     Z  
                 LVLHLD4                     I  
                 LVLHLD4                     Z  
                 LVLHLD8                     I  
                 LVLHLD8                     Z  
                LVLLHCD1                     I  
                LVLLHCD1                NSLEEP  
                LVLLHCD1                     Z  
                LVLLHCD2                     I  
                LVLLHCD2                NSLEEP  
                LVLLHCD2                     Z  
                LVLLHCD4                     I  
                LVLLHCD4                NSLEEP  
                LVLLHCD4                     Z  
                LVLLHCD8                     I  
                LVLLHCD8                NSLEEP  
                LVLLHCD8                     Z  
                 LVLLHD1                     I  
                 LVLLHD1                     Z  
                 LVLLHD2                     I  
                 LVLLHD2                     Z  
                 LVLLHD4                     I  
                 LVLLHD4                     Z  
                 LVLLHD8                     I  
                 LVLLHD8                     Z  
              LVLLHFACD1                     I  
              LVLLHFACD1                NSLEEP  
              LVLLHFACD1                     Z  
              LVLLHFACD2                     I  
              LVLLHFACD2                NSLEEP  
              LVLLHFACD2                     Z  
              LVLLHFACD4                     I  
              LVLLHFACD4                NSLEEP  
              LVLLHFACD4                     Z  
              LVLLHFACD8                     I  
              LVLLHFACD8                NSLEEP  
              LVLLHFACD8                     Z  
               LVLLHFAD1                     I  
               LVLLHFAD1                     Z  
               LVLLHFAD2                     I  
               LVLLHFAD2                     Z  
               LVLLHFAD4                     I  
               LVLLHFAD4                     Z  
               LVLLHFAD8                     I  
               LVLLHFAD8                     Z  
               MAOI222D0                    ZN  
               MAOI222D0                     C  
               MAOI222D0                     B  
               MAOI222D0                     A  
               MAOI222D1                    ZN  
               MAOI222D1                     C  
               MAOI222D1                     B  
               MAOI222D1                     A  
               MAOI222D2                    ZN  
               MAOI222D2                     C  
               MAOI222D2                     B  
               MAOI222D2                     A  
               MAOI222D4                    ZN  
               MAOI222D4                     C  
               MAOI222D4                     B  
               MAOI222D4                     A  
                MAOI22D0                    ZN  
                MAOI22D0                    B2  
                MAOI22D0                    B1  
                MAOI22D0                    A2  
                MAOI22D0                    A1  
                MAOI22D1                    ZN  
                MAOI22D1                    B2  
                MAOI22D1                    B1  
                MAOI22D1                    A2  
                MAOI22D1                    A1  
                MAOI22D2                    ZN  
                MAOI22D2                    B2  
                MAOI22D2                    B1  
                MAOI22D2                    A2  
                MAOI22D2                    A1  
                MAOI22D4                    ZN  
                MAOI22D4                    B2  
                MAOI22D4                    B1  
                MAOI22D4                    A2  
                MAOI22D4                    A1  
                MOAI22D0                    ZN  
                MOAI22D0                    B2  
                MOAI22D0                    B1  
                MOAI22D0                    A2  
                MOAI22D0                    A1  
                MOAI22D1                    ZN  
                MOAI22D1                    B2  
                MOAI22D1                    B1  
                MOAI22D1                    A2  
                MOAI22D1                    A1  
                MOAI22D2                    ZN  
                MOAI22D2                    B2  
                MOAI22D2                    B1  
                MOAI22D2                    A2  
                MOAI22D2                    A1  
                MOAI22D4                    ZN  
                MOAI22D4                    B2  
                MOAI22D4                    B1  
                MOAI22D4                    A2  
                MOAI22D4                    A1  
                  MUX2D0                     Z  
                  MUX2D0                     S  
                  MUX2D0                    I1  
                  MUX2D0                    I0  
                  MUX2D1                     Z  
                  MUX2D1                     S  
                  MUX2D1                    I1  
                  MUX2D1                    I0  
                  MUX2D2                     Z  
                  MUX2D2                     S  
                  MUX2D2                    I1  
                  MUX2D2                    I0  
                  MUX2D4                     Z  
                  MUX2D4                     S  
                  MUX2D4                    I1  
                  MUX2D4                    I0  
                 MUX2ND0                    ZN  
                 MUX2ND0                     S  
                 MUX2ND0                    I1  
                 MUX2ND0                    I0  
                 MUX2ND1                    ZN  
                 MUX2ND1                     S  
                 MUX2ND1                    I1  
                 MUX2ND1                    I0  
                 MUX2ND2                    ZN  
                 MUX2ND2                     S  
                 MUX2ND2                    I1  
                 MUX2ND2                    I0  
                 MUX2ND4                    ZN  
                 MUX2ND4                     S  
                 MUX2ND4                    I1  
                 MUX2ND4                    I0  
                  MUX3D0                     Z  
                  MUX3D0                    S1  
                  MUX3D0                    S0  
                  MUX3D0                    I2  
                  MUX3D0                    I1  
                  MUX3D0                    I0  
                  MUX3D1                     Z  
                  MUX3D1                    S1  
                  MUX3D1                    S0  
                  MUX3D1                    I2  
                  MUX3D1                    I1  
                  MUX3D1                    I0  
                  MUX3D2                     Z  
                  MUX3D2                    S1  
                  MUX3D2                    S0  
                  MUX3D2                    I2  
                  MUX3D2                    I1  
                  MUX3D2                    I0  
                  MUX3D4                     Z  
                  MUX3D4                    S1  
                  MUX3D4                    S0  
                  MUX3D4                    I2  
                  MUX3D4                    I1  
                  MUX3D4                    I0  
                 MUX3ND0                    ZN  
                 MUX3ND0                    S1  
                 MUX3ND0                    S0  
                 MUX3ND0                    I2  
                 MUX3ND0                    I1  
                 MUX3ND0                    I0  
                 MUX3ND1                    ZN  
                 MUX3ND1                    S1  
                 MUX3ND1                    S0  
                 MUX3ND1                    I2  
                 MUX3ND1                    I1  
                 MUX3ND1                    I0  
                 MUX3ND2                    ZN  
                 MUX3ND2                    S1  
                 MUX3ND2                    S0  
                 MUX3ND2                    I2  
                 MUX3ND2                    I1  
                 MUX3ND2                    I0  
                 MUX3ND4                    ZN  
                 MUX3ND4                    S1  
                 MUX3ND4                    S0  
                 MUX3ND4                    I2  
                 MUX3ND4                    I1  
                 MUX3ND4                    I0  
                  MUX4D0                     Z  
                  MUX4D0                    S1  
                  MUX4D0                    S0  
                  MUX4D0                    I3  
                  MUX4D0                    I2  
                  MUX4D0                    I1  
                  MUX4D0                    I0  
                  MUX4D1                     Z  
                  MUX4D1                    S1  
                  MUX4D1                    S0  
                  MUX4D1                    I3  
                  MUX4D1                    I2  
                  MUX4D1                    I1  
                  MUX4D1                    I0  
                  MUX4D2                     Z  
                  MUX4D2                    S1  
                  MUX4D2                    S0  
                  MUX4D2                    I3  
                  MUX4D2                    I2  
                  MUX4D2                    I1  
                  MUX4D2                    I0  
                  MUX4D4                     Z  
                  MUX4D4                    S1  
                  MUX4D4                    S0  
                  MUX4D4                    I3  
                  MUX4D4                    I2  
                  MUX4D4                    I1  
                  MUX4D4                    I0  
                 MUX4ND0                    ZN  
                 MUX4ND0                    S1  
                 MUX4ND0                    S0  
                 MUX4ND0                    I3  
                 MUX4ND0                    I2  
                 MUX4ND0                    I1  
                 MUX4ND0                    I0  
                 MUX4ND1                    ZN  
                 MUX4ND1                    S1  
                 MUX4ND1                    S0  
                 MUX4ND1                    I3  
                 MUX4ND1                    I2  
                 MUX4ND1                    I1  
                 MUX4ND1                    I0  
                 MUX4ND2                    ZN  
                 MUX4ND2                    S1  
                 MUX4ND2                    S0  
                 MUX4ND2                    I3  
                 MUX4ND2                    I2  
                 MUX4ND2                    I1  
                 MUX4ND2                    I0  
                 MUX4ND4                    ZN  
                 MUX4ND4                    S1  
                 MUX4ND4                    S0  
                 MUX4ND4                    I3  
                 MUX4ND4                    I2  
                 MUX4ND4                    I1  
                 MUX4ND4                    I0  
                   ND2D0                    ZN  
                   ND2D0                    A2  
                   ND2D0                    A1  
                   ND2D1                    ZN  
                   ND2D1                    A2  
                   ND2D1                    A1  
                   ND2D2                    ZN  
                   ND2D2                    A2  
                   ND2D2                    A1  
                   ND2D3                    ZN  
                   ND2D3                    A2  
                   ND2D3                    A1  
                   ND2D4                    ZN  
                   ND2D4                    A2  
                   ND2D4                    A1  
                   ND2D8                    ZN  
                   ND2D8                    A2  
                   ND2D8                    A1  
                   ND3D0                    ZN  
                   ND3D0                    A3  
                   ND3D0                    A2  
                   ND3D0                    A1  
                   ND3D1                    ZN  
                   ND3D1                    A3  
                   ND3D1                    A2  
                   ND3D1                    A1  
                   ND3D2                    ZN  
                   ND3D2                    A3  
                   ND3D2                    A2  
                   ND3D2                    A1  
                   ND3D3                    ZN  
                   ND3D3                    A3  
                   ND3D3                    A2  
                   ND3D3                    A1  
                   ND3D4                    ZN  
                   ND3D4                    A3  
                   ND3D4                    A2  
                   ND3D4                    A1  
                   ND3D8                    ZN  
                   ND3D8                    A3  
                   ND3D8                    A2  
                   ND3D8                    A1  
                   ND4D0                    ZN  
                   ND4D0                    A4  
                   ND4D0                    A3  
                   ND4D0                    A2  
                   ND4D0                    A1  
                   ND4D1                    ZN  
                   ND4D1                    A4  
                   ND4D1                    A3  
                   ND4D1                    A2  
                   ND4D1                    A1  
                   ND4D2                    ZN  
                   ND4D2                    A4  
                   ND4D2                    A3  
                   ND4D2                    A2  
                   ND4D2                    A1  
                   ND4D3                    ZN  
                   ND4D3                    A4  
                   ND4D3                    A3  
                   ND4D3                    A2  
                   ND4D3                    A1  
                   ND4D4                    ZN  
                   ND4D4                    A4  
                   ND4D4                    A3  
                   ND4D4                    A2  
                   ND4D4                    A1  
                   ND4D8                    ZN  
                   ND4D8                    A4  
                   ND4D8                    A3  
                   ND4D8                    A2  
                   ND4D8                    A1  
                   NR2D0                    ZN  
                   NR2D0                    A2  
                   NR2D0                    A1  
                   NR2D1                    ZN  
                   NR2D1                    A2  
                   NR2D1                    A1  
                   NR2D2                    ZN  
                   NR2D2                    A2  
                   NR2D2                    A1  
                   NR2D3                    ZN  
                   NR2D3                    A2  
                   NR2D3                    A1  
                   NR2D4                    ZN  
                   NR2D4                    A2  
                   NR2D4                    A1  
                   NR2D8                    ZN  
                   NR2D8                    A2  
                   NR2D8                    A1  
                  NR2XD0                    ZN  
                  NR2XD0                    A2  
                  NR2XD0                    A1  
                  NR2XD1                    ZN  
                  NR2XD1                    A2  
                  NR2XD1                    A1  
                  NR2XD2                    ZN  
                  NR2XD2                    A2  
                  NR2XD2                    A1  
                  NR2XD3                    ZN  
                  NR2XD3                    A2  
                  NR2XD3                    A1  
                  NR2XD4                    ZN  
                  NR2XD4                    A2  
                  NR2XD4                    A1  
                  NR2XD8                    ZN  
                  NR2XD8                    A2  
                  NR2XD8                    A1  
                   NR3D0                    ZN  
                   NR3D0                    A3  
                   NR3D0                    A2  
                   NR3D0                    A1  
                   NR3D1                    ZN  
                   NR3D1                    A3  
                   NR3D1                    A2  
                   NR3D1                    A1  
                   NR3D2                    ZN  
                   NR3D2                    A3  
                   NR3D2                    A2  
                   NR3D2                    A1  
                   NR3D3                    ZN  
                   NR3D3                    A3  
                   NR3D3                    A2  
                   NR3D3                    A1  
                   NR3D4                    ZN  
                   NR3D4                    A3  
                   NR3D4                    A2  
                   NR3D4                    A1  
                   NR3D8                    ZN  
                   NR3D8                    A3  
                   NR3D8                    A2  
                   NR3D8                    A1  
                   NR4D0                    ZN  
                   NR4D0                    A4  
                   NR4D0                    A3  
                   NR4D0                    A2  
                   NR4D0                    A1  
                   NR4D1                    ZN  
                   NR4D1                    A4  
                   NR4D1                    A3  
                   NR4D1                    A2  
                   NR4D1                    A1  
                   NR4D2                    ZN  
                   NR4D2                    A4  
                   NR4D2                    A3  
                   NR4D2                    A2  
                   NR4D2                    A1  
                   NR4D3                    ZN  
                   NR4D3                    A4  
                   NR4D3                    A3  
                   NR4D3                    A2  
                   NR4D3                    A1  
                   NR4D4                    ZN  
                   NR4D4                    A4  
                   NR4D4                    A3  
                   NR4D4                    A2  
                   NR4D4                    A1  
                   NR4D8                    ZN  
                   NR4D8                    A4  
                   NR4D8                    A3  
                   NR4D8                    A2  
                   NR4D8                    A1  
                 OA211D0                     Z  
                 OA211D0                     C  
                 OA211D0                     B  
                 OA211D0                    A2  
                 OA211D0                    A1  
                 OA211D1                     Z  
                 OA211D1                     C  
                 OA211D1                     B  
                 OA211D1                    A2  
                 OA211D1                    A1  
                 OA211D2                     Z  
                 OA211D2                     C  
                 OA211D2                     B  
                 OA211D2                    A2  
                 OA211D2                    A1  
                 OA211D4                     Z  
                 OA211D4                     C  
                 OA211D4                     B  
                 OA211D4                    A2  
                 OA211D4                    A1  
                  OA21D0                     Z  
                  OA21D0                     B  
                  OA21D0                    A2  
                  OA21D0                    A1  
                  OA21D1                     Z  
                  OA21D1                     B  
                  OA21D1                    A2  
                  OA21D1                    A1  
                  OA21D2                     Z  
                  OA21D2                     B  
                  OA21D2                    A2  
                  OA21D2                    A1  
                  OA21D4                     Z  
                  OA21D4                     B  
                  OA21D4                    A2  
                  OA21D4                    A1  
                 OA221D0                     Z  
                 OA221D0                     C  
                 OA221D0                    B2  
                 OA221D0                    B1  
                 OA221D0                    A2  
                 OA221D0                    A1  
                 OA221D1                     Z  
                 OA221D1                     C  
                 OA221D1                    B2  
                 OA221D1                    B1  
                 OA221D1                    A2  
                 OA221D1                    A1  
                 OA221D2                     Z  
                 OA221D2                     C  
                 OA221D2                    B2  
                 OA221D2                    B1  
                 OA221D2                    A2  
                 OA221D2                    A1  
                 OA221D4                     Z  
                 OA221D4                     C  
                 OA221D4                    B2  
                 OA221D4                    B1  
                 OA221D4                    A2  
                 OA221D4                    A1  
                 OA222D0                     Z  
                 OA222D0                    C2  
                 OA222D0                    C1  
                 OA222D0                    B2  
                 OA222D0                    B1  
                 OA222D0                    A2  
                 OA222D0                    A1  
                 OA222D1                     Z  
                 OA222D1                    C2  
                 OA222D1                    C1  
                 OA222D1                    B2  
                 OA222D1                    B1  
                 OA222D1                    A2  
                 OA222D1                    A1  
                 OA222D2                     Z  
                 OA222D2                    C2  
                 OA222D2                    C1  
                 OA222D2                    B2  
                 OA222D2                    B1  
                 OA222D2                    A2  
                 OA222D2                    A1  
                 OA222D4                     Z  
                 OA222D4                    C2  
                 OA222D4                    C1  
                 OA222D4                    B2  
                 OA222D4                    B1  
                 OA222D4                    A2  
                 OA222D4                    A1  
                  OA22D0                     Z  
                  OA22D0                    B2  
                  OA22D0                    B1  
                  OA22D0                    A2  
                  OA22D0                    A1  
                  OA22D1                     Z  
                  OA22D1                    B2  
                  OA22D1                    B1  
                  OA22D1                    A2  
                  OA22D1                    A1  
                  OA22D2                     Z  
                  OA22D2                    B2  
                  OA22D2                    B1  
                  OA22D2                    A2  
                  OA22D2                    A1  
                  OA22D4                     Z  
                  OA22D4                    B2  
                  OA22D4                    B1  
                  OA22D4                    A2  
                  OA22D4                    A1  
                  OA31D0                     Z  
                  OA31D0                     B  
                  OA31D0                    A3  
                  OA31D0                    A2  
                  OA31D0                    A1  
                  OA31D1                     Z  
                  OA31D1                     B  
                  OA31D1                    A3  
                  OA31D1                    A2  
                  OA31D1                    A1  
                  OA31D2                     Z  
                  OA31D2                     B  
                  OA31D2                    A3  
                  OA31D2                    A2  
                  OA31D2                    A1  
                  OA31D4                     Z  
                  OA31D4                     B  
                  OA31D4                    A3  
                  OA31D4                    A2  
                  OA31D4                    A1  
                  OA32D0                     Z  
                  OA32D0                    B2  
                  OA32D0                    B1  
                  OA32D0                    A3  
                  OA32D0                    A2  
                  OA32D0                    A1  
                  OA32D1                     Z  
                  OA32D1                    B2  
                  OA32D1                    B1  
                  OA32D1                    A3  
                  OA32D1                    A2  
                  OA32D1                    A1  
                  OA32D2                     Z  
                  OA32D2                    B2  
                  OA32D2                    B1  
                  OA32D2                    A3  
                  OA32D2                    A2  
                  OA32D2                    A1  
                  OA32D4                     Z  
                  OA32D4                    B2  
                  OA32D4                    B1  
                  OA32D4                    A3  
                  OA32D4                    A2  
                  OA32D4                    A1  
                  OA33D0                     Z  
                  OA33D0                    B3  
                  OA33D0                    B2  
                  OA33D0                    B1  
                  OA33D0                    A3  
                  OA33D0                    A2  
                  OA33D0                    A1  
                  OA33D1                     Z  
                  OA33D1                    B3  
                  OA33D1                    B2  
                  OA33D1                    B1  
                  OA33D1                    A3  
                  OA33D1                    A2  
                  OA33D1                    A1  
                  OA33D2                     Z  
                  OA33D2                    B3  
                  OA33D2                    B2  
                  OA33D2                    B1  
                  OA33D2                    A3  
                  OA33D2                    A2  
                  OA33D2                    A1  
                  OA33D4                     Z  
                  OA33D4                    B3  
                  OA33D4                    B2  
                  OA33D4                    B1  
                  OA33D4                    A3  
                  OA33D4                    A2  
                  OA33D4                    A1  
                OAI211D0                    ZN  
                OAI211D0                     C  
                OAI211D0                     B  
                OAI211D0                    A2  
                OAI211D0                    A1  
                OAI211D1                    ZN  
                OAI211D1                     C  
                OAI211D1                     B  
                OAI211D1                    A2  
                OAI211D1                    A1  
                OAI211D2                    ZN  
                OAI211D2                     C  
                OAI211D2                     B  
                OAI211D2                    A2  
                OAI211D2                    A1  
                OAI211D4                    ZN  
                OAI211D4                     C  
                OAI211D4                     B  
                OAI211D4                    A2  
                OAI211D4                    A1  
                 OAI21D0                    ZN  
                 OAI21D0                     B  
                 OAI21D0                    A2  
                 OAI21D0                    A1  
                 OAI21D1                    ZN  
                 OAI21D1                     B  
                 OAI21D1                    A2  
                 OAI21D1                    A1  
                 OAI21D2                    ZN  
                 OAI21D2                     B  
                 OAI21D2                    A2  
                 OAI21D2                    A1  
                 OAI21D4                    ZN  
                 OAI21D4                     B  
                 OAI21D4                    A2  
                 OAI21D4                    A1  
                OAI221D0                    ZN  
                OAI221D0                     C  
                OAI221D0                    B2  
                OAI221D0                    B1  
                OAI221D0                    A2  
                OAI221D0                    A1  
                OAI221D1                    ZN  
                OAI221D1                     C  
                OAI221D1                    B2  
                OAI221D1                    B1  
                OAI221D1                    A2  
                OAI221D1                    A1  
                OAI221D2                    ZN  
                OAI221D2                     C  
                OAI221D2                    B2  
                OAI221D2                    B1  
                OAI221D2                    A2  
                OAI221D2                    A1  
                OAI221D4                    ZN  
                OAI221D4                     C  
                OAI221D4                    B2  
                OAI221D4                    B1  
                OAI221D4                    A2  
                OAI221D4                    A1  
               OAI221XD4                    ZN  
               OAI221XD4                     C  
               OAI221XD4                    B2  
               OAI221XD4                    B1  
               OAI221XD4                    A2  
               OAI221XD4                    A1  
                OAI222D0                    ZN  
                OAI222D0                    C2  
                OAI222D0                    C1  
                OAI222D0                    B2  
                OAI222D0                    B1  
                OAI222D0                    A2  
                OAI222D0                    A1  
                OAI222D1                    ZN  
                OAI222D1                    C2  
                OAI222D1                    C1  
                OAI222D1                    B2  
                OAI222D1                    B1  
                OAI222D1                    A2  
                OAI222D1                    A1  
                OAI222D2                    ZN  
                OAI222D2                    C2  
                OAI222D2                    C1  
                OAI222D2                    B2  
                OAI222D2                    B1  
                OAI222D2                    A2  
                OAI222D2                    A1  
                OAI222D4                    ZN  
                OAI222D4                    C2  
                OAI222D4                    C1  
                OAI222D4                    B2  
                OAI222D4                    B1  
                OAI222D4                    A2  
                OAI222D4                    A1  
               OAI222XD4                    ZN  
               OAI222XD4                    C2  
               OAI222XD4                    C1  
               OAI222XD4                    B2  
               OAI222XD4                    B1  
               OAI222XD4                    A2  
               OAI222XD4                    A1  
                 OAI22D0                    ZN  
                 OAI22D0                    B2  
                 OAI22D0                    B1  
                 OAI22D0                    A2  
                 OAI22D0                    A1  
                 OAI22D1                    ZN  
                 OAI22D1                    B2  
                 OAI22D1                    B1  
                 OAI22D1                    A2  
                 OAI22D1                    A1  
                 OAI22D2                    ZN  
                 OAI22D2                    B2  
                 OAI22D2                    B1  
                 OAI22D2                    A2  
                 OAI22D2                    A1  
                 OAI22D4                    ZN  
                 OAI22D4                    B2  
                 OAI22D4                    B1  
                 OAI22D4                    A2  
                 OAI22D4                    A1  
                 OAI31D0                    ZN  
                 OAI31D0                     B  
                 OAI31D0                    A3  
                 OAI31D0                    A2  
                 OAI31D0                    A1  
                 OAI31D1                    ZN  
                 OAI31D1                     B  
                 OAI31D1                    A3  
                 OAI31D1                    A2  
                 OAI31D1                    A1  
                 OAI31D2                    ZN  
                 OAI31D2                     B  
                 OAI31D2                    A3  
                 OAI31D2                    A2  
                 OAI31D2                    A1  
                 OAI31D4                    ZN  
                 OAI31D4                     B  
                 OAI31D4                    A3  
                 OAI31D4                    A2  
                 OAI31D4                    A1  
                 OAI32D0                    ZN  
                 OAI32D0                    B2  
                 OAI32D0                    B1  
                 OAI32D0                    A3  
                 OAI32D0                    A2  
                 OAI32D0                    A1  
                 OAI32D1                    ZN  
                 OAI32D1                    B2  
                 OAI32D1                    B1  
                 OAI32D1                    A3  
                 OAI32D1                    A2  
                 OAI32D1                    A1  
                 OAI32D2                    ZN  
                 OAI32D2                    B2  
                 OAI32D2                    B1  
                 OAI32D2                    A3  
                 OAI32D2                    A2  
                 OAI32D2                    A1  
                 OAI32D4                    ZN  
                 OAI32D4                    B2  
                 OAI32D4                    B1  
                 OAI32D4                    A3  
                 OAI32D4                    A2  
                 OAI32D4                    A1  
                OAI32XD4                    ZN  
                OAI32XD4                    B2  
                OAI32XD4                    B1  
                OAI32XD4                    A3  
                OAI32XD4                    A2  
                OAI32XD4                    A1  
                 OAI33D0                    ZN  
                 OAI33D0                    B3  
                 OAI33D0                    B2  
                 OAI33D0                    B1  
                 OAI33D0                    A3  
                 OAI33D0                    A2  
                 OAI33D0                    A1  
                 OAI33D1                    ZN  
                 OAI33D1                    B3  
                 OAI33D1                    B2  
                 OAI33D1                    B1  
                 OAI33D1                    A3  
                 OAI33D1                    A2  
                 OAI33D1                    A1  
                 OAI33D2                    ZN  
                 OAI33D2                    B3  
                 OAI33D2                    B2  
                 OAI33D2                    B1  
                 OAI33D2                    A3  
                 OAI33D2                    A2  
                 OAI33D2                    A1  
                 OAI33D4                    ZN  
                 OAI33D4                    B3  
                 OAI33D4                    B2  
                 OAI33D4                    B1  
                 OAI33D4                    A3  
                 OAI33D4                    A2  
                 OAI33D4                    A1  
                OAI33XD4                    ZN  
                OAI33XD4                    B3  
                OAI33XD4                    B2  
                OAI33XD4                    B1  
                OAI33XD4                    A3  
                OAI33XD4                    A2  
                OAI33XD4                    A1  
                   OR2D0                     Z  
                   OR2D0                    A2  
                   OR2D0                    A1  
                   OR2D1                     Z  
                   OR2D1                    A2  
                   OR2D1                    A1  
                   OR2D2                     Z  
                   OR2D2                    A2  
                   OR2D2                    A1  
                   OR2D4                     Z  
                   OR2D4                    A2  
                   OR2D4                    A1  
                   OR2D8                     Z  
                   OR2D8                    A2  
                   OR2D8                    A1  
                  OR2XD1                     Z  
                  OR2XD1                    A2  
                  OR2XD1                    A1  
                   OR3D0                     Z  
                   OR3D0                    A3  
                   OR3D0                    A2  
                   OR3D0                    A1  
                   OR3D1                     Z  
                   OR3D1                    A3  
                   OR3D1                    A2  
                   OR3D1                    A1  
                   OR3D2                     Z  
                   OR3D2                    A3  
                   OR3D2                    A2  
                   OR3D2                    A1  
                   OR3D4                     Z  
                   OR3D4                    A3  
                   OR3D4                    A2  
                   OR3D4                    A1  
                   OR3D8                     Z  
                   OR3D8                    A3  
                   OR3D8                    A2  
                   OR3D8                    A1  
                  OR3XD1                     Z  
                  OR3XD1                    A3  
                  OR3XD1                    A2  
                  OR3XD1                    A1  
                   OR4D0                     Z  
                   OR4D0                    A4  
                   OR4D0                    A3  
                   OR4D0                    A2  
                   OR4D0                    A1  
                   OR4D1                     Z  
                   OR4D1                    A4  
                   OR4D1                    A3  
                   OR4D1                    A2  
                   OR4D1                    A1  
                   OR4D2                     Z  
                   OR4D2                    A4  
                   OR4D2                    A3  
                   OR4D2                    A2  
                   OR4D2                    A1  
                   OR4D4                     Z  
                   OR4D4                    A4  
                   OR4D4                    A3  
                   OR4D4                    A2  
                   OR4D4                    A1  
                   OR4D8                     Z  
                   OR4D8                    A4  
                   OR4D8                    A3  
                   OR4D8                    A2  
                   OR4D8                    A1  
                  OR4XD1                     Z  
                  OR4XD1                    A4  
                  OR4XD1                    A3  
                  OR4XD1                    A2  
                  OR4XD1                    A1  
                 SDFCND0                    SI  
                 SDFCND0                    SE  
                 SDFCND0                    QN  
                 SDFCND0                     Q  
                 SDFCND0                     D  
                 SDFCND0                    CP  
                 SDFCND0                   CDN  
                 SDFCND1                    SI  
                 SDFCND1                    SE  
                 SDFCND1                    QN  
                 SDFCND1                     Q  
                 SDFCND1                     D  
                 SDFCND1                    CP  
                 SDFCND1                   CDN  
                 SDFCND2                    SI  
                 SDFCND2                    SE  
                 SDFCND2                    QN  
                 SDFCND2                     Q  
                 SDFCND2                     D  
                 SDFCND2                    CP  
                 SDFCND2                   CDN  
                 SDFCND4                    SI  
                 SDFCND4                    SE  
                 SDFCND4                    QN  
                 SDFCND4                     Q  
                 SDFCND4                     D  
                 SDFCND4                    CP  
                 SDFCND4                   CDN  
                SDFCNQD0                    SI  
                SDFCNQD0                    SE  
                SDFCNQD0                     Q  
                SDFCNQD0                     D  
                SDFCNQD0                    CP  
                SDFCNQD0                   CDN  
                SDFCNQD1                    SI  
                SDFCNQD1                    SE  
                SDFCNQD1                     Q  
                SDFCNQD1                     D  
                SDFCNQD1                    CP  
                SDFCNQD1                   CDN  
                SDFCNQD2                    SI  
                SDFCNQD2                    SE  
                SDFCNQD2                     Q  
                SDFCNQD2                     D  
                SDFCNQD2                    CP  
                SDFCNQD2                   CDN  
                SDFCNQD4                    SI  
                SDFCNQD4                    SE  
                SDFCNQD4                     Q  
                SDFCNQD4                     D  
                SDFCNQD4                    CP  
                SDFCNQD4                   CDN  
                SDFCSND0                    SI  
                SDFCSND0                    SE  
                SDFCSND0                   SDN  
                SDFCSND0                    QN  
                SDFCSND0                     Q  
                SDFCSND0                     D  
                SDFCSND0                    CP  
                SDFCSND0                   CDN  
                SDFCSND1                    SI  
                SDFCSND1                    SE  
                SDFCSND1                   SDN  
                SDFCSND1                    QN  
                SDFCSND1                     Q  
                SDFCSND1                     D  
                SDFCSND1                    CP  
                SDFCSND1                   CDN  
                SDFCSND2                    SI  
                SDFCSND2                    SE  
                SDFCSND2                   SDN  
                SDFCSND2                    QN  
                SDFCSND2                     Q  
                SDFCSND2                     D  
                SDFCSND2                    CP  
                SDFCSND2                   CDN  
                SDFCSND4                    SI  
                SDFCSND4                    SE  
                SDFCSND4                   SDN  
                SDFCSND4                    QN  
                SDFCSND4                     Q  
                SDFCSND4                     D  
                SDFCSND4                    CP  
                SDFCSND4                   CDN  
               SDFCSNQD0                    SI  
               SDFCSNQD0                    SE  
               SDFCSNQD0                   SDN  
               SDFCSNQD0                     Q  
               SDFCSNQD0                     D  
               SDFCSNQD0                    CP  
               SDFCSNQD0                   CDN  
               SDFCSNQD1                    SI  
               SDFCSNQD1                    SE  
               SDFCSNQD1                   SDN  
               SDFCSNQD1                     Q  
               SDFCSNQD1                     D  
               SDFCSNQD1                    CP  
               SDFCSNQD1                   CDN  
               SDFCSNQD2                    SI  
               SDFCSNQD2                    SE  
               SDFCSNQD2                   SDN  
               SDFCSNQD2                     Q  
               SDFCSNQD2                     D  
               SDFCSNQD2                    CP  
               SDFCSNQD2                   CDN  
               SDFCSNQD4                    SI  
               SDFCSNQD4                    SE  
               SDFCSNQD4                   SDN  
               SDFCSNQD4                     Q  
               SDFCSNQD4                     D  
               SDFCSNQD4                    CP  
               SDFCSNQD4                   CDN  
                   SDFD0                    SI  
                   SDFD0                    SE  
                   SDFD0                    QN  
                   SDFD0                     Q  
                   SDFD0                     D  
                   SDFD0                    CP  
                   SDFD1                    SI  
                   SDFD1                    SE  
                   SDFD1                    QN  
                   SDFD1                     Q  
                   SDFD1                     D  
                   SDFD1                    CP  
                   SDFD2                    SI  
                   SDFD2                    SE  
                   SDFD2                    QN  
                   SDFD2                     Q  
                   SDFD2                     D  
                   SDFD2                    CP  
                   SDFD4                    SI  
                   SDFD4                    SE  
                   SDFD4                    QN  
                   SDFD4                     Q  
                   SDFD4                     D  
                   SDFD4                    CP  
                SDFKCND0                    SI  
                SDFKCND0                    SE  
                SDFKCND0                    QN  
                SDFKCND0                     Q  
                SDFKCND0                     D  
                SDFKCND0                    CP  
                SDFKCND0                    CN  
                SDFKCND1                    SI  
                SDFKCND1                    SE  
                SDFKCND1                    QN  
                SDFKCND1                     Q  
                SDFKCND1                     D  
                SDFKCND1                    CP  
                SDFKCND1                    CN  
                SDFKCND2                    SI  
                SDFKCND2                    SE  
                SDFKCND2                    QN  
                SDFKCND2                     Q  
                SDFKCND2                     D  
                SDFKCND2                    CP  
                SDFKCND2                    CN  
                SDFKCND4                    SI  
                SDFKCND4                    SE  
                SDFKCND4                    QN  
                SDFKCND4                     Q  
                SDFKCND4                     D  
                SDFKCND4                    CP  
                SDFKCND4                    CN  
               SDFKCNQD0                    SI  
               SDFKCNQD0                    SE  
               SDFKCNQD0                     Q  
               SDFKCNQD0                     D  
               SDFKCNQD0                    CP  
               SDFKCNQD0                    CN  
               SDFKCNQD1                    SI  
               SDFKCNQD1                    SE  
               SDFKCNQD1                     Q  
               SDFKCNQD1                     D  
               SDFKCNQD1                    CP  
               SDFKCNQD1                    CN  
               SDFKCNQD2                    SI  
               SDFKCNQD2                    SE  
               SDFKCNQD2                     Q  
               SDFKCNQD2                     D  
               SDFKCNQD2                    CP  
               SDFKCNQD2                    CN  
               SDFKCNQD4                    SI  
               SDFKCNQD4                    SE  
               SDFKCNQD4                     Q  
               SDFKCNQD4                     D  
               SDFKCNQD4                    CP  
               SDFKCNQD4                    CN  
               SDFKCSND0                    SN  
               SDFKCSND0                    SI  
               SDFKCSND0                    SE  
               SDFKCSND0                    QN  
               SDFKCSND0                     Q  
               SDFKCSND0                     D  
               SDFKCSND0                    CP  
               SDFKCSND0                    CN  
               SDFKCSND1                    SN  
               SDFKCSND1                    SI  
               SDFKCSND1                    SE  
               SDFKCSND1                    QN  
               SDFKCSND1                     Q  
               SDFKCSND1                     D  
               SDFKCSND1                    CP  
               SDFKCSND1                    CN  
               SDFKCSND2                    SN  
               SDFKCSND2                    SI  
               SDFKCSND2                    SE  
               SDFKCSND2                    QN  
               SDFKCSND2                     Q  
               SDFKCSND2                     D  
               SDFKCSND2                    CP  
               SDFKCSND2                    CN  
               SDFKCSND4                    SN  
               SDFKCSND4                    SI  
               SDFKCSND4                    SE  
               SDFKCSND4                    QN  
               SDFKCSND4                     Q  
               SDFKCSND4                     D  
               SDFKCSND4                    CP  
               SDFKCSND4                    CN  
              SDFKCSNQD0                    SN  
              SDFKCSNQD0                    SI  
              SDFKCSNQD0                    SE  
              SDFKCSNQD0                     Q  
              SDFKCSNQD0                     D  
              SDFKCSNQD0                    CP  
              SDFKCSNQD0                    CN  
              SDFKCSNQD1                    SN  
              SDFKCSNQD1                    SI  
              SDFKCSNQD1                    SE  
              SDFKCSNQD1                     Q  
              SDFKCSNQD1                     D  
              SDFKCSNQD1                    CP  
              SDFKCSNQD1                    CN  
              SDFKCSNQD2                    SN  
              SDFKCSNQD2                    SI  
              SDFKCSNQD2                    SE  
              SDFKCSNQD2                     Q  
              SDFKCSNQD2                     D  
              SDFKCSNQD2                    CP  
              SDFKCSNQD2                    CN  
              SDFKCSNQD4                    SN  
              SDFKCSNQD4                    SI  
              SDFKCSNQD4                    SE  
              SDFKCSNQD4                     Q  
              SDFKCSNQD4                     D  
              SDFKCSNQD4                    CP  
              SDFKCSNQD4                    CN  
                SDFKSND0                    SN  
                SDFKSND0                    SI  
                SDFKSND0                    SE  
                SDFKSND0                    QN  
                SDFKSND0                     Q  
                SDFKSND0                     D  
                SDFKSND0                    CP  
                SDFKSND1                    SN  
                SDFKSND1                    SI  
                SDFKSND1                    SE  
                SDFKSND1                    QN  
                SDFKSND1                     Q  
                SDFKSND1                     D  
                SDFKSND1                    CP  
                SDFKSND2                    SN  
                SDFKSND2                    SI  
                SDFKSND2                    SE  
                SDFKSND2                    QN  
                SDFKSND2                     Q  
                SDFKSND2                     D  
                SDFKSND2                    CP  
                SDFKSND4                    SN  
                SDFKSND4                    SI  
                SDFKSND4                    SE  
                SDFKSND4                    QN  
                SDFKSND4                     Q  
                SDFKSND4                     D  
                SDFKSND4                    CP  
               SDFKSNQD0                    SN  
               SDFKSNQD0                    SI  
               SDFKSNQD0                    SE  
               SDFKSNQD0                     Q  
               SDFKSNQD0                     D  
               SDFKSNQD0                    CP  
               SDFKSNQD1                    SN  
               SDFKSNQD1                    SI  
               SDFKSNQD1                    SE  
               SDFKSNQD1                     Q  
               SDFKSNQD1                     D  
               SDFKSNQD1                    CP  
               SDFKSNQD2                    SN  
               SDFKSNQD2                    SI  
               SDFKSNQD2                    SE  
               SDFKSNQD2                     Q  
               SDFKSNQD2                     D  
               SDFKSNQD2                    CP  
               SDFKSNQD4                    SN  
               SDFKSNQD4                    SI  
               SDFKSNQD4                    SE  
               SDFKSNQD4                     Q  
               SDFKSNQD4                     D  
               SDFKSNQD4                    CP  
                SDFNCND0                    SI  
                SDFNCND0                    SE  
                SDFNCND0                    QN  
                SDFNCND0                     Q  
                SDFNCND0                     D  
                SDFNCND0                   CPN  
                SDFNCND0                   CDN  
                SDFNCND1                    SI  
                SDFNCND1                    SE  
                SDFNCND1                    QN  
                SDFNCND1                     Q  
                SDFNCND1                     D  
                SDFNCND1                   CPN  
                SDFNCND1                   CDN  
                SDFNCND2                    SI  
                SDFNCND2                    SE  
                SDFNCND2                    QN  
                SDFNCND2                     Q  
                SDFNCND2                     D  
                SDFNCND2                   CPN  
                SDFNCND2                   CDN  
                SDFNCND4                    SI  
                SDFNCND4                    SE  
                SDFNCND4                    QN  
                SDFNCND4                     Q  
                SDFNCND4                     D  
                SDFNCND4                   CPN  
                SDFNCND4                   CDN  
               SDFNCSND0                    SI  
               SDFNCSND0                    SE  
               SDFNCSND0                   SDN  
               SDFNCSND0                    QN  
               SDFNCSND0                     Q  
               SDFNCSND0                     D  
               SDFNCSND0                   CPN  
               SDFNCSND0                   CDN  
               SDFNCSND1                    SI  
               SDFNCSND1                    SE  
               SDFNCSND1                   SDN  
               SDFNCSND1                    QN  
               SDFNCSND1                     Q  
               SDFNCSND1                     D  
               SDFNCSND1                   CPN  
               SDFNCSND1                   CDN  
               SDFNCSND2                    SI  
               SDFNCSND2                    SE  
               SDFNCSND2                   SDN  
               SDFNCSND2                    QN  
               SDFNCSND2                     Q  
               SDFNCSND2                     D  
               SDFNCSND2                   CPN  
               SDFNCSND2                   CDN  
               SDFNCSND4                    SI  
               SDFNCSND4                    SE  
               SDFNCSND4                   SDN  
               SDFNCSND4                    QN  
               SDFNCSND4                     Q  
               SDFNCSND4                     D  
               SDFNCSND4                   CPN  
               SDFNCSND4                   CDN  
                  SDFND0                    SI  
                  SDFND0                    SE  
                  SDFND0                    QN  
                  SDFND0                     Q  
                  SDFND0                     D  
                  SDFND0                   CPN  
                  SDFND1                    SI  
                  SDFND1                    SE  
                  SDFND1                    QN  
                  SDFND1                     Q  
                  SDFND1                     D  
                  SDFND1                   CPN  
                  SDFND2                    SI  
                  SDFND2                    SE  
                  SDFND2                    QN  
                  SDFND2                     Q  
                  SDFND2                     D  
                  SDFND2                   CPN  
                  SDFND4                    SI  
                  SDFND4                    SE  
                  SDFND4                    QN  
                  SDFND4                     Q  
                  SDFND4                     D  
                  SDFND4                   CPN  
                SDFNSND0                    SI  
                SDFNSND0                    SE  
                SDFNSND0                   SDN  
                SDFNSND0                    QN  
                SDFNSND0                     Q  
                SDFNSND0                     D  
                SDFNSND0                   CPN  
                SDFNSND1                    SI  
                SDFNSND1                    SE  
                SDFNSND1                   SDN  
                SDFNSND1                    QN  
                SDFNSND1                     Q  
                SDFNSND1                     D  
                SDFNSND1                   CPN  
                SDFNSND2                    SI  
                SDFNSND2                    SE  
                SDFNSND2                   SDN  
                SDFNSND2                    QN  
                SDFNSND2                     Q  
                SDFNSND2                     D  
                SDFNSND2                   CPN  
                SDFNSND4                    SI  
                SDFNSND4                    SE  
                SDFNSND4                   SDN  
                SDFNSND4                    QN  
                SDFNSND4                     Q  
                SDFNSND4                     D  
                SDFNSND4                   CPN  
                  SDFQD0                    SI  
                  SDFQD0                    SE  
                  SDFQD0                     Q  
                  SDFQD0                     D  
                  SDFQD0                    CP  
                  SDFQD1                    SI  
                  SDFQD1                    SE  
                  SDFQD1                     Q  
                  SDFQD1                     D  
                  SDFQD1                    CP  
                  SDFQD2                    SI  
                  SDFQD2                    SE  
                  SDFQD2                     Q  
                  SDFQD2                     D  
                  SDFQD2                    CP  
                  SDFQD4                    SI  
                  SDFQD4                    SE  
                  SDFQD4                     Q  
                  SDFQD4                     D  
                  SDFQD4                    CP  
                 SDFQND0                    SI  
                 SDFQND0                    SE  
                 SDFQND0                    QN  
                 SDFQND0                     D  
                 SDFQND0                    CP  
                 SDFQND1                    SI  
                 SDFQND1                    SE  
                 SDFQND1                    QN  
                 SDFQND1                     D  
                 SDFQND1                    CP  
                 SDFQND2                    SI  
                 SDFQND2                    SE  
                 SDFQND2                    QN  
                 SDFQND2                     D  
                 SDFQND2                    CP  
                 SDFQND4                    SI  
                 SDFQND4                    SE  
                 SDFQND4                    QN  
                 SDFQND4                     D  
                 SDFQND4                    CP  
                 SDFSND0                    SI  
                 SDFSND0                    SE  
                 SDFSND0                   SDN  
                 SDFSND0                    QN  
                 SDFSND0                     Q  
                 SDFSND0                     D  
                 SDFSND0                    CP  
                 SDFSND1                    SI  
                 SDFSND1                    SE  
                 SDFSND1                   SDN  
                 SDFSND1                    QN  
                 SDFSND1                     Q  
                 SDFSND1                     D  
                 SDFSND1                    CP  
                 SDFSND2                    SI  
                 SDFSND2                    SE  
                 SDFSND2                   SDN  
                 SDFSND2                    QN  
                 SDFSND2                     Q  
                 SDFSND2                     D  
                 SDFSND2                    CP  
                 SDFSND4                    SI  
                 SDFSND4                    SE  
                 SDFSND4                   SDN  
                 SDFSND4                    QN  
                 SDFSND4                     Q  
                 SDFSND4                     D  
                 SDFSND4                    CP  
                SDFSNQD0                    SI  
                SDFSNQD0                    SE  
                SDFSNQD0                   SDN  
                SDFSNQD0                     Q  
                SDFSNQD0                     D  
                SDFSNQD0                    CP  
                SDFSNQD1                    SI  
                SDFSNQD1                    SE  
                SDFSNQD1                   SDN  
                SDFSNQD1                     Q  
                SDFSNQD1                     D  
                SDFSNQD1                    CP  
                SDFSNQD2                    SI  
                SDFSNQD2                    SE  
                SDFSNQD2                   SDN  
                SDFSNQD2                     Q  
                SDFSNQD2                     D  
                SDFSNQD2                    CP  
                SDFSNQD4                    SI  
                SDFSNQD4                    SE  
                SDFSNQD4                   SDN  
                SDFSNQD4                     Q  
                SDFSNQD4                     D  
                SDFSNQD4                    CP  
                  SDFXD0                    SI  
                  SDFXD0                    SE  
                  SDFXD0                    SA  
                  SDFXD0                    QN  
                  SDFXD0                     Q  
                  SDFXD0                    DB  
                  SDFXD0                    DA  
                  SDFXD0                    CP  
                  SDFXD1                    SI  
                  SDFXD1                    SE  
                  SDFXD1                    SA  
                  SDFXD1                    QN  
                  SDFXD1                     Q  
                  SDFXD1                    DB  
                  SDFXD1                    DA  
                  SDFXD1                    CP  
                  SDFXD2                    SI  
                  SDFXD2                    SE  
                  SDFXD2                    SA  
                  SDFXD2                    QN  
                  SDFXD2                     Q  
                  SDFXD2                    DB  
                  SDFXD2                    DA  
                  SDFXD2                    CP  
                  SDFXD4                    SI  
                  SDFXD4                    SE  
                  SDFXD4                    SA  
                  SDFXD4                    QN  
                  SDFXD4                     Q  
                  SDFXD4                    DB  
                  SDFXD4                    DA  
                  SDFXD4                    CP  
                 SDFXQD0                    SI  
                 SDFXQD0                    SE  
                 SDFXQD0                    SA  
                 SDFXQD0                     Q  
                 SDFXQD0                    DB  
                 SDFXQD0                    DA  
                 SDFXQD0                    CP  
                 SDFXQD1                    SI  
                 SDFXQD1                    SE  
                 SDFXQD1                    SA  
                 SDFXQD1                     Q  
                 SDFXQD1                    DB  
                 SDFXQD1                    DA  
                 SDFXQD1                    CP  
                 SDFXQD2                    SI  
                 SDFXQD2                    SE  
                 SDFXQD2                    SA  
                 SDFXQD2                     Q  
                 SDFXQD2                    DB  
                 SDFXQD2                    DA  
                 SDFXQD2                    CP  
                 SDFXQD4                    SI  
                 SDFXQD4                    SE  
                 SDFXQD4                    SA  
                 SDFXQD4                     Q  
                 SDFXQD4                    DB  
                 SDFXQD4                    DA  
                 SDFXQD4                    CP  
                SEDFCND0                    SI  
                SEDFCND0                    SE  
                SEDFCND0                    QN  
                SEDFCND0                     Q  
                SEDFCND0                     E  
                SEDFCND0                     D  
                SEDFCND0                    CP  
                SEDFCND0                   CDN  
                SEDFCND1                    SI  
                SEDFCND1                    SE  
                SEDFCND1                    QN  
                SEDFCND1                     Q  
                SEDFCND1                     E  
                SEDFCND1                     D  
                SEDFCND1                    CP  
                SEDFCND1                   CDN  
                SEDFCND2                    SI  
                SEDFCND2                    SE  
                SEDFCND2                    QN  
                SEDFCND2                     Q  
                SEDFCND2                     E  
                SEDFCND2                     D  
                SEDFCND2                    CP  
                SEDFCND2                   CDN  
                SEDFCND4                    SI  
                SEDFCND4                    SE  
                SEDFCND4                    QN  
                SEDFCND4                     Q  
                SEDFCND4                     E  
                SEDFCND4                     D  
                SEDFCND4                    CP  
                SEDFCND4                   CDN  
               SEDFCNQD0                    SI  
               SEDFCNQD0                    SE  
               SEDFCNQD0                     Q  
               SEDFCNQD0                     E  
               SEDFCNQD0                     D  
               SEDFCNQD0                    CP  
               SEDFCNQD0                   CDN  
               SEDFCNQD1                    SI  
               SEDFCNQD1                    SE  
               SEDFCNQD1                     Q  
               SEDFCNQD1                     E  
               SEDFCNQD1                     D  
               SEDFCNQD1                    CP  
               SEDFCNQD1                   CDN  
               SEDFCNQD2                    SI  
               SEDFCNQD2                    SE  
               SEDFCNQD2                     Q  
               SEDFCNQD2                     E  
               SEDFCNQD2                     D  
               SEDFCNQD2                    CP  
               SEDFCNQD2                   CDN  
               SEDFCNQD4                    SI  
               SEDFCNQD4                    SE  
               SEDFCNQD4                     Q  
               SEDFCNQD4                     E  
               SEDFCNQD4                     D  
               SEDFCNQD4                    CP  
               SEDFCNQD4                   CDN  
                  SEDFD0                    SI  
                  SEDFD0                    SE  
                  SEDFD0                    QN  
                  SEDFD0                     Q  
                  SEDFD0                     E  
                  SEDFD0                     D  
                  SEDFD0                    CP  
                  SEDFD1                    SI  
                  SEDFD1                    SE  
                  SEDFD1                    QN  
                  SEDFD1                     Q  
                  SEDFD1                     E  
                  SEDFD1                     D  
                  SEDFD1                    CP  
                  SEDFD2                    SI  
                  SEDFD2                    SE  
                  SEDFD2                    QN  
                  SEDFD2                     Q  
                  SEDFD2                     E  
                  SEDFD2                     D  
                  SEDFD2                    CP  
                  SEDFD4                    SI  
                  SEDFD4                    SE  
                  SEDFD4                    QN  
                  SEDFD4                     Q  
                  SEDFD4                     E  
                  SEDFD4                     D  
                  SEDFD4                    CP  
               SEDFKCND0                    SI  
               SEDFKCND0                    SE  
               SEDFKCND0                    QN  
               SEDFKCND0                     Q  
               SEDFKCND0                     E  
               SEDFKCND0                     D  
               SEDFKCND0                    CP  
               SEDFKCND0                    CN  
               SEDFKCND1                    SI  
               SEDFKCND1                    SE  
               SEDFKCND1                    QN  
               SEDFKCND1                     Q  
               SEDFKCND1                     E  
               SEDFKCND1                     D  
               SEDFKCND1                    CP  
               SEDFKCND1                    CN  
               SEDFKCND2                    SI  
               SEDFKCND2                    SE  
               SEDFKCND2                    QN  
               SEDFKCND2                     Q  
               SEDFKCND2                     E  
               SEDFKCND2                     D  
               SEDFKCND2                    CP  
               SEDFKCND2                    CN  
               SEDFKCND4                    SI  
               SEDFKCND4                    SE  
               SEDFKCND4                    QN  
               SEDFKCND4                     Q  
               SEDFKCND4                     E  
               SEDFKCND4                     D  
               SEDFKCND4                    CP  
               SEDFKCND4                    CN  
              SEDFKCNQD0                    SI  
              SEDFKCNQD0                    SE  
              SEDFKCNQD0                     Q  
              SEDFKCNQD0                     E  
              SEDFKCNQD0                     D  
              SEDFKCNQD0                    CP  
              SEDFKCNQD0                    CN  
              SEDFKCNQD1                    SI  
              SEDFKCNQD1                    SE  
              SEDFKCNQD1                     Q  
              SEDFKCNQD1                     E  
              SEDFKCNQD1                     D  
              SEDFKCNQD1                    CP  
              SEDFKCNQD1                    CN  
              SEDFKCNQD2                    SI  
              SEDFKCNQD2                    SE  
              SEDFKCNQD2                     Q  
              SEDFKCNQD2                     E  
              SEDFKCNQD2                     D  
              SEDFKCNQD2                    CP  
              SEDFKCNQD2                    CN  
              SEDFKCNQD4                    SI  
              SEDFKCNQD4                    SE  
              SEDFKCNQD4                     Q  
              SEDFKCNQD4                     E  
              SEDFKCNQD4                     D  
              SEDFKCNQD4                    CP  
              SEDFKCNQD4                    CN  
                 SEDFQD0                    SI  
                 SEDFQD0                    SE  
                 SEDFQD0                     Q  
                 SEDFQD0                     E  
                 SEDFQD0                     D  
                 SEDFQD0                    CP  
                 SEDFQD1                    SI  
                 SEDFQD1                    SE  
                 SEDFQD1                     Q  
                 SEDFQD1                     E  
                 SEDFQD1                     D  
                 SEDFQD1                    CP  
                 SEDFQD2                    SI  
                 SEDFQD2                    SE  
                 SEDFQD2                     Q  
                 SEDFQD2                     E  
                 SEDFQD2                     D  
                 SEDFQD2                    CP  
                 SEDFQD4                    SI  
                 SEDFQD4                    SE  
                 SEDFQD4                     Q  
                 SEDFQD4                     E  
                 SEDFQD4                     D  
                 SEDFQD4                    CP  
                SEDFQND0                    SI  
                SEDFQND0                    SE  
                SEDFQND0                    QN  
                SEDFQND0                     E  
                SEDFQND0                     D  
                SEDFQND0                    CP  
                SEDFQND1                    SI  
                SEDFQND1                    SE  
                SEDFQND1                    QN  
                SEDFQND1                     E  
                SEDFQND1                     D  
                SEDFQND1                    CP  
                SEDFQND2                    SI  
                SEDFQND2                    SE  
                SEDFQND2                    QN  
                SEDFQND2                     E  
                SEDFQND2                     D  
                SEDFQND2                    CP  
                SEDFQND4                    SI  
                SEDFQND4                    SE  
                SEDFQND4                    QN  
                SEDFQND4                     E  
                SEDFQND4                     D  
                SEDFQND4                    CP  
               SEDFQNXD0                    SI  
               SEDFQNXD0                    SE  
               SEDFQNXD0                    QN  
               SEDFQNXD0                     E  
               SEDFQNXD0                     D  
               SEDFQNXD0                    CP  
               SEDFQNXD1                    SI  
               SEDFQNXD1                    SE  
               SEDFQNXD1                    QN  
               SEDFQNXD1                     E  
               SEDFQNXD1                     D  
               SEDFQNXD1                    CP  
               SEDFQNXD2                    SI  
               SEDFQNXD2                    SE  
               SEDFQNXD2                    QN  
               SEDFQNXD2                     E  
               SEDFQNXD2                     D  
               SEDFQNXD2                    CP  
               SEDFQNXD4                    SI  
               SEDFQNXD4                    SE  
               SEDFQNXD4                    QN  
               SEDFQNXD4                     E  
               SEDFQNXD4                     D  
               SEDFQNXD4                    CP  
                SEDFQXD0                    SI  
                SEDFQXD0                    SE  
                SEDFQXD0                     Q  
                SEDFQXD0                     E  
                SEDFQXD0                     D  
                SEDFQXD0                    CP  
                SEDFQXD1                    SI  
                SEDFQXD1                    SE  
                SEDFQXD1                     Q  
                SEDFQXD1                     E  
                SEDFQXD1                     D  
                SEDFQXD1                    CP  
                SEDFQXD2                    SI  
                SEDFQXD2                    SE  
                SEDFQXD2                     Q  
                SEDFQXD2                     E  
                SEDFQXD2                     D  
                SEDFQXD2                    CP  
                SEDFQXD4                    SI  
                SEDFQXD4                    SE  
                SEDFQXD4                     Q  
                SEDFQXD4                     E  
                SEDFQXD4                     D  
                SEDFQXD4                    CP  
                 SEDFXD0                    SI  
                 SEDFXD0                    SE  
                 SEDFXD0                    QN  
                 SEDFXD0                     Q  
                 SEDFXD0                     E  
                 SEDFXD0                     D  
                 SEDFXD0                    CP  
                 SEDFXD1                    SI  
                 SEDFXD1                    SE  
                 SEDFXD1                    QN  
                 SEDFXD1                     Q  
                 SEDFXD1                     E  
                 SEDFXD1                     D  
                 SEDFXD1                    CP  
                 SEDFXD2                    SI  
                 SEDFXD2                    SE  
                 SEDFXD2                    QN  
                 SEDFXD2                     Q  
                 SEDFXD2                     E  
                 SEDFXD2                     D  
                 SEDFXD2                    CP  
                 SEDFXD4                    SI  
                 SEDFXD4                    SE  
                 SEDFXD4                    QN  
                 SEDFXD4                     Q  
                 SEDFXD4                     E  
                 SEDFXD4                     D  
                 SEDFXD4                    CP  
                    TIEH                     Z  
                    TIEL                    ZN  
                  XNR2D0                    ZN  
                  XNR2D0                    A2  
                  XNR2D0                    A1  
                  XNR2D1                    ZN  
                  XNR2D1                    A2  
                  XNR2D1                    A1  
                  XNR2D2                    ZN  
                  XNR2D2                    A2  
                  XNR2D2                    A1  
                  XNR2D4                    ZN  
                  XNR2D4                    A2  
                  XNR2D4                    A1  
                  XNR3D0                    ZN  
                  XNR3D0                    A3  
                  XNR3D0                    A2  
                  XNR3D0                    A1  
                  XNR3D1                    ZN  
                  XNR3D1                    A3  
                  XNR3D1                    A2  
                  XNR3D1                    A1  
                  XNR3D2                    ZN  
                  XNR3D2                    A3  
                  XNR3D2                    A2  
                  XNR3D2                    A1  
                  XNR3D4                    ZN  
                  XNR3D4                    A3  
                  XNR3D4                    A2  
                  XNR3D4                    A1  
                  XNR4D0                    ZN  
                  XNR4D0                    A4  
                  XNR4D0                    A3  
                  XNR4D0                    A2  
                  XNR4D0                    A1  
                  XNR4D1                    ZN  
                  XNR4D1                    A4  
                  XNR4D1                    A3  
                  XNR4D1                    A2  
                  XNR4D1                    A1  
                  XNR4D2                    ZN  
                  XNR4D2                    A4  
                  XNR4D2                    A3  
                  XNR4D2                    A2  
                  XNR4D2                    A1  
                  XNR4D4                    ZN  
                  XNR4D4                    A4  
                  XNR4D4                    A3  
                  XNR4D4                    A2  
                  XNR4D4                    A1  
                  XOR2D0                     Z  
                  XOR2D0                    A2  
                  XOR2D0                    A1  
                  XOR2D1                     Z  
                  XOR2D1                    A2  
                  XOR2D1                    A1  
                  XOR2D2                     Z  
                  XOR2D2                    A2  
                  XOR2D2                    A1  
                  XOR2D4                     Z  
                  XOR2D4                    A2  
                  XOR2D4                    A1  
                  XOR3D0                     Z  
                  XOR3D0                    A3  
                  XOR3D0                    A2  
                  XOR3D0                    A1  
                  XOR3D1                     Z  
                  XOR3D1                    A3  
                  XOR3D1                    A2  
                  XOR3D1                    A1  
                  XOR3D2                     Z  
                  XOR3D2                    A3  
                  XOR3D2                    A2  
                  XOR3D2                    A1  
                  XOR3D4                     Z  
                  XOR3D4                    A3  
                  XOR3D4                    A2  
                  XOR3D4                    A1  
                  XOR4D0                     Z  
                  XOR4D0                    A4  
                  XOR4D0                    A3  
                  XOR4D0                    A2  
                  XOR4D0                    A1  
                  XOR4D1                     Z  
                  XOR4D1                    A4  
                  XOR4D1                    A3  
                  XOR4D1                    A2  
                  XOR4D1                    A1  
                  XOR4D2                     Z  
                  XOR4D2                    A4  
                  XOR4D2                    A3  
                  XOR4D2                    A2  
                  XOR4D2                    A1  
                  XOR4D4                     Z  
                  XOR4D4                    A4  
                  XOR4D4                    A3  
                  XOR4D4                    A2  
                  XOR4D4                    A1  For more information click here  
# Cells Missing LEF Info: 0  
# Cells with Dimension Errors: 0  

==============================
Netlist Information
==============================
# HFO (>200) Nets: 0  
# No-driven Nets: 331  
    General Caution:
        1) TODO
    No-driven Nets  
    I40/constant_zero  
    I40/constant_one  
    I39/constant_zero  
    I39/constant_one  
    I38/constant_zero  
    I38/constant_one  
    I37/constant_zero  
    I37/constant_one  
    I36/constant_zero  
    I36/constant_one  
    I35/constant_zero  
    I35/constant_one  
    I34/constant_zero  
    I34/constant_one  
    I33/constant_zero  
    I33/constant_one  
    I32/constant_zero  
    I32/constant_one  
    I31/constant_zero  
    I31/constant_one  
    I30/constant_zero  
    I30/constant_one  
    I29/constant_zero  
    I29/constant_one  
    I28/constant_zero  
    I28/constant_one  
    I27/constant_zero  
    I27/constant_one  
    I26/constant_zero  
    I26/constant_one  
    I25/constant_zero  
    I25/constant_one  
    I24/constant_zero  
    I24/constant_one  
    I23/constant_zero  
    I23/constant_one  
    I22/constant_zero  
    I22/constant_one  
    I21/constant_zero  
    I21/constant_one  
    I20/constant_zero  
    I20/constant_one  
    I19/constant_zero  
    I19/constant_one  
    I18/constant_zero  
    I18/constant_one  
    I17/constant_zero  
    I17/constant_one  
    I16/constant_zero  
    I16/constant_one  
    I15/constant_zero  
    I15/constant_one  
    I14/constant_zero  
    I14/constant_one  
    I13/constant_zero  
    I13/constant_one  
    I12/constant_zero  
    I12/constant_one  
    I11/constant_zero  
    I11/constant_one  
    I10/constant_zero  
    I10/constant_one  
    I9/constant_zero  
    I9/constant_one  
    I8/constant_zero  
    I8/constant_one  
    I7/constant_zero  
    I7/constant_one  
    I6/constant_zero  
    I6/constant_one  
    I5/constant_zero  
    I5/constant_one  
    I0/latch_Q/clk_gate_y4_r_reg/net56347  
    I0/latch_Q/clk_gate_y4_r_reg/net56346  
    I0/hist_Q/clk_gate_w2_reg/net56377  
    I0/hist_Q/clk_gate_w2_reg/net56376  
    I0/latch_I/clk_gate_y4_r_reg/net56347  
    I0/latch_I/clk_gate_y4_r_reg/net56346  
    I0/hist_I/clk_gate_w2_reg/net56377  
    I0/hist_I/clk_gate_w2_reg/net56376  
    I0/spi_Q/clk_gate_shreg_reg/net56392  
    I0/spi_Q/clk_gate_shreg_reg/net56391  
    I0/spi_I/clk_gate_shreg_reg/net56408  
    I0/spi_I/clk_gate_shreg_reg/net56407  
    I0/cfg_u/clk_gate_L_ctrl_reg/net56422  
    I0/clk_gate_coeff_count_reg/net56226  
    I0/fir_Q_u/clk_gate_y_reg/net56241  
    I0/fir_Q_u/clk_gate_load_idx_reg/net56241  
    I0/fir_Q_u/clk_gate_coeffs_reg[9]/net56242  
    I0/fir_Q_u/clk_gate_coeffs_reg[9]/net56241  
    I0/fir_Q_u/clk_gate_coeffs_reg[8]/net56242  
    I0/fir_Q_u/clk_gate_coeffs_reg[8]/net56241  
    I0/fir_Q_u/clk_gate_coeffs_reg[7]/net56242  
    I0/fir_Q_u/clk_gate_coeffs_reg[7]/net56241  
    I0/fir_Q_u/clk_gate_coeffs_reg[6]/net56242  
    I0/fir_Q_u/clk_gate_coeffs_reg[6]/net56241  
    I0/fir_Q_u/clk_gate_coeffs_reg[5]/net56241  
    I0/fir_Q_u/clk_gate_coeffs_reg[4]/net56242  
    I0/fir_Q_u/clk_gate_coeffs_reg[4]/net56241  
    I0/fir_Q_u/clk_gate_coeffs_reg[3]/net56242  
    I0/fir_Q_u/clk_gate_coeffs_reg[3]/net56241  
    I0/fir_Q_u/clk_gate_coeffs_reg[2]/net56242  
    I0/fir_Q_u/clk_gate_coeffs_reg[2]/net56241  
    I0/fir_Q_u/clk_gate_coeffs_reg[1]/net56242  
    I0/fir_Q_u/clk_gate_coeffs_reg[1]/net56241  
    I0/fir_Q_u/clk_gate_coeffs_reg[0]/net56242  
    I0/fir_Q_u/clk_gate_coeffs_reg[0]/net56241  
    I0/fir_I_u/clk_gate_y_reg/net56241  
    I0/fir_I_u/clk_gate_load_idx_reg/net56241  
    I0/fir_I_u/clk_gate_coeffs_reg[9]/net56242  
    I0/fir_I_u/clk_gate_coeffs_reg[9]/net56241  
    I0/fir_I_u/clk_gate_coeffs_reg[8]/net56242  
    I0/fir_I_u/clk_gate_coeffs_reg[8]/net56241  
    I0/fir_I_u/clk_gate_coeffs_reg[7]/net56242  
    I0/fir_I_u/clk_gate_coeffs_reg[7]/net56241  
    I0/fir_I_u/clk_gate_coeffs_reg[6]/net56242  
    I0/fir_I_u/clk_gate_coeffs_reg[6]/net56241  
    I0/fir_I_u/clk_gate_coeffs_reg[5]/net56242  
    I0/fir_I_u/clk_gate_coeffs_reg[5]/net56241  
    I0/fir_I_u/clk_gate_coeffs_reg[4]/net56241  
    I0/fir_I_u/clk_gate_coeffs_reg[3]/net56242  
    I0/fir_I_u/clk_gate_coeffs_reg[3]/net56241  
    I0/fir_I_u/clk_gate_coeffs_reg[2]/net56241  
    I0/fir_I_u/clk_gate_coeffs_reg[1]/net56242  
    I0/fir_I_u/clk_gate_coeffs_reg[1]/net56241  
    I0/fir_I_u/clk_gate_coeffs_reg[0]/net56242  
    I0/fir_I_u/clk_gate_coeffs_reg[0]/net56241  
    I0/fir_I_u/load_idx[0]  
    I0/shift_Q/clk_gate_x_reg[0]/net56312  
    I0/shift_Q/FE_PSRN_2  
    I0/shift_I/clk_gate_phase_reg/net56327  
    I0/shift_I/clk_gate_phase_reg/net56326  
    I0/shift_I/clk_gate_x_reg[0]/net56327  
    I0/minaj2_Q/clk_gate_m_p_reg/net56362  
    I0/minaj2_Q/clk_gate_m_p_reg/net56361  
    I0/minaj2_I/clk_gate_m_p_reg/net56362  
    I0/minaj2_I/clk_gate_m_p_reg/net56361  
    I0/spi_I/count[2]  
    I0/y0_Q[3]  
    I0/y0_I[0]  
    I0/y0_I[9]  
    I0/y0_I[10]  
    I0/y0_I[11]  
    I0/y0_I[12]  
    I0/y0_I[13]  
    I0/y0_I[14]  
    I0/y0_I[15]  
    I0/word_Q[0]  
    I0/word_I[0]  
    I0/L_ctrl_int[0]  
    I0/L_ctrl_int[1]  
    I0/L_ctrl_int[2]  
    I0/sr_Q[8][11]  
    I0/sr_Q[8][14]  
    I0/sr_Q[7][7]  
    I0/sr_Q[7][13]  
    I0/sr_Q[7][14]  
    I0/sr_Q[6][6]  
    I0/sr_Q[6][8]  
    I0/sr_Q[6][11]  
    I0/sr_Q[6][12]  
    I0/sr_Q[6][14]  
    I0/sr_Q[4][4]  
    I0/sr_Q[4][5]  
    I0/sr_Q[3][14]  
    I0/sr_Q[3][15]  
    I0/sr_Q[1][7]  
    I0/sr_Q[1][11]  
    I0/sr_Q[1][12]  
    I0/sr_Q[1][14]  
    I0/sr_Q[1][15]  
    I0/sr_I[8][3]  
    I0/sr_I[7][9]  
    I0/sr_I[6][1]  
    I0/sr_I[6][5]  
    I0/sr_I[6][7]  
    I0/sr_I[6][8]  
    I0/sr_I[5][4]  
    I0/sr_I[5][8]  
    I0/sr_I[5][14]  
    I0/sr_I[4][3]  
    I0/sr_I[4][11]  
    I0/sr_I[3][3]  
    I0/sr_I[3][4]  
    I0/sr_I[2][4]  
    I0/sr_I[1][2]  
    I0/FE_OFN42_FE_DBTN3_wire_reset  
    I0/FE_OFN51_FE_DBTN3_wire_reset  
    I0/FE_OFN52_FE_DBTN3_wire_reset  
    I0/FE_OFN54_FE_DBTN3_wire_reset  
    I0/FE_OFN59_FE_DBTN3_wire_reset  
    I0/FE_OFN60_FE_DBTN3_wire_reset  
    I0/FE_OFN62_FE_DBTN3_wire_reset  
    I0/FE_OFN67_FE_DBTN3_wire_reset  
    I0/FE_OFN68_FE_DBTN3_wire_reset  
    I0/FE_OFN76_FE_DBTN3_wire_reset  
    I0/FE_OFN78_FE_DBTN3_wire_reset  
    I0/FE_OFN79_FE_DBTN3_wire_reset  
    I0/FE_OFN85_FE_DBTN3_wire_reset  
    I0/FE_OFN86_FE_DBTN3_wire_reset  
    I0/FE_OFN87_FE_DBTN3_wire_reset  
    I0/FE_OFN89_FE_DBTN3_wire_reset  
    I0/FE_OFN91_FE_DBTN3_wire_reset  
    I0/FE_OFN92_FE_DBTN3_wire_reset  
    I0/FE_OFN93_FE_DBTN3_wire_reset  
    I0/FE_OFN95_FE_DBTN3_wire_reset  
    I0/FE_OFN96_FE_DBTN3_wire_reset  
    I0/FE_OFN100_FE_DBTN3_wire_reset  
    I0/FE_OFN101_FE_DBTN3_wire_reset  
    I0/FE_OFN102_FE_DBTN3_wire_reset  
    I0/FE_OFN103_FE_DBTN3_wire_reset  
    I0/FE_OFN110_FE_DBTN3_wire_reset  
    I0/FE_OFN112_FE_DBTN3_wire_reset  
    I0/FE_OFN117_FE_DBTN3_wire_reset  
    I0/FE_OFN118_FE_DBTN3_wire_reset  
    I0/FE_OFN121_FE_DBTN3_wire_reset  
    I0/FE_OFN127_FE_DBTN3_wire_reset  
    I0/FE_OFN129_FE_DBTN3_wire_reset  
    I0/FE_OFN130_FE_DBTN3_wire_reset  
    I0/FE_OFN132_FE_DBTN3_wire_reset  
    I0/FE_OFN137_FE_DBTN3_wire_reset  
    I0/FE_OFN140_FE_DBTN3_wire_reset  
    I0/FE_OFN141_FE_DBTN3_wire_reset  
    I0/FE_OFN142_FE_DBTN3_wire_reset  
    I0/FE_OFN143_FE_DBTN3_wire_reset  
    I0/FE_OFN144_FE_DBTN3_wire_reset  
    I0/FE_OFN145_FE_DBTN3_wire_reset  
    I0/FE_OFN146_FE_DBTN3_wire_reset  
    I0/FE_OFN156_FE_DBTN3_wire_reset  
    I0/FE_OFN157_FE_DBTN3_wire_reset  
    I0/FE_OFN158_FE_DBTN3_wire_reset  
    I0/FE_OFN159_FE_DBTN3_wire_reset  
    I0/FE_OFN165_FE_DBTN3_wire_reset  
    I0/FE_OFN166_FE_DBTN3_wire_reset  
    I0/FE_OFN169_FE_DBTN3_wire_reset  
    I0/FE_OFN171_FE_DBTN3_wire_reset  
    I0/FE_OFN175_FE_DBTN3_wire_reset  
    I0/FE_OFN176_FE_DBTN3_wire_reset  
    I0/FE_OFN178_FE_DBTN3_wire_reset  
    I0/FE_OFN181_n  
    I0/FE_OFN182_n  
    I0/FE_OFN183_FE_DBTN1_L_ctrl_int_0  
    I0/FE_OFN235_sr_I_0__0  
    I0/FE_OFN236_sr_I_0__0  
    I0/FE_OFN253_sr_I_3__8  
    I0/FE_OFN255_sr_I_3__7  
    I0/FE_OFN257_sr_I_3__6  
    I0/FE_OFN267_sr_I_4__4  
    I0/FE_OFN281_sr_I_6__7  
    I0/FE_OFN292_sr_I_7__8  
    I0/FE_OFN311_sr_Q_0__10  
    I0/FE_OFN357_sr_Q_3__13  
    I0/FE_OFN392_sr_Q_5__6  
    I0/FE_OFN407_sr_Q_6__14  
    I0/FE_OFN424_sr_Q_6__3  
    I0/FE_OFN432_sr_Q_7__13  
    I0/FE_OFN512_word_I_5  
    I0/FE_OFN515_word_I_3  
    I0/FE_OFN2054_n  
    I0/FE_OFN2150_n  
    I0/FE_OFN2151_n  
    I0/FE_OFN2152_sr_I_3__9  
    I0/FE_OFN2153_sr_I_2__0  
    I0/FE_OFN2170_sr_Q_1__13  
    I0/FE_OFN2174_sr_I_6__8  
    I0/FE_OFN2200_sr_I_4__10  
    I0/FE_OFN2256_sr_I_1__12  
    I0/FE_OFN2283_n  
    I0/FE_OFN7539_sr_Q_1__12  
    I0/FE_OFN7565_sr_Q_7__6  
    I0/FE_OFN7573_sr_I_2__4  
    I0/FE_OFN7574_sr_I_2__2  
    I0/FE_OFN7575_sr_I_4__15  
    I0/FE_OFN7584_sr_I_6__12  
    I0/FE_OFN7597_sr_I_8__5  
    I0/FE_OFN7603_sr_I_3__1  
    I0/FE_OFN56251_sr_I_5__12  
    I0/FE_OFN56408_sr_Q_1__8  
    I0/FE_OFN56479_n  
    I0/FE_OFN56506_n  
    I0/FE_OFN56682_n  
    I0/FE_OFN56693_n  
    I0/FE_OFN56782_n  
    I0/FE_OFN56874_L_ctrl_int_0  
    I0/FE_OFN56891_n  
    I0/FE_OFN56964_sr_Q_6__5  
    I0/FE_OFN57024_n  
    I0/FE_OFN57083_FE_RN_1  
    I0/FE_OFN57086_n  
    I0/FE_OFN57089_n  
    I0/FE_OFN57100_n  
    I0/FE_OFN57107_n  
    I0/FE_OFN57111_FE_RN_4  
    I0/FE_OFN57119_sr_I_6__10  
    I0/FE_OFN57166_FE_RN_10  
    I0/FE_OFN57174_n  
    I0/FE_OFN57214_n  
    net1001  
    net1000  
    dac_Q[0]  
    dac_Q[1]  
    dac_Q[2]  
    dac_Q[3]  
    dac_Q[4]  
    dac_Q[5]  
    dac_Q[6]  
    dac_Q[7]  
    dac_Q[8]  
    dac_Q[9]  
    dac_Q[10]  
    dac_Q[11]  
    dac_Q[12]  
    dac_Q[13]  
    dac_Q[14]  
    dac_Q[15]  
    dac_I[0]  
    dac_I[1]  
    dac_I[2]  
    dac_I[3]  
    dac_I[4]  
    dac_I[5]  
    dac_I[6]  
    dac_I[7]  
    dac_I[8]  
    dac_I[9]  
    dac_I[10]  
    dac_I[11]  
    dac_I[12]  
    dac_I[13]  
    dac_I[14]  
    dac_I[15]  
# Multi-driven Nets: 0  
# Assign Statements: 0  
Is Design Uniquified: YES  
# Pins in Netlist without timing lib: 0  

==============================

==============================
: Internal  External  
No of Nets:      43203           0  
No of Connections:      80297           0  
Total Net Length (X): 3.7757e+05  0.0000e+00  
Total Net Length (Y): 3.9635e+05  0.0000e+00  
Total Net Length: 7.7392e+05  0.0000e+00  

==============================
Timing Information
==============================
# Clocks in design: 
    ------------------------------
    Clocks in Design
    ------------------------------
    FastView/clk  
    SlowView/clk  2  
# Generated clocks: 0  
# "dont_use" cells from .libs: 
    ------------------------------
    Dont_use Cell List
    ------------------------------
    BHDLVT  
    BUFFD20LVT  
    BUFFD24LVT  
    BUFTD20LVT  
    BUFTD24LVT  
    CKBD20LVT  
    CKBD24LVT  
    CKLHQD20LVT  
    CKLHQD24LVT  
    CKLNQD20LVT  
    CKLNQD24LVT  
    CKND20LVT  
    CKND24LVT  
    GAN2D1LVT  
    GAN2D2LVT  
    GAOI21D1LVT  
    GAOI21D2LVT  
    GAOI22D1LVT  
    GBUFFD1LVT  
    GBUFFD2LVT  
    GBUFFD3LVT  
    GBUFFD4LVT  
    GBUFFD8LVT  
    GDCAP10LVT  
    GDCAP2LVT  
    GDCAP3LVT  
    GDCAP4LVT  
    GDCAPLVT  
    GDFCNQD1LVT  
    GDFQD1LVT  
    GFILL10LVT  
    GFILL2LVT  
    GFILL3LVT  
    GFILL4LVT  
    GFILLLVT  
    GINVD1LVT  
    GINVD2LVT  
    GINVD3LVT  
    GINVD4LVT  
    GINVD8LVT  
    GMUX2D1LVT  
    GMUX2D2LVT  
    GMUX2ND1LVT  
    GMUX2ND2LVT  
    GND2D1LVT  
    GND2D2LVT  
    GND2D3LVT  
    GND2D4LVT  
    GND3D1LVT  
    GND3D2LVT  
    GNR2D1LVT  
    GNR2D2LVT  
    GNR3D1LVT  
    GNR3D2LVT  
    GOAI21D1LVT  
    GOAI21D2LVT  
    GOR2D1LVT  
    GOR2D2LVT  
    GSDFCNQD1LVT  
    GTIEHLVT  
    GTIELLVT  
    GXNR2D1LVT  
    GXNR2D2LVT  
    GXOR2D1LVT  
    GXOR2D2LVT  
    INVD20LVT  
    INVD24LVT  
    BHDHVT  
    BUFFD20HVT  
    BUFFD24HVT  
    BUFTD20HVT  
    BUFTD24HVT  
    CKBD20HVT  
    CKBD24HVT  
    CKLHQD20HVT  
    CKLHQD24HVT  
    CKLNQD20HVT  
    CKLNQD24HVT  
    CKND20HVT  
    CKND24HVT  
    GAN2D1HVT  
    GAN2D2HVT  
    GAOI21D1HVT  
    GAOI21D2HVT  
    GAOI22D1HVT  
    GBUFFD1HVT  
    GBUFFD2HVT  
    GBUFFD3HVT  
    GBUFFD4HVT  
    GBUFFD8HVT  
    GDCAP10HVT  
    GDCAP2HVT  
    GDCAP3HVT  
    GDCAP4HVT  
    GDCAPHVT  
    GDFCNQD1HVT  
    GDFQD1HVT  
    GFILL10HVT  
    GFILL2HVT  
    GFILL3HVT  
    GFILL4HVT  
    GFILLHVT  
    GINVD1HVT  
    GINVD2HVT  
    GINVD3HVT  
    GINVD4HVT  
    GINVD8HVT  
    GMUX2D1HVT  
    GMUX2D2HVT  
    GMUX2ND1HVT  
    GMUX2ND2HVT  
    GND2D1HVT  
    GND2D2HVT  
    GND2D3HVT  
    GND2D4HVT  
    GND3D1HVT  
    GND3D2HVT  
    GNR2D1HVT  
    GNR2D2HVT  
    GNR3D1HVT  
    GNR3D2HVT  
    GOAI21D1HVT  
    GOAI21D2HVT  
    GOR2D1HVT  
    GOR2D2HVT  
    GSDFCNQD1HVT  
    GTIEHHVT  
    GTIELHVT  
    GXNR2D1HVT  
    GXNR2D2HVT  
    GXOR2D1HVT  
    GXOR2D2HVT  
    INVD20HVT  
    INVD24HVT  
    BHD  
    BUFFD20  
    BUFFD24  
    BUFTD20  
    BUFTD24  
    CKBD20  
    CKBD24  
    CKLHQD20  
    CKLHQD24  
    CKLNQD20  
    CKLNQD24  
    CKND20  
    CKND24  
    GAN2D1  
    GAN2D2  
    GAOI21D1  
    GAOI21D2  
    GAOI22D1  
    GBUFFD1  
    GBUFFD2  
    GBUFFD3  
    GBUFFD4  
    GBUFFD8  
    GDCAP  
    GDCAP10  
    GDCAP2  
    GDCAP3  
    GDCAP4  
    GDFCNQD1  
    GDFQD1  
    GFILL  
    GFILL10  
    GFILL2  
    GFILL3  
    GFILL4  
    GINVD1  
    GINVD2  
    GINVD3  
    GINVD4  
    GINVD8  
    GMUX2D1  
    GMUX2D2  
    GMUX2ND1  
    GMUX2ND2  
    GND2D1  
    GND2D2  
    GND2D3  
    GND2D4  
    GND3D1  
    GND3D2  
    GNR2D1  
    GNR2D2  
    GNR3D1  
    GNR3D2  
    GOAI21D1  
    GOAI21D2  
    GOR2D1  
    GOR2D2  
    GSDFCNQD1  
    GTIEH  
    GTIEL  
    GXNR2D1  
    GXNR2D2  
    GXOR2D1  
    GXOR2D2  
    INVD20  
    INVD24  201  
# "dont_touch" cells from .libs: 
    ------------------------------
    Dont_touch Cell List
    ------------------------------
    BHDLVT  
    BUFFD20LVT  
    BUFFD24LVT  
    BUFTD20LVT  
    BUFTD24LVT  
    CKBD20LVT  
    CKBD24LVT  
    CKLHQD20LVT  
    CKLHQD24LVT  
    CKLNQD20LVT  
    CKLNQD24LVT  
    CKND20LVT  
    CKND24LVT  
    GAN2D1LVT  
    GAN2D2LVT  
    GAOI21D1LVT  
    GAOI21D2LVT  
    GAOI22D1LVT  
    GBUFFD1LVT  
    GBUFFD2LVT  
    GBUFFD3LVT  
    GBUFFD4LVT  
    GBUFFD8LVT  
    GDCAP10LVT  
    GDCAP2LVT  
    GDCAP3LVT  
    GDCAP4LVT  
    GDCAPLVT  
    GDFCNQD1LVT  
    GDFQD1LVT  
    GFILL10LVT  
    GFILL2LVT  
    GFILL3LVT  
    GFILL4LVT  
    GFILLLVT  
    GINVD1LVT  
    GINVD2LVT  
    GINVD3LVT  
    GINVD4LVT  
    GINVD8LVT  
    GMUX2D1LVT  
    GMUX2D2LVT  
    GMUX2ND1LVT  
    GMUX2ND2LVT  
    GND2D1LVT  
    GND2D2LVT  
    GND2D3LVT  
    GND2D4LVT  
    GND3D1LVT  
    GND3D2LVT  
    GNR2D1LVT  
    GNR2D2LVT  
    GNR3D1LVT  
    GNR3D2LVT  
    GOAI21D1LVT  
    GOAI21D2LVT  
    GOR2D1LVT  
    GOR2D2LVT  
    GSDFCNQD1LVT  
    GTIEHLVT  
    GTIELLVT  
    GXNR2D1LVT  
    GXNR2D2LVT  
    GXOR2D1LVT  
    GXOR2D2LVT  
    INVD20LVT  
    INVD24LVT  
    BHDHVT  
    BUFFD20HVT  
    BUFFD24HVT  
    BUFTD20HVT  
    BUFTD24HVT  
    CKBD20HVT  
    CKBD24HVT  
    CKLHQD20HVT  
    CKLHQD24HVT  
    CKLNQD20HVT  
    CKLNQD24HVT  
    CKND20HVT  
    CKND24HVT  
    GAN2D1HVT  
    GAN2D2HVT  
    GAOI21D1HVT  
    GAOI21D2HVT  
    GAOI22D1HVT  
    GBUFFD1HVT  
    GBUFFD2HVT  
    GBUFFD3HVT  
    GBUFFD4HVT  
    GBUFFD8HVT  
    GDCAP10HVT  
    GDCAP2HVT  
    GDCAP3HVT  
    GDCAP4HVT  
    GDCAPHVT  
    GDFCNQD1HVT  
    GDFQD1HVT  
    GFILL10HVT  
    GFILL2HVT  
    GFILL3HVT  
    GFILL4HVT  
    GFILLHVT  
    GINVD1HVT  
    GINVD2HVT  
    GINVD3HVT  
    GINVD4HVT  
    GINVD8HVT  
    GMUX2D1HVT  
    GMUX2D2HVT  
    GMUX2ND1HVT  
    GMUX2ND2HVT  
    GND2D1HVT  
    GND2D2HVT  
    GND2D3HVT  
    GND2D4HVT  
    GND3D1HVT  
    GND3D2HVT  
    GNR2D1HVT  
    GNR2D2HVT  
    GNR3D1HVT  
    GNR3D2HVT  
    GOAI21D1HVT  
    GOAI21D2HVT  
    GOR2D1HVT  
    GOR2D2HVT  
    GSDFCNQD1HVT  
    GTIEHHVT  
    GTIELHVT  
    GXNR2D1HVT  
    GXNR2D2HVT  
    GXOR2D1HVT  
    GXOR2D2HVT  
    INVD20HVT  
    INVD24HVT  
    BHD  
    BUFFD20  
    BUFFD24  
    BUFTD20  
    BUFTD24  
    CKBD20  
    CKBD24  
    CKLHQD20  
    CKLHQD24  
    CKLNQD20  
    CKLNQD24  
    CKND20  
    CKND24  
    GAN2D1  
    GAN2D2  
    GAOI21D1  
    GAOI21D2  
    GAOI22D1  
    GBUFFD1  
    GBUFFD2  
    GBUFFD3  
    GBUFFD4  
    GBUFFD8  
    GDCAP  
    GDCAP10  
    GDCAP2  
    GDCAP3  
    GDCAP4  
    GDFCNQD1  
    GDFQD1  
    GFILL  
    GFILL10  
    GFILL2  
    GFILL3  
    GFILL4  
    GINVD1  
    GINVD2  
    GINVD3  
    GINVD4  
    GINVD8  
    GMUX2D1  
    GMUX2D2  
    GMUX2ND1  
    GMUX2ND2  
    GND2D1  
    GND2D2  
    GND2D3  
    GND2D4  
    GND3D1  
    GND3D2  
    GNR2D1  
    GNR2D2  
    GNR3D1  
    GNR3D2  
    GOAI21D1  
    GOAI21D2  
    GOR2D1  
    GOR2D2  
    GSDFCNQD1  
    GTIEH  
    GTIEL  
    GXNR2D1  
    GXNR2D2  
    GXOR2D1  
    GXOR2D2  
    INVD20  
    INVD24  201  
# Cells in .lib with max_tran: 
    ------------------------------
    Cell List with max_tran
    ------------------------------
               Cell Name  Max Transition (ps)  
                AN2D0LVT  620  
                AN2D1LVT  620  
                AN2D2LVT  620  
                AN2D4LVT  620  
                AN2D8LVT  620  
               AN2XD1LVT  620  
                AN3D0LVT  620  
                AN3D1LVT  620  
                AN3D2LVT  620  
                AN3D4LVT  620  
                AN3D8LVT  620  
               AN3XD1LVT  620  
                AN4D0LVT  620  
                AN4D1LVT  620  
                AN4D2LVT  620  
                AN4D4LVT  620  
                AN4D8LVT  620  
               AN4XD1LVT  620  
              ANTENNALVT  620  
              AO211D0LVT  620  
              AO211D1LVT  620  
              AO211D2LVT  620  
              AO211D4LVT  620  
               AO21D0LVT  620  
               AO21D1LVT  620  
               AO21D2LVT  620  
               AO21D4LVT  620  
              AO221D0LVT  620  
              AO221D1LVT  620  
              AO221D2LVT  620  
              AO221D4LVT  620  
              AO222D0LVT  620  
              AO222D1LVT  620  
              AO222D2LVT  620  
              AO222D4LVT  620  
               AO22D0LVT  620  
               AO22D1LVT  620  
               AO22D2LVT  620  
               AO22D4LVT  620  
               AO31D0LVT  620  
               AO31D1LVT  620  
               AO31D2LVT  620  
               AO31D4LVT  620  
               AO32D0LVT  620  
               AO32D1LVT  620  
               AO32D2LVT  620  
               AO32D4LVT  620  
               AO33D0LVT  620  
               AO33D1LVT  620  
               AO33D2LVT  620  
               AO33D4LVT  620  
             AOI211D0LVT  620  
             AOI211D1LVT  620  
             AOI211D2LVT  620  
             AOI211D4LVT  620  
            AOI211XD0LVT  620  
            AOI211XD1LVT  620  
            AOI211XD2LVT  620  
            AOI211XD4LVT  620  
              AOI21D0LVT  620  
              AOI21D1LVT  620  
              AOI21D2LVT  620  
              AOI21D4LVT  620  
             AOI221D0LVT  620  
             AOI221D1LVT  620  
             AOI221D2LVT  620  
             AOI221D4LVT  620  
            AOI221XD4LVT  620  
             AOI222D0LVT  620  
             AOI222D1LVT  620  
             AOI222D2LVT  620  
             AOI222D4LVT  620  
            AOI222XD4LVT  620  
              AOI22D0LVT  620  
              AOI22D1LVT  620  
              AOI22D2LVT  620  
              AOI22D4LVT  620  
              AOI31D0LVT  620  
              AOI31D1LVT  620  
              AOI31D2LVT  620  
              AOI31D4LVT  620  
              AOI32D0LVT  620  
              AOI32D1LVT  620  
              AOI32D2LVT  620  
              AOI32D4LVT  620  
             AOI32XD4LVT  620  
              AOI33D0LVT  620  
              AOI33D1LVT  620  
              AOI33D2LVT  620  
              AOI33D4LVT  620  
             AOI33XD4LVT  620  
               BENCD1LVT  620  
               BENCD2LVT  620  
               BENCD4LVT  620  
                  BHDLVT  620  
                BMLD1LVT  620  
                BMLD2LVT  620  
                BMLD4LVT  620  
               BUFFD0LVT  620  
              BUFFD12LVT  620  
              BUFFD16LVT  620  
               BUFFD1LVT  620  
              BUFFD20LVT  620  
              BUFFD24LVT  620  
               BUFFD2LVT  620  
               BUFFD3LVT  620  
               BUFFD4LVT  620  
               BUFFD6LVT  620  
               BUFFD8LVT  620  
               BUFTD0LVT  620  
              BUFTD12LVT  620  
              BUFTD16LVT  620  
               BUFTD1LVT  620  
              BUFTD20LVT  620  
              BUFTD24LVT  620  
               BUFTD2LVT  620  
               BUFTD3LVT  620  
               BUFTD4LVT  620  
               BUFTD6LVT  620  
               BUFTD8LVT  620  
              CKAN2D0LVT  620  
              CKAN2D1LVT  620  
              CKAN2D2LVT  620  
              CKAN2D4LVT  620  
              CKAN2D8LVT  620  
                CKBD0LVT  620  
               CKBD12LVT  620  
               CKBD16LVT  620  
                CKBD1LVT  620  
               CKBD20LVT  620  
               CKBD24LVT  620  
                CKBD2LVT  620  
                CKBD3LVT  620  
                CKBD4LVT  620  
                CKBD6LVT  620  
                CKBD8LVT  620  
             CKLHQD12LVT  620  
             CKLHQD16LVT  620  
              CKLHQD1LVT  620  
             CKLHQD20LVT  620  
             CKLHQD24LVT  620  
              CKLHQD2LVT  620  
              CKLHQD3LVT  620  
              CKLHQD4LVT  620  
              CKLHQD6LVT  620  
              CKLHQD8LVT  620  
             CKLNQD12LVT  620  
             CKLNQD16LVT  620  
              CKLNQD1LVT  620  
             CKLNQD20LVT  620  
             CKLNQD24LVT  620  
              CKLNQD2LVT  620  
              CKLNQD3LVT  620  
              CKLNQD4LVT  620  
              CKLNQD6LVT  620  
              CKLNQD8LVT  620  
             CKMUX2D0LVT  620  
             CKMUX2D1LVT  620  
             CKMUX2D2LVT  620  
             CKMUX2D4LVT  620  
                CKND0LVT  620  
               CKND12LVT  620  
               CKND16LVT  620  
                CKND1LVT  620  
               CKND20LVT  620  
               CKND24LVT  620  
              CKND2D0LVT  620  
              CKND2D1LVT  620  
              CKND2D2LVT  620  
              CKND2D3LVT  620  
              CKND2D4LVT  620  
              CKND2D8LVT  620  
                CKND2LVT  620  
                CKND3LVT  620  
                CKND4LVT  620  
                CKND6LVT  620  
                CKND8LVT  620  
             CKXOR2D0LVT  620  
             CKXOR2D1LVT  620  
             CKXOR2D2LVT  620  
             CKXOR2D4LVT  620  
             CMPE42D1LVT  620  
             CMPE42D2LVT  620  
               DEL005LVT  620  
               DEL015LVT  620  
                DEL01LVT  620  
                DEL02LVT  620  
                 DEL0LVT  620  
                 DEL1LVT  620  
                 DEL2LVT  620  
                 DEL3LVT  620  
                 DEL4LVT  620  
               DFCND1LVT  620  
               DFCND2LVT  620  
               DFCND4LVT  620  
              DFCNQD1LVT  620  
              DFCNQD2LVT  620  
              DFCNQD4LVT  620  
              DFCSND1LVT  620  
              DFCSND2LVT  620  
              DFCSND4LVT  620  
             DFCSNQD1LVT  620  
             DFCSNQD2LVT  620  
             DFCSNQD4LVT  620  
                 DFD1LVT  620  
                 DFD2LVT  620  
                 DFD4LVT  620  
              DFKCND1LVT  620  
              DFKCND2LVT  620  
              DFKCND4LVT  620  
             DFKCNQD1LVT  620  
             DFKCNQD2LVT  620  
             DFKCNQD4LVT  620  
             DFKCSND1LVT  620  
             DFKCSND2LVT  620  
             DFKCSND4LVT  620  
              DFKSND1LVT  620  
              DFKSND2LVT  620  
              DFKSND4LVT  620  
              DFNCND1LVT  620  
              DFNCND2LVT  620  
              DFNCND4LVT  620  
             DFNCSND1LVT  620  
             DFNCSND2LVT  620  
             DFNCSND4LVT  620  
                DFND1LVT  620  
                DFND2LVT  620  
                DFND4LVT  620  
              DFNSND1LVT  620  
              DFNSND2LVT  620  
              DFNSND4LVT  620  
                DFQD1LVT  620  
                DFQD2LVT  620  
                DFQD4LVT  620  
               DFSND1LVT  620  
               DFSND2LVT  620  
               DFSND4LVT  620  
              DFSNQD1LVT  620  
              DFSNQD2LVT  620  
              DFSNQD4LVT  620  
                DFXD1LVT  620  
                DFXD2LVT  620  
                DFXD4LVT  620  
               DFXQD1LVT  620  
               DFXQD2LVT  620  
               DFXQD4LVT  620  
              EDFCND1LVT  620  
              EDFCND2LVT  620  
              EDFCND4LVT  620  
             EDFCNQD1LVT  620  
             EDFCNQD2LVT  620  
             EDFCNQD4LVT  620  
                EDFD1LVT  620  
                EDFD2LVT  620  
                EDFD4LVT  620  
             EDFKCND1LVT  620  
             EDFKCND2LVT  620  
             EDFKCND4LVT  620  
            EDFKCNQD1LVT  620  
            EDFKCNQD2LVT  620  
            EDFKCNQD4LVT  620  
               EDFQD1LVT  620  
               EDFQD2LVT  620  
               EDFQD4LVT  620  
                FA1D0LVT  620  
                FA1D1LVT  620  
                FA1D2LVT  620  
                FA1D4LVT  620  
             FCICIND1LVT  620  
             FCICIND2LVT  620  
             FCICOND1LVT  620  
             FCICOND2LVT  620  
            FCSICIND1LVT  620  
            FCSICIND2LVT  620  
            FCSICOND1LVT  620  
            FCSICOND2LVT  620  
              FICIND1LVT  620  
              FICIND2LVT  620  
              FICOND1LVT  620  
              FICOND2LVT  620  
             FIICOND1LVT  620  
             FIICOND2LVT  620  
               GAN2D1LVT  620  
               GAN2D2LVT  620  
             GAOI21D1LVT  620  
             GAOI21D2LVT  620  
             GAOI22D1LVT  620  
              GBUFFD1LVT  620  
              GBUFFD2LVT  620  
              GBUFFD3LVT  620  
              GBUFFD4LVT  620  
              GBUFFD8LVT  620  
             GDFCNQD1LVT  620  
               GDFQD1LVT  620  
               GINVD1LVT  620  
               GINVD2LVT  620  
               GINVD3LVT  620  
               GINVD4LVT  620  
               GINVD8LVT  620  
              GMUX2D1LVT  620  
              GMUX2D2LVT  620  
             GMUX2ND1LVT  620  
             GMUX2ND2LVT  620  
               GND2D1LVT  620  
               GND2D2LVT  620  
               GND2D3LVT  620  
               GND2D4LVT  620  
               GND3D1LVT  620  
               GND3D2LVT  620  
               GNR2D1LVT  620  
               GNR2D2LVT  620  
               GNR3D1LVT  620  
               GNR3D2LVT  620  
             GOAI21D1LVT  620  
             GOAI21D2LVT  620  
               GOR2D1LVT  620  
               GOR2D2LVT  620  
            GSDFCNQD1LVT  620  
                GTIEHLVT  620  
                GTIELLVT  620  
              GXNR2D1LVT  620  
              GXNR2D2LVT  620  
              GXOR2D1LVT  620  
              GXOR2D2LVT  620  
                HA1D0LVT  620  
                HA1D1LVT  620  
                HA1D2LVT  620  
                HA1D4LVT  620  
            HCOSCIND1LVT  620  
            HCOSCIND2LVT  620  
            HCOSCOND1LVT  620  
            HCOSCOND2LVT  620  
              HICIND1LVT  620  
              HICIND2LVT  620  
              HICOND1LVT  620  
              HICOND2LVT  620  
              IAO21D0LVT  620  
              IAO21D1LVT  620  
              IAO21D2LVT  620  
              IAO21D4LVT  620  
              IAO22D0LVT  620  
              IAO22D1LVT  620  
              IAO22D2LVT  620  
              IAO22D4LVT  620  
              IIND4D0LVT  620  
              IIND4D1LVT  620  
              IIND4D2LVT  620  
              IIND4D4LVT  620  
              IINR4D0LVT  620  
              IINR4D1LVT  620  
              IINR4D2LVT  620  
              IINR4D4LVT  620  
               IND2D0LVT  620  
               IND2D1LVT  620  
               IND2D2LVT  620  
               IND2D4LVT  620  
               IND3D0LVT  620  
               IND3D1LVT  620  
               IND3D2LVT  620  
               IND3D4LVT  620  
               IND4D0LVT  620  
               IND4D1LVT  620  
               IND4D2LVT  620  
               IND4D4LVT  620  
               INR2D0LVT  620  
               INR2D1LVT  620  
               INR2D2LVT  620  
               INR2D4LVT  620  
              INR2XD0LVT  620  
              INR2XD1LVT  620  
              INR2XD2LVT  620  
              INR2XD4LVT  620  
               INR3D0LVT  620  
               INR3D1LVT  620  
               INR3D2LVT  620  
               INR3D4LVT  620  
               INR4D0LVT  620  
               INR4D1LVT  620  
               INR4D2LVT  620  
               INR4D4LVT  620  
                INVD0LVT  620  
               INVD12LVT  620  
               INVD16LVT  620  
                INVD1LVT  620  
               INVD20LVT  620  
               INVD24LVT  620  
                INVD2LVT  620  
                INVD3LVT  620  
                INVD4LVT  620  
                INVD6LVT  620  
                INVD8LVT  620  
              IOA21D0LVT  620  
              IOA21D1LVT  620  
              IOA21D2LVT  620  
              IOA21D4LVT  620  
              IOA22D0LVT  620  
              IOA22D1LVT  620  
              IOA22D2LVT  620  
              IOA22D4LVT  620  
               LHCND1LVT  620  
               LHCND2LVT  620  
               LHCND4LVT  620  
              LHCNDD1LVT  620  
              LHCNDD2LVT  620  
              LHCNDD4LVT  620  
             LHCNDQD1LVT  620  
             LHCNDQD2LVT  620  
             LHCNDQD4LVT  620  
              LHCNQD1LVT  620  
              LHCNQD2LVT  620  
              LHCNQD4LVT  620  
              LHCSND1LVT  620  
              LHCSND2LVT  620  
              LHCSND4LVT  620  
             LHCSNDD1LVT  620  
             LHCSNDD2LVT  620  
             LHCSNDD4LVT  620  
            LHCSNDQD1LVT  620  
            LHCSNDQD2LVT  620  
            LHCSNDQD4LVT  620  
             LHCSNQD1LVT  620  
             LHCSNQD2LVT  620  
             LHCSNQD4LVT  620  
                 LHD1LVT  620  
                 LHD2LVT  620  
                 LHD4LVT  620  
                LHQD1LVT  620  
                LHQD2LVT  620  
                LHQD4LVT  620  
               LHSND1LVT  620  
               LHSND2LVT  620  
               LHSND4LVT  620  
              LHSNDD1LVT  620  
              LHSNDD2LVT  620  
              LHSNDD4LVT  620  
             LHSNDQD1LVT  620  
             LHSNDQD2LVT  620  
             LHSNDQD4LVT  620  
              LHSNQD1LVT  620  
              LHSNQD2LVT  620  
              LHSNQD4LVT  620  
               LNCND1LVT  620  
               LNCND2LVT  620  
               LNCND4LVT  620  
              LNCNDD1LVT  620  
              LNCNDD2LVT  620  
              LNCNDD4LVT  620  
             LNCNDQD1LVT  620  
             LNCNDQD2LVT  620  
             LNCNDQD4LVT  620  
              LNCNQD1LVT  620  
              LNCNQD2LVT  620  
              LNCNQD4LVT  620  
              LNCSND1LVT  620  
              LNCSND2LVT  620  
              LNCSND4LVT  620  
             LNCSNDD1LVT  620  
             LNCSNDD2LVT  620  
             LNCSNDD4LVT  620  
            LNCSNDQD1LVT  620  
            LNCSNDQD2LVT  620  
            LNCSNDQD4LVT  620  
             LNCSNQD1LVT  620  
             LNCSNQD2LVT  620  
             LNCSNQD4LVT  620  
                 LND1LVT  620  
                 LND2LVT  620  
                 LND4LVT  620  
                LNQD1LVT  620  
                LNQD2LVT  620  
                LNQD4LVT  620  
               LNSND1LVT  620  
               LNSND2LVT  620  
               LNSND4LVT  620  
              LNSNDD1LVT  620  
              LNSNDD2LVT  620  
              LNSNDD4LVT  620  
             LNSNDQD1LVT  620  
             LNSNDQD2LVT  620  
             LNSNDQD4LVT  620  
              LNSNQD1LVT  620  
              LNSNQD2LVT  620  
              LNSNQD4LVT  620  
            MAOI222D0LVT  620  
            MAOI222D1LVT  620  
            MAOI222D2LVT  620  
            MAOI222D4LVT  620  
             MAOI22D0LVT  620  
             MAOI22D1LVT  620  
             MAOI22D2LVT  620  
             MAOI22D4LVT  620  
             MOAI22D0LVT  620  
             MOAI22D1LVT  620  
             MOAI22D2LVT  620  
             MOAI22D4LVT  620  
               MUX2D0LVT  620  
               MUX2D1LVT  620  
               MUX2D2LVT  620  
               MUX2D4LVT  620  
              MUX2ND0LVT  620  
              MUX2ND1LVT  620  
              MUX2ND2LVT  620  
              MUX2ND4LVT  620  
               MUX3D0LVT  620  
               MUX3D1LVT  620  
               MUX3D2LVT  620  
               MUX3D4LVT  620  
              MUX3ND0LVT  620  
              MUX3ND1LVT  620  
              MUX3ND2LVT  620  
              MUX3ND4LVT  620  
               MUX4D0LVT  620  
               MUX4D1LVT  620  
               MUX4D2LVT  620  
               MUX4D4LVT  620  
              MUX4ND0LVT  620  
              MUX4ND1LVT  620  
              MUX4ND2LVT  620  
              MUX4ND4LVT  620  
                ND2D0LVT  620  
                ND2D1LVT  620  
                ND2D2LVT  620  
                ND2D3LVT  620  
                ND2D4LVT  620  
                ND2D8LVT  620  
                ND3D0LVT  620  
                ND3D1LVT  620  
                ND3D2LVT  620  
                ND3D3LVT  620  
                ND3D4LVT  620  
                ND3D8LVT  620  
                ND4D0LVT  620  
                ND4D1LVT  620  
                ND4D2LVT  620  
                ND4D3LVT  620  
                ND4D4LVT  620  
                ND4D8LVT  620  
                NR2D0LVT  620  
                NR2D1LVT  620  
                NR2D2LVT  620  
                NR2D3LVT  620  
                NR2D4LVT  620  
                NR2D8LVT  620  
               NR2XD0LVT  620  
               NR2XD1LVT  620  
               NR2XD2LVT  620  
               NR2XD3LVT  620  
               NR2XD4LVT  620  
               NR2XD8LVT  620  
                NR3D0LVT  620  
                NR3D1LVT  620  
                NR3D2LVT  620  
                NR3D3LVT  620  
                NR3D4LVT  620  
                NR3D8LVT  620  
                NR4D0LVT  620  
                NR4D1LVT  620  
                NR4D2LVT  620  
                NR4D3LVT  620  
                NR4D4LVT  620  
                NR4D8LVT  620  
              OA211D0LVT  620  
              OA211D1LVT  620  
              OA211D2LVT  620  
              OA211D4LVT  620  
               OA21D0LVT  620  
               OA21D1LVT  620  
               OA21D2LVT  620  
               OA21D4LVT  620  
              OA221D0LVT  620  
              OA221D1LVT  620  
              OA221D2LVT  620  
              OA221D4LVT  620  
              OA222D0LVT  620  
              OA222D1LVT  620  
              OA222D2LVT  620  
              OA222D4LVT  620  
               OA22D0LVT  620  
               OA22D1LVT  620  
               OA22D2LVT  620  
               OA22D4LVT  620  
               OA31D0LVT  620  
               OA31D1LVT  620  
               OA31D2LVT  620  
               OA31D4LVT  620  
               OA32D0LVT  620  
               OA32D1LVT  620  
               OA32D2LVT  620  
               OA32D4LVT  620  
               OA33D0LVT  620  
               OA33D1LVT  620  
               OA33D2LVT  620  
               OA33D4LVT  620  
             OAI211D0LVT  620  
             OAI211D1LVT  620  
             OAI211D2LVT  620  
             OAI211D4LVT  620  
              OAI21D0LVT  620  
              OAI21D1LVT  620  
              OAI21D2LVT  620  
              OAI21D4LVT  620  
             OAI221D0LVT  620  
             OAI221D1LVT  620  
             OAI221D2LVT  620  
             OAI221D4LVT  620  
            OAI221XD4LVT  620  
             OAI222D0LVT  620  
             OAI222D1LVT  620  
             OAI222D2LVT  620  
             OAI222D4LVT  620  
            OAI222XD4LVT  620  
              OAI22D0LVT  620  
              OAI22D1LVT  620  
              OAI22D2LVT  620  
              OAI22D4LVT  620  
              OAI31D0LVT  620  
              OAI31D1LVT  620  
              OAI31D2LVT  620  
              OAI31D4LVT  620  
              OAI32D0LVT  620  
              OAI32D1LVT  620  
              OAI32D2LVT  620  
              OAI32D4LVT  620  
             OAI32XD4LVT  620  
              OAI33D0LVT  620  
              OAI33D1LVT  620  
              OAI33D2LVT  620  
              OAI33D4LVT  620  
             OAI33XD4LVT  620  
                OR2D0LVT  620  
                OR2D1LVT  620  
                OR2D2LVT  620  
                OR2D4LVT  620  
                OR2D8LVT  620  
               OR2XD1LVT  620  
                OR3D0LVT  620  
                OR3D1LVT  620  
                OR3D2LVT  620  
                OR3D4LVT  620  
                OR3D8LVT  620  
               OR3XD1LVT  620  
                OR4D0LVT  620  
                OR4D1LVT  620  
                OR4D2LVT  620  
                OR4D4LVT  620  
                OR4D8LVT  620  
               OR4XD1LVT  620  
              SDFCND0LVT  620  
              SDFCND1LVT  620  
              SDFCND2LVT  620  
              SDFCND4LVT  620  
             SDFCNQD0LVT  620  
             SDFCNQD1LVT  620  
             SDFCNQD2LVT  620  
             SDFCNQD4LVT  620  
             SDFCSND0LVT  620  
             SDFCSND1LVT  620  
             SDFCSND2LVT  620  
             SDFCSND4LVT  620  
            SDFCSNQD0LVT  620  
            SDFCSNQD1LVT  620  
            SDFCSNQD2LVT  620  
            SDFCSNQD4LVT  620  
                SDFD0LVT  620  
                SDFD1LVT  620  
                SDFD2LVT  620  
                SDFD4LVT  620  
             SDFKCND0LVT  620  
             SDFKCND1LVT  620  
             SDFKCND2LVT  620  
             SDFKCND4LVT  620  
            SDFKCNQD0LVT  620  
            SDFKCNQD1LVT  620  
            SDFKCNQD2LVT  620  
            SDFKCNQD4LVT  620  
            SDFKCSND0LVT  620  
            SDFKCSND1LVT  620  
            SDFKCSND2LVT  620  
            SDFKCSND4LVT  620  
           SDFKCSNQD0LVT  620  
           SDFKCSNQD1LVT  620  
           SDFKCSNQD2LVT  620  
           SDFKCSNQD4LVT  620  
             SDFKSND0LVT  620  
             SDFKSND1LVT  620  
             SDFKSND2LVT  620  
             SDFKSND4LVT  620  
            SDFKSNQD0LVT  620  
            SDFKSNQD1LVT  620  
            SDFKSNQD2LVT  620  
            SDFKSNQD4LVT  620  
             SDFNCND0LVT  620  
             SDFNCND1LVT  620  
             SDFNCND2LVT  620  
             SDFNCND4LVT  620  
            SDFNCSND0LVT  620  
            SDFNCSND1LVT  620  
            SDFNCSND2LVT  620  
            SDFNCSND4LVT  620  
               SDFND0LVT  620  
               SDFND1LVT  620  
               SDFND2LVT  620  
               SDFND4LVT  620  
             SDFNSND0LVT  620  
             SDFNSND1LVT  620  
             SDFNSND2LVT  620  
             SDFNSND4LVT  620  
               SDFQD0LVT  620  
               SDFQD1LVT  620  
               SDFQD2LVT  620  
               SDFQD4LVT  620  
              SDFQND0LVT  620  
              SDFQND1LVT  620  
              SDFQND2LVT  620  
              SDFQND4LVT  620  
              SDFSND0LVT  620  
              SDFSND1LVT  620  
              SDFSND2LVT  620  
              SDFSND4LVT  620  
             SDFSNQD0LVT  620  
             SDFSNQD1LVT  620  
             SDFSNQD2LVT  620  
             SDFSNQD4LVT  620  
               SDFXD0LVT  620  
               SDFXD1LVT  620  
               SDFXD2LVT  620  
               SDFXD4LVT  620  
              SDFXQD0LVT  620  
              SDFXQD1LVT  620  
              SDFXQD2LVT  620  
              SDFXQD4LVT  620  
             SEDFCND0LVT  620  
             SEDFCND1LVT  620  
             SEDFCND2LVT  620  
             SEDFCND4LVT  620  
            SEDFCNQD0LVT  620  
            SEDFCNQD1LVT  620  
            SEDFCNQD2LVT  620  
            SEDFCNQD4LVT  620  
               SEDFD0LVT  620  
               SEDFD1LVT  620  
               SEDFD2LVT  620  
               SEDFD4LVT  620  
            SEDFKCND0LVT  620  
            SEDFKCND1LVT  620  
            SEDFKCND2LVT  620  
            SEDFKCND4LVT  620  
           SEDFKCNQD0LVT  620  
           SEDFKCNQD1LVT  620  
           SEDFKCNQD2LVT  620  
           SEDFKCNQD4LVT  620  
              SEDFQD0LVT  620  
              SEDFQD1LVT  620  
              SEDFQD2LVT  620  
              SEDFQD4LVT  620  
             SEDFQND0LVT  620  
             SEDFQND1LVT  620  
             SEDFQND2LVT  620  
             SEDFQND4LVT  620  
            SEDFQNXD0LVT  620  
            SEDFQNXD1LVT  620  
            SEDFQNXD2LVT  620  
            SEDFQNXD4LVT  620  
             SEDFQXD0LVT  620  
             SEDFQXD1LVT  620  
             SEDFQXD2LVT  620  
             SEDFQXD4LVT  620  
              SEDFXD0LVT  620  
              SEDFXD1LVT  620  
              SEDFXD2LVT  620  
              SEDFXD4LVT  620  
                 TIEHLVT  620  
                 TIELLVT  620  
               XNR2D0LVT  620  
               XNR2D1LVT  620  
               XNR2D2LVT  620  
               XNR2D4LVT  620  
               XNR3D0LVT  620  
               XNR3D1LVT  620  
               XNR3D2LVT  620  
               XNR3D4LVT  620  
               XNR4D0LVT  620  
               XNR4D1LVT  620  
               XNR4D2LVT  620  
               XNR4D4LVT  620  
               XOR2D0LVT  620  
               XOR2D1LVT  620  
               XOR2D2LVT  620  
               XOR2D4LVT  620  
               XOR3D0LVT  620  
               XOR3D1LVT  620  
               XOR3D2LVT  620  
               XOR3D4LVT  620  
               XOR4D0LVT  620  
               XOR4D1LVT  620  
               XOR4D2LVT  620  
               XOR4D4LVT  620  
                AN2D0HVT  1119  
                AN2D1HVT  1119  
                AN2D2HVT  1119  
                AN2D4HVT  1119  
                AN2D8HVT  1119  
               AN2XD1HVT  1119  
                AN3D0HVT  1119  
                AN3D1HVT  1119  
                AN3D2HVT  1119  
                AN3D4HVT  1119  
                AN3D8HVT  1119  
               AN3XD1HVT  1119  
                AN4D0HVT  1119  
                AN4D1HVT  1119  
                AN4D2HVT  1119  
                AN4D4HVT  1119  
                AN4D8HVT  1119  
               AN4XD1HVT  1119  
              ANTENNAHVT  1119  
              AO211D0HVT  1119  
              AO211D1HVT  1119  
              AO211D2HVT  1119  
              AO211D4HVT  1119  
               AO21D0HVT  1119  
               AO21D1HVT  1119  
               AO21D2HVT  1119  
               AO21D4HVT  1119  
              AO221D0HVT  1119  
              AO221D1HVT  1119  
              AO221D2HVT  1119  
              AO221D4HVT  1119  
              AO222D0HVT  1119  
              AO222D1HVT  1119  
              AO222D2HVT  1119  
              AO222D4HVT  1119  
               AO22D0HVT  1119  
               AO22D1HVT  1119  
               AO22D2HVT  1119  
               AO22D4HVT  1119  
               AO31D0HVT  1119  
               AO31D1HVT  1119  
               AO31D2HVT  1119  
               AO31D4HVT  1119  
               AO32D0HVT  1119  
               AO32D1HVT  1119  
               AO32D2HVT  1119  
               AO32D4HVT  1119  
               AO33D0HVT  1119  
               AO33D1HVT  1119  
               AO33D2HVT  1119  
               AO33D4HVT  1119  
             AOI211D0HVT  1119  
             AOI211D1HVT  1119  
             AOI211D2HVT  1119  
             AOI211D4HVT  1119  
            AOI211XD0HVT  1119  
            AOI211XD1HVT  1119  
            AOI211XD2HVT  1119  
            AOI211XD4HVT  1119  
              AOI21D0HVT  1119  
              AOI21D1HVT  1119  
              AOI21D2HVT  1119  
              AOI21D4HVT  1119  
             AOI221D0HVT  1119  
             AOI221D1HVT  1119  
             AOI221D2HVT  1119  
             AOI221D4HVT  1119  
            AOI221XD4HVT  1119  
             AOI222D0HVT  1119  
             AOI222D1HVT  1119  
             AOI222D2HVT  1119  
             AOI222D4HVT  1119  
            AOI222XD4HVT  1119  
              AOI22D0HVT  1119  
              AOI22D1HVT  1119  
              AOI22D2HVT  1119  
              AOI22D4HVT  1119  
              AOI31D0HVT  1119  
              AOI31D1HVT  1119  
              AOI31D2HVT  1119  
              AOI31D4HVT  1119  
              AOI32D0HVT  1119  
              AOI32D1HVT  1119  
              AOI32D2HVT  1119  
              AOI32D4HVT  1119  
             AOI32XD4HVT  1119  
              AOI33D0HVT  1119  
              AOI33D1HVT  1119  
              AOI33D2HVT  1119  
              AOI33D4HVT  1119  
             AOI33XD4HVT  1119  
               BENCD1HVT  1119  
               BENCD2HVT  1119  
               BENCD4HVT  1119  
                  BHDHVT  1119  
                BMLD1HVT  1119  
                BMLD2HVT  1119  
                BMLD4HVT  1119  
               BUFFD0HVT  1119  
              BUFFD12HVT  1119  
              BUFFD16HVT  1119  
               BUFFD1HVT  1119  
              BUFFD20HVT  1119  
              BUFFD24HVT  1119  
               BUFFD2HVT  1119  
               BUFFD3HVT  1119  
               BUFFD4HVT  1119  
               BUFFD6HVT  1119  
               BUFFD8HVT  1119  
               BUFTD0HVT  1119  
              BUFTD12HVT  1119  
              BUFTD16HVT  1119  
               BUFTD1HVT  1119  
              BUFTD20HVT  1119  
              BUFTD24HVT  1119  
               BUFTD2HVT  1119  
               BUFTD3HVT  1119  
               BUFTD4HVT  1119  
               BUFTD6HVT  1119  
               BUFTD8HVT  1119  
              CKAN2D0HVT  1119  
              CKAN2D1HVT  1119  
              CKAN2D2HVT  1119  
              CKAN2D4HVT  1119  
              CKAN2D8HVT  1119  
                CKBD0HVT  1119  
               CKBD12HVT  1119  
               CKBD16HVT  1119  
                CKBD1HVT  1119  
               CKBD20HVT  1119  
               CKBD24HVT  1119  
                CKBD2HVT  1119  
                CKBD3HVT  1119  
                CKBD4HVT  1119  
                CKBD6HVT  1119  
                CKBD8HVT  1119  
             CKLHQD12HVT  1119  
             CKLHQD16HVT  1119  
              CKLHQD1HVT  1119  
             CKLHQD20HVT  1119  
             CKLHQD24HVT  1119  
              CKLHQD2HVT  1119  
              CKLHQD3HVT  1119  
              CKLHQD4HVT  1119  
              CKLHQD6HVT  1119  
              CKLHQD8HVT  1119  
             CKLNQD12HVT  1119  
             CKLNQD16HVT  1119  
              CKLNQD1HVT  1119  
             CKLNQD20HVT  1119  
             CKLNQD24HVT  1119  
              CKLNQD2HVT  1119  
              CKLNQD3HVT  1119  
              CKLNQD4HVT  1119  
              CKLNQD6HVT  1119  
              CKLNQD8HVT  1119  
             CKMUX2D0HVT  1119  
             CKMUX2D1HVT  1119  
             CKMUX2D2HVT  1119  
             CKMUX2D4HVT  1119  
                CKND0HVT  1119  
               CKND12HVT  1119  
               CKND16HVT  1119  
                CKND1HVT  1119  
               CKND20HVT  1119  
               CKND24HVT  1119  
              CKND2D0HVT  1119  
              CKND2D1HVT  1119  
              CKND2D2HVT  1119  
              CKND2D3HVT  1119  
              CKND2D4HVT  1119  
              CKND2D8HVT  1119  
                CKND2HVT  1119  
                CKND3HVT  1119  
                CKND4HVT  1119  
                CKND6HVT  1119  
                CKND8HVT  1119  
             CKXOR2D0HVT  1119  
             CKXOR2D1HVT  1119  
             CKXOR2D2HVT  1119  
             CKXOR2D4HVT  1119  
             CMPE42D1HVT  1119  
             CMPE42D2HVT  1119  
               DEL005HVT  1119  
               DEL015HVT  1119  
                DEL01HVT  1119  
                DEL02HVT  1119  
                 DEL0HVT  1119  
                 DEL1HVT  1119  
                 DEL2HVT  1119  
                 DEL3HVT  1119  
                 DEL4HVT  1119  
               DFCND1HVT  1119  
               DFCND2HVT  1119  
               DFCND4HVT  1119  
              DFCNQD1HVT  1119  
              DFCNQD2HVT  1119  
              DFCNQD4HVT  1119  
              DFCSND1HVT  1119  
              DFCSND2HVT  1119  
              DFCSND4HVT  1119  
             DFCSNQD1HVT  1119  
             DFCSNQD2HVT  1119  
             DFCSNQD4HVT  1119  
                 DFD1HVT  1119  
                 DFD2HVT  1119  
                 DFD4HVT  1119  
              DFKCND1HVT  1119  
              DFKCND2HVT  1119  
              DFKCND4HVT  1119  
             DFKCNQD1HVT  1119  
             DFKCNQD2HVT  1119  
             DFKCNQD4HVT  1119  
             DFKCSND1HVT  1119  
             DFKCSND2HVT  1119  
             DFKCSND4HVT  1119  
              DFKSND1HVT  1119  
              DFKSND2HVT  1119  
              DFKSND4HVT  1119  
              DFNCND1HVT  1119  
              DFNCND2HVT  1119  
              DFNCND4HVT  1119  
             DFNCSND1HVT  1119  
             DFNCSND2HVT  1119  
             DFNCSND4HVT  1119  
                DFND1HVT  1119  
                DFND2HVT  1119  
                DFND4HVT  1119  
              DFNSND1HVT  1119  
              DFNSND2HVT  1119  
              DFNSND4HVT  1119  
                DFQD1HVT  1119  
                DFQD2HVT  1119  
                DFQD4HVT  1119  
               DFSND1HVT  1119  
               DFSND2HVT  1119  
               DFSND4HVT  1119  
              DFSNQD1HVT  1119  
              DFSNQD2HVT  1119  
              DFSNQD4HVT  1119  
                DFXD1HVT  1119  
                DFXD2HVT  1119  
                DFXD4HVT  1119  
               DFXQD1HVT  1119  
               DFXQD2HVT  1119  
               DFXQD4HVT  1119  
              EDFCND1HVT  1119  
              EDFCND2HVT  1119  
              EDFCND4HVT  1119  
             EDFCNQD1HVT  1119  
             EDFCNQD2HVT  1119  
             EDFCNQD4HVT  1119  
                EDFD1HVT  1119  
                EDFD2HVT  1119  
                EDFD4HVT  1119  
             EDFKCND1HVT  1119  
             EDFKCND2HVT  1119  
             EDFKCND4HVT  1119  
            EDFKCNQD1HVT  1119  
            EDFKCNQD2HVT  1119  
            EDFKCNQD4HVT  1119  
               EDFQD1HVT  1119  
               EDFQD2HVT  1119  
               EDFQD4HVT  1119  
                FA1D0HVT  1119  
                FA1D1HVT  1119  
                FA1D2HVT  1119  
                FA1D4HVT  1119  
             FCICIND1HVT  1119  
             FCICIND2HVT  1119  
             FCICOND1HVT  1119  
             FCICOND2HVT  1119  
            FCSICIND1HVT  1119  
            FCSICIND2HVT  1119  
            FCSICOND1HVT  1119  
            FCSICOND2HVT  1119  
              FICIND1HVT  1119  
              FICIND2HVT  1119  
              FICOND1HVT  1119  
              FICOND2HVT  1119  
             FIICOND1HVT  1119  
             FIICOND2HVT  1119  
               GAN2D1HVT  1119  
               GAN2D2HVT  1119  
             GAOI21D1HVT  1119  
             GAOI21D2HVT  1119  
             GAOI22D1HVT  1119  
              GBUFFD1HVT  1119  
              GBUFFD2HVT  1119  
              GBUFFD3HVT  1119  
              GBUFFD4HVT  1119  
              GBUFFD8HVT  1119  
             GDFCNQD1HVT  1119  
               GDFQD1HVT  1119  
               GINVD1HVT  1119  
               GINVD2HVT  1119  
               GINVD3HVT  1119  
               GINVD4HVT  1119  
               GINVD8HVT  1119  
              GMUX2D1HVT  1119  
              GMUX2D2HVT  1119  
             GMUX2ND1HVT  1119  
             GMUX2ND2HVT  1119  
               GND2D1HVT  1119  
               GND2D2HVT  1119  
               GND2D3HVT  1119  
               GND2D4HVT  1119  
               GND3D1HVT  1119  
               GND3D2HVT  1119  
               GNR2D1HVT  1119  
               GNR2D2HVT  1119  
               GNR3D1HVT  1119  
               GNR3D2HVT  1119  
             GOAI21D1HVT  1119  
             GOAI21D2HVT  1119  
               GOR2D1HVT  1119  
               GOR2D2HVT  1119  
            GSDFCNQD1HVT  1119  
                GTIEHHVT  1119  
                GTIELHVT  1119  
              GXNR2D1HVT  1119  
              GXNR2D2HVT  1119  
              GXOR2D1HVT  1119  
              GXOR2D2HVT  1119  
                HA1D0HVT  1119  
                HA1D1HVT  1119  
                HA1D2HVT  1119  
                HA1D4HVT  1119  
            HCOSCIND1HVT  1119  
            HCOSCIND2HVT  1119  
            HCOSCOND1HVT  1119  
            HCOSCOND2HVT  1119  
              HICIND1HVT  1119  
              HICIND2HVT  1119  
              HICOND1HVT  1119  
              HICOND2HVT  1119  
              IAO21D0HVT  1119  
              IAO21D1HVT  1119  
              IAO21D2HVT  1119  
              IAO21D4HVT  1119  
              IAO22D0HVT  1119  
              IAO22D1HVT  1119  
              IAO22D2HVT  1119  
              IAO22D4HVT  1119  
              IIND4D0HVT  1119  
              IIND4D1HVT  1119  
              IIND4D2HVT  1119  
              IIND4D4HVT  1119  
              IINR4D0HVT  1119  
              IINR4D1HVT  1119  
              IINR4D2HVT  1119  
              IINR4D4HVT  1119  
               IND2D0HVT  1119  
               IND2D1HVT  1119  
               IND2D2HVT  1119  
               IND2D4HVT  1119  
               IND3D0HVT  1119  
               IND3D1HVT  1119  
               IND3D2HVT  1119  
               IND3D4HVT  1119  
               IND4D0HVT  1119  
               IND4D1HVT  1119  
               IND4D2HVT  1119  
               IND4D4HVT  1119  
               INR2D0HVT  1119  
               INR2D1HVT  1119  
               INR2D2HVT  1119  
               INR2D4HVT  1119  
              INR2XD0HVT  1119  
              INR2XD1HVT  1119  
              INR2XD2HVT  1119  
              INR2XD4HVT  1119  
               INR3D0HVT  1119  
               INR3D1HVT  1119  
               INR3D2HVT  1119  
               INR3D4HVT  1119  
               INR4D0HVT  1119  
               INR4D1HVT  1119  
               INR4D2HVT  1119  
               INR4D4HVT  1119  
                INVD0HVT  1119  
               INVD12HVT  1119  
               INVD16HVT  1119  
                INVD1HVT  1119  
               INVD20HVT  1119  
               INVD24HVT  1119  
                INVD2HVT  1119  
                INVD3HVT  1119  
                INVD4HVT  1119  
                INVD6HVT  1119  
                INVD8HVT  1119  
              IOA21D0HVT  1119  
              IOA21D1HVT  1119  
              IOA21D2HVT  1119  
              IOA21D4HVT  1119  
              IOA22D0HVT  1119  
              IOA22D1HVT  1119  
              IOA22D2HVT  1119  
              IOA22D4HVT  1119  
               LHCND1HVT  1119  
               LHCND2HVT  1119  
               LHCND4HVT  1119  
              LHCNDD1HVT  1119  
              LHCNDD2HVT  1119  
              LHCNDD4HVT  1119  
             LHCNDQD1HVT  1119  
             LHCNDQD2HVT  1119  
             LHCNDQD4HVT  1119  
              LHCNQD1HVT  1119  
              LHCNQD2HVT  1119  
              LHCNQD4HVT  1119  
              LHCSND1HVT  1119  
              LHCSND2HVT  1119  
              LHCSND4HVT  1119  
             LHCSNDD1HVT  1119  
             LHCSNDD2HVT  1119  
             LHCSNDD4HVT  1119  
            LHCSNDQD1HVT  1119  
            LHCSNDQD2HVT  1119  
            LHCSNDQD4HVT  1119  
             LHCSNQD1HVT  1119  
             LHCSNQD2HVT  1119  
             LHCSNQD4HVT  1119  
                 LHD1HVT  1119  
                 LHD2HVT  1119  
                 LHD4HVT  1119  
                LHQD1HVT  1119  
                LHQD2HVT  1119  
                LHQD4HVT  1119  
               LHSND1HVT  1119  
               LHSND2HVT  1119  
               LHSND4HVT  1119  
              LHSNDD1HVT  1119  
              LHSNDD2HVT  1119  
              LHSNDD4HVT  1119  
             LHSNDQD1HVT  1119  
             LHSNDQD2HVT  1119  
             LHSNDQD4HVT  1119  
              LHSNQD1HVT  1119  
              LHSNQD2HVT  1119  
              LHSNQD4HVT  1119  
               LNCND1HVT  1119  
               LNCND2HVT  1119  
               LNCND4HVT  1119  
              LNCNDD1HVT  1119  
              LNCNDD2HVT  1119  
              LNCNDD4HVT  1119  
             LNCNDQD1HVT  1119  
             LNCNDQD2HVT  1119  
             LNCNDQD4HVT  1119  
              LNCNQD1HVT  1119  
              LNCNQD2HVT  1119  
              LNCNQD4HVT  1119  
              LNCSND1HVT  1119  
              LNCSND2HVT  1119  
              LNCSND4HVT  1119  
             LNCSNDD1HVT  1119  
             LNCSNDD2HVT  1119  
             LNCSNDD4HVT  1119  
            LNCSNDQD1HVT  1119  
            LNCSNDQD2HVT  1119  
            LNCSNDQD4HVT  1119  
             LNCSNQD1HVT  1119  
             LNCSNQD2HVT  1119  
             LNCSNQD4HVT  1119  
                 LND1HVT  1119  
                 LND2HVT  1119  
                 LND4HVT  1119  
                LNQD1HVT  1119  
                LNQD2HVT  1119  
                LNQD4HVT  1119  
               LNSND1HVT  1119  
               LNSND2HVT  1119  
               LNSND4HVT  1119  
              LNSNDD1HVT  1119  
              LNSNDD2HVT  1119  
              LNSNDD4HVT  1119  
             LNSNDQD1HVT  1119  
             LNSNDQD2HVT  1119  
             LNSNDQD4HVT  1119  
              LNSNQD1HVT  1119  
              LNSNQD2HVT  1119  
              LNSNQD4HVT  1119  
            MAOI222D0HVT  1119  
            MAOI222D1HVT  1119  
            MAOI222D2HVT  1119  
            MAOI222D4HVT  1119  
             MAOI22D0HVT  1119  
             MAOI22D1HVT  1119  
             MAOI22D2HVT  1119  
             MAOI22D4HVT  1119  
             MOAI22D0HVT  1119  
             MOAI22D1HVT  1119  
             MOAI22D2HVT  1119  
             MOAI22D4HVT  1119  
               MUX2D0HVT  1119  
               MUX2D1HVT  1119  
               MUX2D2HVT  1119  
               MUX2D4HVT  1119  
              MUX2ND0HVT  1119  
              MUX2ND1HVT  1119  
              MUX2ND2HVT  1119  
              MUX2ND4HVT  1119  
               MUX3D0HVT  1119  
               MUX3D1HVT  1119  
               MUX3D2HVT  1119  
               MUX3D4HVT  1119  
              MUX3ND0HVT  1119  
              MUX3ND1HVT  1119  
              MUX3ND2HVT  1119  
              MUX3ND4HVT  1119  
               MUX4D0HVT  1119  
               MUX4D1HVT  1119  
               MUX4D2HVT  1119  
               MUX4D4HVT  1119  
              MUX4ND0HVT  1119  
              MUX4ND1HVT  1119  
              MUX4ND2HVT  1119  
              MUX4ND4HVT  1119  
                ND2D0HVT  1119  
                ND2D1HVT  1119  
                ND2D2HVT  1119  
                ND2D3HVT  1119  
                ND2D4HVT  1119  
                ND2D8HVT  1119  
                ND3D0HVT  1119  
                ND3D1HVT  1119  
                ND3D2HVT  1119  
                ND3D3HVT  1119  
                ND3D4HVT  1119  
                ND3D8HVT  1119  
                ND4D0HVT  1119  
                ND4D1HVT  1119  
                ND4D2HVT  1119  
                ND4D3HVT  1119  
                ND4D4HVT  1119  
                ND4D8HVT  1119  
                NR2D0HVT  1119  
                NR2D1HVT  1119  
                NR2D2HVT  1119  
                NR2D3HVT  1119  
                NR2D4HVT  1119  
                NR2D8HVT  1119  
               NR2XD0HVT  1119  
               NR2XD1HVT  1119  
               NR2XD2HVT  1119  
               NR2XD3HVT  1119  
               NR2XD4HVT  1119  
               NR2XD8HVT  1119  
                NR3D0HVT  1119  
                NR3D1HVT  1119  
                NR3D2HVT  1119  
                NR3D3HVT  1119  
                NR3D4HVT  1119  
                NR3D8HVT  1119  
                NR4D0HVT  1119  
                NR4D1HVT  1119  
                NR4D2HVT  1119  
                NR4D3HVT  1119  
                NR4D4HVT  1119  
                NR4D8HVT  1119  
              OA211D0HVT  1119  
              OA211D1HVT  1119  
              OA211D2HVT  1119  
              OA211D4HVT  1119  
               OA21D0HVT  1119  
               OA21D1HVT  1119  
               OA21D2HVT  1119  
               OA21D4HVT  1119  
              OA221D0HVT  1119  
              OA221D1HVT  1119  
              OA221D2HVT  1119  
              OA221D4HVT  1119  
              OA222D0HVT  1119  
              OA222D1HVT  1119  
              OA222D2HVT  1119  
              OA222D4HVT  1119  
               OA22D0HVT  1119  
               OA22D1HVT  1119  
               OA22D2HVT  1119  
               OA22D4HVT  1119  
               OA31D0HVT  1119  
               OA31D1HVT  1119  
               OA31D2HVT  1119  
               OA31D4HVT  1119  
               OA32D0HVT  1119  
               OA32D1HVT  1119  
               OA32D2HVT  1119  
               OA32D4HVT  1119  
               OA33D0HVT  1119  
               OA33D1HVT  1119  
               OA33D2HVT  1119  
               OA33D4HVT  1119  
             OAI211D0HVT  1119  
             OAI211D1HVT  1119  
             OAI211D2HVT  1119  
             OAI211D4HVT  1119  
              OAI21D0HVT  1119  
              OAI21D1HVT  1119  
              OAI21D2HVT  1119  
              OAI21D4HVT  1119  
             OAI221D0HVT  1119  
             OAI221D1HVT  1119  
             OAI221D2HVT  1119  
             OAI221D4HVT  1119  
            OAI221XD4HVT  1119  
             OAI222D0HVT  1119  
             OAI222D1HVT  1119  
             OAI222D2HVT  1119  
             OAI222D4HVT  1119  
            OAI222XD4HVT  1119  
              OAI22D0HVT  1119  
              OAI22D1HVT  1119  
              OAI22D2HVT  1119  
              OAI22D4HVT  1119  
              OAI31D0HVT  1119  
              OAI31D1HVT  1119  
              OAI31D2HVT  1119  
              OAI31D4HVT  1119  
              OAI32D0HVT  1119  
              OAI32D1HVT  1119  
              OAI32D2HVT  1119  
              OAI32D4HVT  1119  
             OAI32XD4HVT  1119  
              OAI33D0HVT  1119  
              OAI33D1HVT  1119  
              OAI33D2HVT  1119  
              OAI33D4HVT  1119  
             OAI33XD4HVT  1119  
                OR2D0HVT  1119  
                OR2D1HVT  1119  
                OR2D2HVT  1119  
                OR2D4HVT  1119  
                OR2D8HVT  1119  
               OR2XD1HVT  1119  
                OR3D0HVT  1119  
                OR3D1HVT  1119  
                OR3D2HVT  1119  
                OR3D4HVT  1119  
                OR3D8HVT  1119  
               OR3XD1HVT  1119  
                OR4D0HVT  1119  
                OR4D1HVT  1119  
                OR4D2HVT  1119  
                OR4D4HVT  1119  
                OR4D8HVT  1119  
               OR4XD1HVT  1119  
              SDFCND0HVT  1119  
              SDFCND1HVT  1119  
              SDFCND2HVT  1119  
              SDFCND4HVT  1119  
             SDFCNQD0HVT  1119  
             SDFCNQD1HVT  1119  
             SDFCNQD2HVT  1119  
             SDFCNQD4HVT  1119  
             SDFCSND0HVT  1119  
             SDFCSND1HVT  1119  
             SDFCSND2HVT  1119  
             SDFCSND4HVT  1119  
            SDFCSNQD0HVT  1119  
            SDFCSNQD1HVT  1119  
            SDFCSNQD2HVT  1119  
            SDFCSNQD4HVT  1119  
                SDFD0HVT  1119  
                SDFD1HVT  1119  
                SDFD2HVT  1119  
                SDFD4HVT  1119  
             SDFKCND0HVT  1119  
             SDFKCND1HVT  1119  
             SDFKCND2HVT  1119  
             SDFKCND4HVT  1119  
            SDFKCNQD0HVT  1119  
            SDFKCNQD1HVT  1119  
            SDFKCNQD2HVT  1119  
            SDFKCNQD4HVT  1119  
            SDFKCSND0HVT  1119  
            SDFKCSND1HVT  1119  
            SDFKCSND2HVT  1119  
            SDFKCSND4HVT  1119  
           SDFKCSNQD0HVT  1119  
           SDFKCSNQD1HVT  1119  
           SDFKCSNQD2HVT  1119  
           SDFKCSNQD4HVT  1119  
             SDFKSND0HVT  1119  
             SDFKSND1HVT  1119  
             SDFKSND2HVT  1119  
             SDFKSND4HVT  1119  
            SDFKSNQD0HVT  1119  
            SDFKSNQD1HVT  1119  
            SDFKSNQD2HVT  1119  
            SDFKSNQD4HVT  1119  
             SDFNCND0HVT  1119  
             SDFNCND1HVT  1119  
             SDFNCND2HVT  1119  
             SDFNCND4HVT  1119  
            SDFNCSND0HVT  1119  
            SDFNCSND1HVT  1119  
            SDFNCSND2HVT  1119  
            SDFNCSND4HVT  1119  
               SDFND0HVT  1119  
               SDFND1HVT  1119  
               SDFND2HVT  1119  
               SDFND4HVT  1119  
             SDFNSND0HVT  1119  
             SDFNSND1HVT  1119  
             SDFNSND2HVT  1119  
             SDFNSND4HVT  1119  
               SDFQD0HVT  1119  
               SDFQD1HVT  1119  
               SDFQD2HVT  1119  
               SDFQD4HVT  1119  
              SDFQND0HVT  1119  
              SDFQND1HVT  1119  
              SDFQND2HVT  1119  
              SDFQND4HVT  1119  
              SDFSND0HVT  1119  
              SDFSND1HVT  1119  
              SDFSND2HVT  1119  
              SDFSND4HVT  1119  
             SDFSNQD0HVT  1119  
             SDFSNQD1HVT  1119  
             SDFSNQD2HVT  1119  
             SDFSNQD4HVT  1119  
               SDFXD0HVT  1119  
               SDFXD1HVT  1119  
               SDFXD2HVT  1119  
               SDFXD4HVT  1119  
              SDFXQD0HVT  1119  
              SDFXQD1HVT  1119  
              SDFXQD2HVT  1119  
              SDFXQD4HVT  1119  
             SEDFCND0HVT  1119  
             SEDFCND1HVT  1119  
             SEDFCND2HVT  1119  
             SEDFCND4HVT  1119  
            SEDFCNQD0HVT  1119  
            SEDFCNQD1HVT  1119  
            SEDFCNQD2HVT  1119  
            SEDFCNQD4HVT  1119  
               SEDFD0HVT  1119  
               SEDFD1HVT  1119  
               SEDFD2HVT  1119  
               SEDFD4HVT  1119  
            SEDFKCND0HVT  1119  
            SEDFKCND1HVT  1119  
            SEDFKCND2HVT  1119  
            SEDFKCND4HVT  1119  
           SEDFKCNQD0HVT  1119  
           SEDFKCNQD1HVT  1119  
           SEDFKCNQD2HVT  1119  
           SEDFKCNQD4HVT  1119  
              SEDFQD0HVT  1119  
              SEDFQD1HVT  1119  
              SEDFQD2HVT  1119  
              SEDFQD4HVT  1119  
             SEDFQND0HVT  1119  
             SEDFQND1HVT  1119  
             SEDFQND2HVT  1119  
             SEDFQND4HVT  1119  
            SEDFQNXD0HVT  1119  
            SEDFQNXD1HVT  1119  
            SEDFQNXD2HVT  1119  
            SEDFQNXD4HVT  1119  
             SEDFQXD0HVT  1119  
             SEDFQXD1HVT  1119  
             SEDFQXD2HVT  1119  
             SEDFQXD4HVT  1119  
              SEDFXD0HVT  1119  
              SEDFXD1HVT  1119  
              SEDFXD2HVT  1119  
              SEDFXD4HVT  1119  
                 TIEHHVT  1119  
                 TIELHVT  1119  
               XNR2D0HVT  1119  
               XNR2D1HVT  1119  
               XNR2D2HVT  1119  
               XNR2D4HVT  1119  
               XNR3D0HVT  1119  
               XNR3D1HVT  1119  
               XNR3D2HVT  1119  
               XNR3D4HVT  1119  
               XNR4D0HVT  1119  
               XNR4D1HVT  1119  
               XNR4D2HVT  1119  
               XNR4D4HVT  1119  
               XOR2D0HVT  1119  
               XOR2D1HVT  1119  
               XOR2D2HVT  1119  
               XOR2D4HVT  1119  
               XOR3D0HVT  1119  
               XOR3D1HVT  1119  
               XOR3D2HVT  1119  
               XOR3D4HVT  1119  
               XOR4D0HVT  1119  
               XOR4D1HVT  1119  
               XOR4D2HVT  1119  
               XOR4D4HVT  1119  
                   AN2D0  766  
                   AN2D1  766  
                   AN2D2  766  
                   AN2D4  766  
                   AN2D8  766  
                  AN2XD1  766  
                   AN3D0  766  
                   AN3D1  766  
                   AN3D2  766  
                   AN3D4  766  
                   AN3D8  766  
                  AN3XD1  766  
                   AN4D0  766  
                   AN4D1  766  
                   AN4D2  766  
                   AN4D4  766  
                   AN4D8  766  
                  AN4XD1  766  
                 ANTENNA  766  
                 AO211D0  766  
                 AO211D1  766  
                 AO211D2  766  
                 AO211D4  766  
                  AO21D0  766  
                  AO21D1  766  
                  AO21D2  766  
                  AO21D4  766  
                 AO221D0  766  
                 AO221D1  766  
                 AO221D2  766  
                 AO221D4  766  
                 AO222D0  766  
                 AO222D1  766  
                 AO222D2  766  
                 AO222D4  766  
                  AO22D0  766  
                  AO22D1  766  
                  AO22D2  766  
                  AO22D4  766  
                  AO31D0  766  
                  AO31D1  766  
                  AO31D2  766  
                  AO31D4  766  
                  AO32D0  766  
                  AO32D1  766  
                  AO32D2  766  
                  AO32D4  766  
                  AO33D0  766  
                  AO33D1  766  
                  AO33D2  766  
                  AO33D4  766  
                AOI211D0  766  
                AOI211D1  766  
                AOI211D2  766  
                AOI211D4  766  
               AOI211XD0  766  
               AOI211XD1  766  
               AOI211XD2  766  
               AOI211XD4  766  
                 AOI21D0  766  
                 AOI21D1  766  
                 AOI21D2  766  
                 AOI21D4  766  
                AOI221D0  766  
                AOI221D1  766  
                AOI221D2  766  
                AOI221D4  766  
               AOI221XD4  766  
                AOI222D0  766  
                AOI222D1  766  
                AOI222D2  766  
                AOI222D4  766  
               AOI222XD4  766  
                 AOI22D0  766  
                 AOI22D1  766  
                 AOI22D2  766  
                 AOI22D4  766  
                 AOI31D0  766  
                 AOI31D1  766  
                 AOI31D2  766  
                 AOI31D4  766  
                 AOI32D0  766  
                 AOI32D1  766  
                 AOI32D2  766  
                 AOI32D4  766  
                AOI32XD4  766  
                 AOI33D0  766  
                 AOI33D1  766  
                 AOI33D2  766  
                 AOI33D4  766  
                AOI33XD4  766  
                  BENCD1  766  
                  BENCD2  766  
                  BENCD4  766  
                     BHD  766  
                   BMLD1  766  
                   BMLD2  766  
                   BMLD4  766  
                  BUFFD0  766  
                  BUFFD1  766  
                 BUFFD12  766  
                 BUFFD16  766  
                  BUFFD2  766  
                 BUFFD20  766  
                 BUFFD24  766  
                  BUFFD3  766  
                  BUFFD4  766  
                  BUFFD6  766  
                  BUFFD8  766  
                  BUFTD0  766  
                  BUFTD1  766  
                 BUFTD12  766  
                 BUFTD16  766  
                  BUFTD2  766  
                 BUFTD20  766  
                 BUFTD24  766  
                  BUFTD3  766  
                  BUFTD4  766  
                  BUFTD6  766  
                  BUFTD8  766  
                 CKAN2D0  766  
                 CKAN2D1  766  
                 CKAN2D2  766  
                 CKAN2D4  766  
                 CKAN2D8  766  
                   CKBD0  766  
                   CKBD1  766  
                  CKBD12  766  
                  CKBD16  766  
                   CKBD2  766  
                  CKBD20  766  
                  CKBD24  766  
                   CKBD3  766  
                   CKBD4  766  
                   CKBD6  766  
                   CKBD8  766  
                 CKLHQD1  766  
                CKLHQD12  766  
                CKLHQD16  766  
                 CKLHQD2  766  
                CKLHQD20  766  
                CKLHQD24  766  
                 CKLHQD3  766  
                 CKLHQD4  766  
                 CKLHQD6  766  
                 CKLHQD8  766  
                 CKLNQD1  766  
                CKLNQD12  766  
                CKLNQD16  766  
                 CKLNQD2  766  
                CKLNQD20  766  
                CKLNQD24  766  
                 CKLNQD3  766  
                 CKLNQD4  766  
                 CKLNQD6  766  
                 CKLNQD8  766  
                CKMUX2D0  766  
                CKMUX2D1  766  
                CKMUX2D2  766  
                CKMUX2D4  766  
                   CKND0  766  
                   CKND1  766  
                  CKND12  766  
                  CKND16  766  
                   CKND2  766  
                  CKND20  766  
                  CKND24  766  
                 CKND2D0  766  
                 CKND2D1  766  
                 CKND2D2  766  
                 CKND2D3  766  
                 CKND2D4  766  
                 CKND2D8  766  
                   CKND3  766  
                   CKND4  766  
                   CKND6  766  
                   CKND8  766  
                CKXOR2D0  766  
                CKXOR2D1  766  
                CKXOR2D2  766  
                CKXOR2D4  766  
                CMPE42D1  766  
                CMPE42D2  766  
                    DEL0  766  
                  DEL005  766  
                   DEL01  766  
                  DEL015  766  
                   DEL02  766  
                    DEL1  766  
                    DEL2  766  
                    DEL3  766  
                    DEL4  766  
                  DFCND1  766  
                  DFCND2  766  
                  DFCND4  766  
                 DFCNQD1  766  
                 DFCNQD2  766  
                 DFCNQD4  766  
                 DFCSND1  766  
                 DFCSND2  766  
                 DFCSND4  766  
                DFCSNQD1  766  
                DFCSNQD2  766  
                DFCSNQD4  766  
                    DFD1  766  
                    DFD2  766  
                    DFD4  766  
                 DFKCND1  766  
                 DFKCND2  766  
                 DFKCND4  766  
                DFKCNQD1  766  
                DFKCNQD2  766  
                DFKCNQD4  766  
                DFKCSND1  766  
                DFKCSND2  766  
                DFKCSND4  766  
                 DFKSND1  766  
                 DFKSND2  766  
                 DFKSND4  766  
                 DFNCND1  766  
                 DFNCND2  766  
                 DFNCND4  766  
                DFNCSND1  766  
                DFNCSND2  766  
                DFNCSND4  766  
                   DFND1  766  
                   DFND2  766  
                   DFND4  766  
                 DFNSND1  766  
                 DFNSND2  766  
                 DFNSND4  766  
                   DFQD1  766  
                   DFQD2  766  
                   DFQD4  766  
                  DFSND1  766  
                  DFSND2  766  
                  DFSND4  766  
                 DFSNQD1  766  
                 DFSNQD2  766  
                 DFSNQD4  766  
                   DFXD1  766  
                   DFXD2  766  
                   DFXD4  766  
                  DFXQD1  766  
                  DFXQD2  766  
                  DFXQD4  766  
                 EDFCND1  766  
                 EDFCND2  766  
                 EDFCND4  766  
                EDFCNQD1  766  
                EDFCNQD2  766  
                EDFCNQD4  766  
                   EDFD1  766  
                   EDFD2  766  
                   EDFD4  766  
                EDFKCND1  766  
                EDFKCND2  766  
                EDFKCND4  766  
               EDFKCNQD1  766  
               EDFKCNQD2  766  
               EDFKCNQD4  766  
                  EDFQD1  766  
                  EDFQD2  766  
                  EDFQD4  766  
                   FA1D0  766  
                   FA1D1  766  
                   FA1D2  766  
                   FA1D4  766  
                FCICIND1  766  
                FCICIND2  766  
                FCICOND1  766  
                FCICOND2  766  
               FCSICIND1  766  
               FCSICIND2  766  
               FCSICOND1  766  
               FCSICOND2  766  
                 FICIND1  766  
                 FICIND2  766  
                 FICOND1  766  
                 FICOND2  766  
                FIICOND1  766  
                FIICOND2  766  
                  GAN2D1  766  
                  GAN2D2  766  
                GAOI21D1  766  
                GAOI21D2  766  
                GAOI22D1  766  
                 GBUFFD1  766  
                 GBUFFD2  766  
                 GBUFFD3  766  
                 GBUFFD4  766  
                 GBUFFD8  766  
                GDFCNQD1  766  
                  GDFQD1  766  
                  GINVD1  766  
                  GINVD2  766  
                  GINVD3  766  
                  GINVD4  766  
                  GINVD8  766  
                 GMUX2D1  766  
                 GMUX2D2  766  
                GMUX2ND1  766  
                GMUX2ND2  766  
                  GND2D1  766  
                  GND2D2  766  
                  GND2D3  766  
                  GND2D4  766  
                  GND3D1  766  
                  GND3D2  766  
                  GNR2D1  766  
                  GNR2D2  766  
                  GNR3D1  766  
                  GNR3D2  766  
                GOAI21D1  766  
                GOAI21D2  766  
                  GOR2D1  766  
                  GOR2D2  766  
               GSDFCNQD1  766  
                   GTIEH  766  
                   GTIEL  766  
                 GXNR2D1  766  
                 GXNR2D2  766  
                 GXOR2D1  766  
                 GXOR2D2  766  
                   HA1D0  766  
                   HA1D1  766  
                   HA1D2  766  
                   HA1D4  766  
               HCOSCIND1  766  
               HCOSCIND2  766  
               HCOSCOND1  766  
               HCOSCOND2  766  
                 HICIND1  766  
                 HICIND2  766  
                 HICOND1  766  
                 HICOND2  766  
                 IAO21D0  766  
                 IAO21D1  766  
                 IAO21D2  766  
                 IAO21D4  766  
                 IAO22D0  766  
                 IAO22D1  766  
                 IAO22D2  766  
                 IAO22D4  766  
                 IIND4D0  766  
                 IIND4D1  766  
                 IIND4D2  766  
                 IIND4D4  766  
                 IINR4D0  766  
                 IINR4D1  766  
                 IINR4D2  766  
                 IINR4D4  766  
                  IND2D0  766  
                  IND2D1  766  
                  IND2D2  766  
                  IND2D4  766  
                  IND3D0  766  
                  IND3D1  766  
                  IND3D2  766  
                  IND3D4  766  
                  IND4D0  766  
                  IND4D1  766  
                  IND4D2  766  
                  IND4D4  766  
                  INR2D0  766  
                  INR2D1  766  
                  INR2D2  766  
                  INR2D4  766  
                 INR2XD0  766  
                 INR2XD1  766  
                 INR2XD2  766  
                 INR2XD4  766  
                  INR3D0  766  
                  INR3D1  766  
                  INR3D2  766  
                  INR3D4  766  
                  INR4D0  766  
                  INR4D1  766  
                  INR4D2  766  
                  INR4D4  766  
                   INVD0  766  
                   INVD1  766  
                  INVD12  766  
                  INVD16  766  
                   INVD2  766  
                  INVD20  766  
                  INVD24  766  
                   INVD3  766  
                   INVD4  766  
                   INVD6  766  
                   INVD8  766  
                 IOA21D0  766  
                 IOA21D1  766  
                 IOA21D2  766  
                 IOA21D4  766  
                 IOA22D0  766  
                 IOA22D1  766  
                 IOA22D2  766  
                 IOA22D4  766  
                  LHCND1  766  
                  LHCND2  766  
                  LHCND4  766  
                 LHCNDD1  766  
                 LHCNDD2  766  
                 LHCNDD4  766  
                LHCNDQD1  766  
                LHCNDQD2  766  
                LHCNDQD4  766  
                 LHCNQD1  766  
                 LHCNQD2  766  
                 LHCNQD4  766  
                 LHCSND1  766  
                 LHCSND2  766  
                 LHCSND4  766  
                LHCSNDD1  766  
                LHCSNDD2  766  
                LHCSNDD4  766  
               LHCSNDQD1  766  
               LHCSNDQD2  766  
               LHCSNDQD4  766  
                LHCSNQD1  766  
                LHCSNQD2  766  
                LHCSNQD4  766  
                    LHD1  766  
                    LHD2  766  
                    LHD4  766  
                   LHQD1  766  
                   LHQD2  766  
                   LHQD4  766  
                  LHSND1  766  
                  LHSND2  766  
                  LHSND4  766  
                 LHSNDD1  766  
                 LHSNDD2  766  
                 LHSNDD4  766  
                LHSNDQD1  766  
                LHSNDQD2  766  
                LHSNDQD4  766  
                 LHSNQD1  766  
                 LHSNQD2  766  
                 LHSNQD4  766  
                  LNCND1  766  
                  LNCND2  766  
                  LNCND4  766  
                 LNCNDD1  766  
                 LNCNDD2  766  
                 LNCNDD4  766  
                LNCNDQD1  766  
                LNCNDQD2  766  
                LNCNDQD4  766  
                 LNCNQD1  766  
                 LNCNQD2  766  
                 LNCNQD4  766  
                 LNCSND1  766  
                 LNCSND2  766  
                 LNCSND4  766  
                LNCSNDD1  766  
                LNCSNDD2  766  
                LNCSNDD4  766  
               LNCSNDQD1  766  
               LNCSNDQD2  766  
               LNCSNDQD4  766  
                LNCSNQD1  766  
                LNCSNQD2  766  
                LNCSNQD4  766  
                    LND1  766  
                    LND2  766  
                    LND4  766  
                   LNQD1  766  
                   LNQD2  766  
                   LNQD4  766  
                  LNSND1  766  
                  LNSND2  766  
                  LNSND4  766  
                 LNSNDD1  766  
                 LNSNDD2  766  
                 LNSNDD4  766  
                LNSNDQD1  766  
                LNSNDQD2  766  
                LNSNDQD4  766  
                 LNSNQD1  766  
                 LNSNQD2  766  
                 LNSNQD4  766  
               MAOI222D0  766  
               MAOI222D1  766  
               MAOI222D2  766  
               MAOI222D4  766  
                MAOI22D0  766  
                MAOI22D1  766  
                MAOI22D2  766  
                MAOI22D4  766  
                MOAI22D0  766  
                MOAI22D1  766  
                MOAI22D2  766  
                MOAI22D4  766  
                  MUX2D0  766  
                  MUX2D1  766  
                  MUX2D2  766  
                  MUX2D4  766  
                 MUX2ND0  766  
                 MUX2ND1  766  
                 MUX2ND2  766  
                 MUX2ND4  766  
                  MUX3D0  766  
                  MUX3D1  766  
                  MUX3D2  766  
                  MUX3D4  766  
                 MUX3ND0  766  
                 MUX3ND1  766  
                 MUX3ND2  766  
                 MUX3ND4  766  
                  MUX4D0  766  
                  MUX4D1  766  
                  MUX4D2  766  
                  MUX4D4  766  
                 MUX4ND0  766  
                 MUX4ND1  766  
                 MUX4ND2  766  
                 MUX4ND4  766  
                   ND2D0  766  
                   ND2D1  766  
                   ND2D2  766  
                   ND2D3  766  
                   ND2D4  766  
                   ND2D8  766  
                   ND3D0  766  
                   ND3D1  766  
                   ND3D2  766  
                   ND3D3  766  
                   ND3D4  766  
                   ND3D8  766  
                   ND4D0  766  
                   ND4D1  766  
                   ND4D2  766  
                   ND4D3  766  
                   ND4D4  766  
                   ND4D8  766  
                   NR2D0  766  
                   NR2D1  766  
                   NR2D2  766  
                   NR2D3  766  
                   NR2D4  766  
                   NR2D8  766  
                  NR2XD0  766  
                  NR2XD1  766  
                  NR2XD2  766  
                  NR2XD3  766  
                  NR2XD4  766  
                  NR2XD8  766  
                   NR3D0  766  
                   NR3D1  766  
                   NR3D2  766  
                   NR3D3  766  
                   NR3D4  766  
                   NR3D8  766  
                   NR4D0  766  
                   NR4D1  766  
                   NR4D2  766  
                   NR4D3  766  
                   NR4D4  766  
                   NR4D8  766  
                 OA211D0  766  
                 OA211D1  766  
                 OA211D2  766  
                 OA211D4  766  
                  OA21D0  766  
                  OA21D1  766  
                  OA21D2  766  
                  OA21D4  766  
                 OA221D0  766  
                 OA221D1  766  
                 OA221D2  766  
                 OA221D4  766  
                 OA222D0  766  
                 OA222D1  766  
                 OA222D2  766  
                 OA222D4  766  
                  OA22D0  766  
                  OA22D1  766  
                  OA22D2  766  
                  OA22D4  766  
                  OA31D0  766  
                  OA31D1  766  
                  OA31D2  766  
                  OA31D4  766  
                  OA32D0  766  
                  OA32D1  766  
                  OA32D2  766  
                  OA32D4  766  
                  OA33D0  766  
                  OA33D1  766  
                  OA33D2  766  
                  OA33D4  766  
                OAI211D0  766  
                OAI211D1  766  
                OAI211D2  766  
                OAI211D4  766  
                 OAI21D0  766  
                 OAI21D1  766  
                 OAI21D2  766  
                 OAI21D4  766  
                OAI221D0  766  
                OAI221D1  766  
                OAI221D2  766  
                OAI221D4  766  
               OAI221XD4  766  
                OAI222D0  766  
                OAI222D1  766  
                OAI222D2  766  
                OAI222D4  766  
               OAI222XD4  766  
                 OAI22D0  766  
                 OAI22D1  766  
                 OAI22D2  766  
                 OAI22D4  766  
                 OAI31D0  766  
                 OAI31D1  766  
                 OAI31D2  766  
                 OAI31D4  766  
                 OAI32D0  766  
                 OAI32D1  766  
                 OAI32D2  766  
                 OAI32D4  766  
                OAI32XD4  766  
                 OAI33D0  766  
                 OAI33D1  766  
                 OAI33D2  766  
                 OAI33D4  766  
                OAI33XD4  766  
                   OR2D0  766  
                   OR2D1  766  
                   OR2D2  766  
                   OR2D4  766  
                   OR2D8  766  
                  OR2XD1  766  
                   OR3D0  766  
                   OR3D1  766  
                   OR3D2  766  
                   OR3D4  766  
                   OR3D8  766  
                  OR3XD1  766  
                   OR4D0  766  
                   OR4D1  766  
                   OR4D2  766  
                   OR4D4  766  
                   OR4D8  766  
                  OR4XD1  766  
                 SDFCND0  766  
                 SDFCND1  766  
                 SDFCND2  766  
                 SDFCND4  766  
                SDFCNQD0  766  
                SDFCNQD1  766  
                SDFCNQD2  766  
                SDFCNQD4  766  
                SDFCSND0  766  
                SDFCSND1  766  
                SDFCSND2  766  
                SDFCSND4  766  
               SDFCSNQD0  766  
               SDFCSNQD1  766  
               SDFCSNQD2  766  
               SDFCSNQD4  766  
                   SDFD0  766  
                   SDFD1  766  
                   SDFD2  766  
                   SDFD4  766  
                SDFKCND0  766  
                SDFKCND1  766  
                SDFKCND2  766  
                SDFKCND4  766  
               SDFKCNQD0  766  
               SDFKCNQD1  766  
               SDFKCNQD2  766  
               SDFKCNQD4  766  
               SDFKCSND0  766  
               SDFKCSND1  766  
               SDFKCSND2  766  
               SDFKCSND4  766  
              SDFKCSNQD0  766  
              SDFKCSNQD1  766  
              SDFKCSNQD2  766  
              SDFKCSNQD4  766  
                SDFKSND0  766  
                SDFKSND1  766  
                SDFKSND2  766  
                SDFKSND4  766  
               SDFKSNQD0  766  
               SDFKSNQD1  766  
               SDFKSNQD2  766  
               SDFKSNQD4  766  
                SDFNCND0  766  
                SDFNCND1  766  
                SDFNCND2  766  
                SDFNCND4  766  
               SDFNCSND0  766  
               SDFNCSND1  766  
               SDFNCSND2  766  
               SDFNCSND4  766  
                  SDFND0  766  
                  SDFND1  766  
                  SDFND2  766  
                  SDFND4  766  
                SDFNSND0  766  
                SDFNSND1  766  
                SDFNSND2  766  
                SDFNSND4  766  
                  SDFQD0  766  
                  SDFQD1  766  
                  SDFQD2  766  
                  SDFQD4  766  
                 SDFQND0  766  
                 SDFQND1  766  
                 SDFQND2  766  
                 SDFQND4  766  
                 SDFSND0  766  
                 SDFSND1  766  
                 SDFSND2  766  
                 SDFSND4  766  
                SDFSNQD0  766  
                SDFSNQD1  766  
                SDFSNQD2  766  
                SDFSNQD4  766  
                  SDFXD0  766  
                  SDFXD1  766  
                  SDFXD2  766  
                  SDFXD4  766  
                 SDFXQD0  766  
                 SDFXQD1  766  
                 SDFXQD2  766  
                 SDFXQD4  766  
                SEDFCND0  766  
                SEDFCND1  766  
                SEDFCND2  766  
                SEDFCND4  766  
               SEDFCNQD0  766  
               SEDFCNQD1  766  
               SEDFCNQD2  766  
               SEDFCNQD4  766  
                  SEDFD0  766  
                  SEDFD1  766  
                  SEDFD2  766  
                  SEDFD4  766  
               SEDFKCND0  766  
               SEDFKCND1  766  
               SEDFKCND2  766  
               SEDFKCND4  766  
              SEDFKCNQD0  766  
              SEDFKCNQD1  766  
              SEDFKCNQD2  766  
              SEDFKCNQD4  766  
                 SEDFQD0  766  
                 SEDFQD1  766  
                 SEDFQD2  766  
                 SEDFQD4  766  
                SEDFQND0  766  
                SEDFQND1  766  
                SEDFQND2  766  
                SEDFQND4  766  
               SEDFQNXD0  766  
               SEDFQNXD1  766  
               SEDFQNXD2  766  
               SEDFQNXD4  766  
                SEDFQXD0  766  
                SEDFQXD1  766  
                SEDFQXD2  766  
                SEDFQXD4  766  
                 SEDFXD0  766  
                 SEDFXD1  766  
                 SEDFXD2  766  
                 SEDFXD4  766  
                    TIEH  766  
                    TIEL  766  
                  XNR2D0  766  
                  XNR2D1  766  
                  XNR2D2  766  
                  XNR2D4  766  
                  XNR3D0  766  
                  XNR3D1  766  
                  XNR3D2  766  
                  XNR3D4  766  
                  XNR4D0  766  
                  XNR4D1  766  
                  XNR4D2  766  
                  XNR4D4  766  
                  XOR2D0  766  
                  XOR2D1  766  
                  XOR2D2  766  
                  XOR2D4  766  
                  XOR3D0  766  
                  XOR3D1  766  
                  XOR3D2  766  
                  XOR3D4  766  
                  XOR4D0  766  
                  XOR4D1  766  
                  XOR4D2  766  
                  XOR4D4  766  2391  
# Cells in .lib with max_cap: 
    ------------------------------
    Cell List with max_cap
    ------------------------------
               Cell Name  Max Capacitance (pf)  
                AN2D0LVT  0.029550  
                AN2D1LVT  0.059000  
                AN2D2LVT  0.118200  
                AN2D4LVT  0.236400  
                AN2D8LVT  0.472800  
               AN2XD1LVT  0.059100  
                AN3D0LVT  0.029550  
                AN3D1LVT  0.058430  
                AN3D2LVT  0.117800  
                AN3D4LVT  0.236400  
                AN3D8LVT  0.472800  
               AN3XD1LVT  0.059100  
                AN4D0LVT  0.029550  
                AN4D1LVT  0.058060  
                AN4D2LVT  0.117700  
                AN4D4LVT  0.236400  
                AN4D8LVT  0.472800  
               AN4XD1LVT  0.058660  
              AO211D0LVT  0.029550  
              AO211D1LVT  0.059100  
              AO211D2LVT  0.118200  
              AO211D4LVT  0.236400  
               AO21D0LVT  0.029550  
               AO21D1LVT  0.059100  
               AO21D2LVT  0.118200  
               AO21D4LVT  0.236400  
              AO221D0LVT  0.029550  
              AO221D1LVT  0.059100  
              AO221D2LVT  0.118200  
              AO221D4LVT  0.236400  
              AO222D0LVT  0.029550  
              AO222D1LVT  0.058940  
              AO222D2LVT  0.117800  
              AO222D4LVT  0.236400  
               AO22D0LVT  0.029550  
               AO22D1LVT  0.058560  
               AO22D2LVT  0.117800  
               AO22D4LVT  0.236400  
               AO31D0LVT  0.029550  
               AO31D1LVT  0.058970  
               AO31D2LVT  0.118200  
               AO31D4LVT  0.236400  
               AO32D0LVT  0.029550  
               AO32D1LVT  0.058470  
               AO32D2LVT  0.117200  
               AO32D4LVT  0.235400  
               AO33D0LVT  0.029550  
               AO33D1LVT  0.059100  
               AO33D2LVT  0.118000  
               AO33D4LVT  0.236100  
             AOI211D0LVT  0.008093  
             AOI211D1LVT  0.015840  
             AOI211D2LVT  0.032070  
             AOI211D4LVT  0.062800  
            AOI211XD0LVT  0.016250  
            AOI211XD1LVT  0.033410  
            AOI211XD2LVT  0.066020  
            AOI211XD4LVT  0.131800  
              AOI21D0LVT  0.013010  
              AOI21D1LVT  0.024850  
              AOI21D2LVT  0.049970  
              AOI21D4LVT  0.099660  
             AOI221D0LVT  0.007718  
             AOI221D1LVT  0.015140  
             AOI221D2LVT  0.030030  
             AOI221D4LVT  0.236400  
            AOI221XD4LVT  0.060750  
             AOI222D0LVT  0.007165  
             AOI222D1LVT  0.014670  
             AOI222D2LVT  0.029600  
             AOI222D4LVT  0.236400  
            AOI222XD4LVT  0.058550  
              AOI22D0LVT  0.012800  
              AOI22D1LVT  0.024400  
              AOI22D2LVT  0.049260  
              AOI22D4LVT  0.096290  
              AOI31D0LVT  0.012250  
              AOI31D1LVT  0.024010  
              AOI31D2LVT  0.048340  
              AOI31D4LVT  0.096610  
              AOI32D0LVT  0.012310  
              AOI32D1LVT  0.023490  
              AOI32D2LVT  0.047630  
              AOI32D4LVT  0.236400  
             AOI32XD4LVT  0.093510  
              AOI33D0LVT  0.012510  
              AOI33D1LVT  0.023040  
              AOI33D2LVT  0.046840  
              AOI33D4LVT  0.236400  
             AOI33XD4LVT  0.091630  
               BENCD1LVT  0.058580  
               BENCD2LVT  0.117300  
               BENCD4LVT  0.235300  
                  BHDLVT  0.035264  
                BMLD1LVT  0.058690  
                BMLD2LVT  0.118200  
                BMLD4LVT  0.236300  
               BUFFD0LVT  0.029550  
              BUFFD12LVT  0.709200  
              BUFFD16LVT  0.945600  
               BUFFD1LVT  0.058490  
              BUFFD20LVT  1.182000  
              BUFFD24LVT  1.418000  
               BUFFD2LVT  0.118200  
               BUFFD3LVT  0.177300  
               BUFFD4LVT  0.236400  
               BUFFD6LVT  0.354600  
               BUFFD8LVT  0.472800  
               BUFTD0LVT  0.030100  
              BUFTD12LVT  0.674600  
              BUFTD16LVT  0.894500  
               BUFTD1LVT  0.052430  
              BUFTD20LVT  1.129000  
              BUFTD24LVT  1.345000  
               BUFTD2LVT  0.105100  
               BUFTD3LVT  0.162200  
               BUFTD4LVT  0.218100  
               BUFTD6LVT  0.335800  
               BUFTD8LVT  0.449500  
              CKAN2D0LVT  0.029550  
              CKAN2D1LVT  0.058550  
              CKAN2D2LVT  0.088040  
              CKAN2D4LVT  0.179300  
              CKAN2D8LVT  0.385500  
                CKBD0LVT  0.029550  
               CKBD12LVT  0.709200  
               CKBD16LVT  0.945600  
                CKBD1LVT  0.059030  
               CKBD20LVT  1.182000  
               CKBD24LVT  1.418000  
                CKBD2LVT  0.118200  
                CKBD3LVT  0.177300  
                CKBD4LVT  0.236400  
                CKBD6LVT  0.354600  
                CKBD8LVT  0.472800  
             CKLHQD12LVT  0.709200  
             CKLHQD16LVT  0.945600  
              CKLHQD1LVT  0.058880  
             CKLHQD20LVT  1.182000  
             CKLHQD24LVT  1.418000  
              CKLHQD2LVT  0.118200  
              CKLHQD3LVT  0.177300  
              CKLHQD4LVT  0.236400  
              CKLHQD6LVT  0.354600  
              CKLHQD8LVT  0.472800  
             CKLNQD12LVT  0.608700  
             CKLNQD16LVT  0.818100  
              CKLNQD1LVT  0.049700  
             CKLNQD20LVT  1.026000  
             CKLNQD24LVT  1.225000  
              CKLNQD2LVT  0.100400  
              CKLNQD3LVT  0.152100  
              CKLNQD4LVT  0.202500  
              CKLNQD6LVT  0.307700  
              CKLNQD8LVT  0.408500  
             CKMUX2D0LVT  0.029550  
             CKMUX2D1LVT  0.059100  
             CKMUX2D2LVT  0.117700  
             CKMUX2D4LVT  0.233800  
                CKND0LVT  0.026970  
               CKND12LVT  0.629600  
               CKND16LVT  0.834500  
                CKND1LVT  0.050660  
               CKND20LVT  1.043000  
               CKND24LVT  1.261000  
              CKND2D0LVT  0.020830  
              CKND2D1LVT  0.038450  
              CKND2D2LVT  0.077040  
              CKND2D3LVT  0.116900  
              CKND2D4LVT  0.156500  
              CKND2D8LVT  0.316100  
                CKND2LVT  0.102800  
                CKND3LVT  0.155500  
                CKND4LVT  0.208300  
                CKND6LVT  0.313400  
                CKND8LVT  0.418900  
             CKXOR2D0LVT  0.029550  
             CKXOR2D1LVT  0.059000  
             CKXOR2D2LVT  0.117800  
             CKXOR2D4LVT  0.236400  
             CMPE42D1LVT  0.059100  
             CMPE42D2LVT  0.118200  
               DEL005LVT  0.059100  
               DEL015LVT  0.059100  
                DEL01LVT  0.059100  
                DEL02LVT  0.058470  
                 DEL0LVT  0.057390  
                 DEL1LVT  0.051940  
                 DEL2LVT  0.054300  
                 DEL3LVT  0.051260  
                 DEL4LVT  0.049520  
               DFCND1LVT  0.059100  
               DFCND2LVT  0.118200  
               DFCND4LVT  0.236400  
              DFCNQD1LVT  0.059100  
              DFCNQD2LVT  0.118200  
              DFCNQD4LVT  0.236400  
              DFCSND1LVT  0.059100  
              DFCSND2LVT  0.118200  
              DFCSND4LVT  0.232300  
             DFCSNQD1LVT  0.059100  
             DFCSNQD2LVT  0.118200  
             DFCSNQD4LVT  0.236400  
                 DFD1LVT  0.059100  
                 DFD2LVT  0.118200  
                 DFD4LVT  0.236400  
              DFKCND1LVT  0.059100  
              DFKCND2LVT  0.118200  
              DFKCND4LVT  0.236400  
             DFKCNQD1LVT  0.059100  
             DFKCNQD2LVT  0.118200  
             DFKCNQD4LVT  0.236400  
             DFKCSND1LVT  0.059100  
             DFKCSND2LVT  0.118200  
             DFKCSND4LVT  0.236400  
              DFKSND1LVT  0.059100  
              DFKSND2LVT  0.118200  
              DFKSND4LVT  0.236400  
              DFNCND1LVT  0.059100  
              DFNCND2LVT  0.118200  
              DFNCND4LVT  0.236400  
             DFNCSND1LVT  0.059100  
             DFNCSND2LVT  0.118200  
             DFNCSND4LVT  0.233800  
                DFND1LVT  0.059100  
                DFND2LVT  0.118200  
                DFND4LVT  0.236400  
              DFNSND1LVT  0.058750  
              DFNSND2LVT  0.118200  
              DFNSND4LVT  0.236400  
                DFQD1LVT  0.059100  
                DFQD2LVT  0.118200  
                DFQD4LVT  0.236400  
               DFSND1LVT  0.059000  
               DFSND2LVT  0.118200  
               DFSND4LVT  0.236400  
              DFSNQD1LVT  0.059100  
              DFSNQD2LVT  0.118200  
              DFSNQD4LVT  0.236400  
                DFXD1LVT  0.059100  
                DFXD2LVT  0.118200  
                DFXD4LVT  0.236400  
               DFXQD1LVT  0.059100  
               DFXQD2LVT  0.118200  
               DFXQD4LVT  0.236400  
              EDFCND1LVT  0.059100  
              EDFCND2LVT  0.118200  
              EDFCND4LVT  0.236400  
             EDFCNQD1LVT  0.058050  
             EDFCNQD2LVT  0.118200  
             EDFCNQD4LVT  0.236400  
                EDFD1LVT  0.059100  
                EDFD2LVT  0.118200  
                EDFD4LVT  0.236400  
             EDFKCND1LVT  0.059100  
             EDFKCND2LVT  0.118200  
             EDFKCND4LVT  0.236400  
            EDFKCNQD1LVT  0.058980  
            EDFKCNQD2LVT  0.118200  
            EDFKCNQD4LVT  0.236400  
               EDFQD1LVT  0.058880  
               EDFQD2LVT  0.116100  
               EDFQD4LVT  0.236400  
                FA1D0LVT  0.029550  
                FA1D1LVT  0.059100  
                FA1D2LVT  0.118200  
                FA1D4LVT  0.236400  
             FCICIND1LVT  0.058670  
             FCICIND2LVT  0.117600  
             FCICOND1LVT  0.021210  
             FCICOND2LVT  0.118200  
            FCSICIND1LVT  0.058610  
            FCSICIND2LVT  0.058560  
            FCSICOND1LVT  0.058570  
            FCSICOND2LVT  0.058550  
              FICIND1LVT  0.058680  
              FICIND2LVT  0.118200  
              FICOND1LVT  0.058320  
              FICOND2LVT  0.118200  
             FIICOND1LVT  0.059100  
             FIICOND2LVT  0.118200  
               GAN2D1LVT  0.058870  
               GAN2D2LVT  0.117500  
             GAOI21D1LVT  0.033140  
             GAOI21D2LVT  0.048670  
             GAOI22D1LVT  0.023550  
              GBUFFD1LVT  0.059010  
              GBUFFD2LVT  0.118200  
              GBUFFD3LVT  0.176300  
              GBUFFD4LVT  0.236200  
              GBUFFD8LVT  0.472300  
             GDFCNQD1LVT  0.059100  
               GDFQD1LVT  0.059100  
               GINVD1LVT  0.051070  
               GINVD2LVT  0.102500  
               GINVD3LVT  0.153600  
               GINVD4LVT  0.205000  
               GINVD8LVT  0.410000  
              GMUX2D1LVT  0.058670  
              GMUX2D2LVT  0.117600  
             GMUX2ND1LVT  0.059100  
             GMUX2ND2LVT  0.118200  
               GND2D1LVT  0.041520  
               GND2D2LVT  0.082410  
               GND2D3LVT  0.123100  
               GND2D4LVT  0.162900  
               GND3D1LVT  0.033190  
               GND3D2LVT  0.055800  
               GNR2D1LVT  0.025580  
               GNR2D2LVT  0.051070  
               GNR3D1LVT  0.019580  
               GNR3D2LVT  0.032590  
             GOAI21D1LVT  0.024510  
             GOAI21D2LVT  0.049730  
               GOR2D1LVT  0.058970  
               GOR2D2LVT  0.118100  
            GSDFCNQD1LVT  0.059100  
                GTIEHLVT  0.035264  
                GTIELLVT  0.035264  
              GXNR2D1LVT  0.058790  
              GXNR2D2LVT  0.117500  
              GXOR2D1LVT  0.058670  
              GXOR2D2LVT  0.117500  
                HA1D0LVT  0.029550  
                HA1D1LVT  0.059020  
                HA1D2LVT  0.118200  
                HA1D4LVT  0.236400  
            HCOSCIND1LVT  0.058480  
            HCOSCIND2LVT  0.116900  
            HCOSCOND1LVT  0.058480  
            HCOSCOND2LVT  0.116600  
              HICIND1LVT  0.059100  
              HICIND2LVT  0.118200  
              HICOND1LVT  0.059080  
              HICOND2LVT  0.118200  
              IAO21D0LVT  0.013680  
              IAO21D1LVT  0.025690  
              IAO21D2LVT  0.052170  
              IAO21D4LVT  0.103500  
              IAO22D0LVT  0.013990  
              IAO22D1LVT  0.026300  
              IAO22D2LVT  0.118200  
              IAO22D4LVT  0.236400  
              IIND4D0LVT  0.011440  
              IIND4D1LVT  0.021920  
              IIND4D2LVT  0.043500  
              IIND4D4LVT  0.087450  
              IINR4D0LVT  0.012790  
              IINR4D1LVT  0.026050  
              IINR4D2LVT  0.051560  
              IINR4D4LVT  0.109200  
               IND2D0LVT  0.022360  
               IND2D1LVT  0.042070  
               IND2D2LVT  0.090850  
               IND2D4LVT  0.172100  
               IND3D0LVT  0.015120  
               IND3D1LVT  0.028810  
               IND3D2LVT  0.057100  
               IND3D4LVT  0.115900  
               IND4D0LVT  0.011070  
               IND4D1LVT  0.022120  
               IND4D2LVT  0.042780  
               IND4D4LVT  0.087910  
               INR2D0LVT  0.013650  
               INR2D1LVT  0.025660  
               INR2D2LVT  0.052170  
               INR2D4LVT  0.104700  
              INR2XD0LVT  0.025770  
              INR2XD1LVT  0.052250  
              INR2XD2LVT  0.104900  
              INR2XD4LVT  0.220400  
               INR3D0LVT  0.016730  
               INR3D1LVT  0.034300  
               INR3D2LVT  0.033750  
               INR3D4LVT  0.067660  
               INR4D0LVT  0.012100  
               INR4D1LVT  0.024500  
               INR4D2LVT  0.046960  
               INR4D4LVT  0.047530  
                INVD0LVT  0.026870  
               INVD12LVT  0.628500  
               INVD16LVT  0.839900  
                INVD1LVT  0.051090  
               INVD20LVT  1.050000  
               INVD24LVT  1.262000  
                INVD2LVT  0.102500  
                INVD3LVT  0.154500  
                INVD4LVT  0.206100  
                INVD6LVT  0.312800  
                INVD8LVT  0.418400  
              IOA21D0LVT  0.022460  
              IOA21D1LVT  0.041860  
              IOA21D2LVT  0.086760  
              IOA21D4LVT  0.179200  
              IOA22D0LVT  0.012800  
              IOA22D1LVT  0.024430  
              IOA22D2LVT  0.118200  
              IOA22D4LVT  0.236400  
               LHCND1LVT  0.059060  
               LHCND2LVT  0.118200  
               LHCND4LVT  0.236400  
              LHCNDD1LVT  0.059100  
              LHCNDD2LVT  0.118200  
              LHCNDD4LVT  0.236400  
             LHCNDQD1LVT  0.059100  
             LHCNDQD2LVT  0.118200  
             LHCNDQD4LVT  0.236400  
              LHCNQD1LVT  0.059100  
              LHCNQD2LVT  0.118200  
              LHCNQD4LVT  0.236400  
              LHCSND1LVT  0.058950  
              LHCSND2LVT  0.118200  
              LHCSND4LVT  0.236400  
             LHCSNDD1LVT  0.058700  
             LHCSNDD2LVT  0.118200  
             LHCSNDD4LVT  0.236400  
            LHCSNDQD1LVT  0.059100  
            LHCSNDQD2LVT  0.118200  
            LHCSNDQD4LVT  0.236400  
             LHCSNQD1LVT  0.058840  
             LHCSNQD2LVT  0.118200  
             LHCSNQD4LVT  0.236400  
                 LHD1LVT  0.059100  
                 LHD2LVT  0.118200  
                 LHD4LVT  0.236400  
                LHQD1LVT  0.058720  
                LHQD2LVT  0.117700  
                LHQD4LVT  0.233300  
               LHSND1LVT  0.058990  
               LHSND2LVT  0.118200  
               LHSND4LVT  0.236400  
              LHSNDD1LVT  0.059100  
              LHSNDD2LVT  0.118200  
              LHSNDD4LVT  0.236400  
             LHSNDQD1LVT  0.059000  
             LHSNDQD2LVT  0.118200  
             LHSNDQD4LVT  0.236400  
              LHSNQD1LVT  0.058840  
              LHSNQD2LVT  0.118200  
              LHSNQD4LVT  0.236400  
               LNCND1LVT  0.059060  
               LNCND2LVT  0.118200  
               LNCND4LVT  0.236400  
              LNCNDD1LVT  0.059100  
              LNCNDD2LVT  0.118200  
              LNCNDD4LVT  0.236400  
             LNCNDQD1LVT  0.059100  
             LNCNDQD2LVT  0.118200  
             LNCNDQD4LVT  0.236400  
              LNCNQD1LVT  0.058700  
              LNCNQD2LVT  0.118200  
              LNCNQD4LVT  0.236400  
              LNCSND1LVT  0.059000  
              LNCSND2LVT  0.118200  
              LNCSND4LVT  0.236400  
             LNCSNDD1LVT  0.058850  
             LNCSNDD2LVT  0.118200  
             LNCSNDD4LVT  0.236400  
            LNCSNDQD1LVT  0.059100  
            LNCSNDQD2LVT  0.118200  
            LNCSNDQD4LVT  0.236400  
             LNCSNQD1LVT  0.058660  
             LNCSNQD2LVT  0.118200  
             LNCSNQD4LVT  0.236400  
                 LND1LVT  0.059100  
                 LND2LVT  0.118200  
                 LND4LVT  0.236400  
                LNQD1LVT  0.058510  
                LNQD2LVT  0.117200  
                LNQD4LVT  0.233100  
               LNSND1LVT  0.059100  
               LNSND2LVT  0.118200  
               LNSND4LVT  0.236400  
              LNSNDD1LVT  0.059100  
              LNSNDD2LVT  0.118200  
              LNSNDD4LVT  0.236400  
             LNSNDQD1LVT  0.059030  
             LNSNDQD2LVT  0.118200  
             LNSNDQD4LVT  0.236400  
              LNSNQD1LVT  0.058850  
              LNSNQD2LVT  0.118200  
              LNSNQD4LVT  0.236400  
            MAOI222D0LVT  0.011480  
            MAOI222D1LVT  0.019760  
            MAOI222D2LVT  0.118200  
            MAOI222D4LVT  0.236400  
             MAOI22D0LVT  0.013190  
             MAOI22D1LVT  0.024910  
             MAOI22D2LVT  0.118000  
             MAOI22D4LVT  0.236400  
             MOAI22D0LVT  0.013440  
             MOAI22D1LVT  0.025480  
             MOAI22D2LVT  0.117900  
             MOAI22D4LVT  0.236000  
               MUX2D0LVT  0.029550  
               MUX2D1LVT  0.058870  
               MUX2D2LVT  0.118200  
               MUX2D4LVT  0.236400  
              MUX2ND0LVT  0.016680  
              MUX2ND1LVT  0.058890  
              MUX2ND2LVT  0.118200  
              MUX2ND4LVT  0.236400  
               MUX3D0LVT  0.029550  
               MUX3D1LVT  0.058570  
               MUX3D2LVT  0.117400  
               MUX3D4LVT  0.232900  
              MUX3ND0LVT  0.010300  
              MUX3ND1LVT  0.058840  
              MUX3ND2LVT  0.118200  
              MUX3ND4LVT  0.236400  
               MUX4D0LVT  0.029550  
               MUX4D1LVT  0.058210  
               MUX4D2LVT  0.116700  
               MUX4D4LVT  0.231000  
              MUX4ND0LVT  0.008810  
              MUX4ND1LVT  0.059100  
              MUX4ND2LVT  0.118200  
              MUX4ND4LVT  0.235600  
                ND2D0LVT  0.022050  
                ND2D1LVT  0.041570  
                ND2D2LVT  0.086240  
                ND2D3LVT  0.129900  
                ND2D4LVT  0.174300  
                ND2D8LVT  0.315000  
                ND3D0LVT  0.014980  
                ND3D1LVT  0.028540  
                ND3D2LVT  0.059420  
                ND3D3LVT  0.089580  
                ND3D4LVT  0.120600  
                ND3D8LVT  0.235100  
                ND4D0LVT  0.011000  
                ND4D1LVT  0.021180  
                ND4D2LVT  0.041680  
                ND4D3LVT  0.064070  
                ND4D4LVT  0.084960  
                ND4D8LVT  0.472800  
                NR2D0LVT  0.013520  
                NR2D1LVT  0.025580  
                NR2D2LVT  0.052960  
                NR2D3LVT  0.078150  
                NR2D4LVT  0.104700  
                NR2D8LVT  0.207400  
               NR2XD0LVT  0.025740  
               NR2XD1LVT  0.052090  
               NR2XD2LVT  0.104200  
               NR2XD3LVT  0.156100  
               NR2XD4LVT  0.209200  
               NR2XD8LVT  0.418300  
                NR3D0LVT  0.016720  
                NR3D1LVT  0.034260  
                NR3D2LVT  0.065970  
                NR3D3LVT  0.102200  
                NR3D4LVT  0.130500  
                NR3D8LVT  0.261500  
                NR4D0LVT  0.012070  
                NR4D1LVT  0.025210  
                NR4D2LVT  0.047390  
                NR4D3LVT  0.074350  
                NR4D4LVT  0.094060  
                NR4D8LVT  0.472800  
              OA211D0LVT  0.029550  
              OA211D1LVT  0.058860  
              OA211D2LVT  0.117900  
              OA211D4LVT  0.234800  
               OA21D0LVT  0.029550  
               OA21D1LVT  0.059100  
               OA21D2LVT  0.118200  
               OA21D4LVT  0.236400  
              OA221D0LVT  0.029550  
              OA221D1LVT  0.059100  
              OA221D2LVT  0.117900  
              OA221D4LVT  0.236400  
              OA222D0LVT  0.029550  
              OA222D1LVT  0.059070  
              OA222D2LVT  0.117800  
              OA222D4LVT  0.234700  
               OA22D0LVT  0.029550  
               OA22D1LVT  0.058560  
               OA22D2LVT  0.118100  
               OA22D4LVT  0.236200  
               OA31D0LVT  0.029550  
               OA31D1LVT  0.059100  
               OA31D2LVT  0.118200  
               OA31D4LVT  0.236400  
               OA32D0LVT  0.029550  
               OA32D1LVT  0.059100  
               OA32D2LVT  0.118200  
               OA32D4LVT  0.236400  
               OA33D0LVT  0.029550  
               OA33D1LVT  0.059060  
               OA33D2LVT  0.118100  
               OA33D4LVT  0.236400  
             OAI211D0LVT  0.013000  
             OAI211D1LVT  0.025020  
             OAI211D2LVT  0.050690  
             OAI211D4LVT  0.099900  
              OAI21D0LVT  0.013360  
              OAI21D1LVT  0.025440  
              OAI21D2LVT  0.050780  
              OAI21D4LVT  0.101100  
             OAI221D0LVT  0.011820  
             OAI221D1LVT  0.022940  
             OAI221D2LVT  0.046010  
             OAI221D4LVT  0.236400  
            OAI221XD4LVT  0.091170  
             OAI222D0LVT  0.010770  
             OAI222D1LVT  0.021170  
             OAI222D2LVT  0.042940  
             OAI222D4LVT  0.236400  
            OAI222XD4LVT  0.084760  
              OAI22D0LVT  0.011950  
              OAI22D1LVT  0.023380  
              OAI22D2LVT  0.047450  
              OAI22D4LVT  0.092730  
              OAI31D0LVT  0.008306  
              OAI31D1LVT  0.016280  
              OAI31D2LVT  0.032910  
              OAI31D4LVT  0.065190  
              OAI32D0LVT  0.007891  
              OAI32D1LVT  0.015500  
              OAI32D2LVT  0.031210  
              OAI32D4LVT  0.236400  
             OAI32XD4LVT  0.061670  
              OAI33D0LVT  0.006526  
              OAI33D1LVT  0.013500  
              OAI33D2LVT  0.026950  
              OAI33D4LVT  0.236400  
             OAI33XD4LVT  0.051360  
                OR2D0LVT  0.029550  
                OR2D1LVT  0.059100  
                OR2D2LVT  0.118200  
                OR2D4LVT  0.236400  
                OR2D8LVT  0.472800  
               OR2XD1LVT  0.059100  
                OR3D0LVT  0.029550  
                OR3D1LVT  0.059100  
                OR3D2LVT  0.118200  
                OR3D4LVT  0.236400  
                OR3D8LVT  0.472800  
               OR3XD1LVT  0.059100  
                OR4D0LVT  0.029550  
                OR4D1LVT  0.059000  
                OR4D2LVT  0.118200  
                OR4D4LVT  0.236400  
                OR4D8LVT  0.472800  
               OR4XD1LVT  0.059100  
              SDFCND0LVT  0.029550  
              SDFCND1LVT  0.059100  
              SDFCND2LVT  0.118200  
              SDFCND4LVT  0.236400  
             SDFCNQD0LVT  0.029550  
             SDFCNQD1LVT  0.059100  
             SDFCNQD2LVT  0.118200  
             SDFCNQD4LVT  0.236400  
             SDFCSND0LVT  0.029550  
             SDFCSND1LVT  0.059100  
             SDFCSND2LVT  0.118200  
             SDFCSND4LVT  0.236400  
            SDFCSNQD0LVT  0.029550  
            SDFCSNQD1LVT  0.058590  
            SDFCSNQD2LVT  0.118200  
            SDFCSNQD4LVT  0.236400  
                SDFD0LVT  0.029550  
                SDFD1LVT  0.059100  
                SDFD2LVT  0.118200  
                SDFD4LVT  0.236400  
             SDFKCND0LVT  0.029550  
             SDFKCND1LVT  0.059100  
             SDFKCND2LVT  0.118200  
             SDFKCND4LVT  0.236400  
            SDFKCNQD0LVT  0.029550  
            SDFKCNQD1LVT  0.058600  
            SDFKCNQD2LVT  0.117600  
            SDFKCNQD4LVT  0.235900  
            SDFKCSND0LVT  0.029550  
            SDFKCSND1LVT  0.059100  
            SDFKCSND2LVT  0.118200  
            SDFKCSND4LVT  0.236400  
           SDFKCSNQD0LVT  0.029550  
           SDFKCSNQD1LVT  0.058240  
           SDFKCSNQD2LVT  0.117700  
           SDFKCSNQD4LVT  0.235900  
             SDFKSND0LVT  0.029550  
             SDFKSND1LVT  0.059100  
             SDFKSND2LVT  0.118200  
             SDFKSND4LVT  0.236400  
            SDFKSNQD0LVT  0.029550  
            SDFKSNQD1LVT  0.058830  
            SDFKSNQD2LVT  0.118000  
            SDFKSNQD4LVT  0.235700  
             SDFNCND0LVT  0.029550  
             SDFNCND1LVT  0.059100  
             SDFNCND2LVT  0.118200  
             SDFNCND4LVT  0.236400  
            SDFNCSND0LVT  0.029550  
            SDFNCSND1LVT  0.059100  
            SDFNCSND2LVT  0.118200  
            SDFNCSND4LVT  0.236400  
               SDFND0LVT  0.029550  
               SDFND1LVT  0.059100  
               SDFND2LVT  0.118200  
               SDFND4LVT  0.236400  
             SDFNSND0LVT  0.029550  
             SDFNSND1LVT  0.059100  
             SDFNSND2LVT  0.118200  
             SDFNSND4LVT  0.236400  
               SDFQD0LVT  0.029100  
               SDFQD1LVT  0.058860  
               SDFQD2LVT  0.118200  
               SDFQD4LVT  0.236400  
              SDFQND0LVT  0.029550  
              SDFQND1LVT  0.058810  
              SDFQND2LVT  0.118000  
              SDFQND4LVT  0.235000  
              SDFSND0LVT  0.029550  
              SDFSND1LVT  0.059100  
              SDFSND2LVT  0.118200  
              SDFSND4LVT  0.236400  
             SDFSNQD0LVT  0.029550  
             SDFSNQD1LVT  0.059030  
             SDFSNQD2LVT  0.118200  
             SDFSNQD4LVT  0.236400  
               SDFXD0LVT  0.029550  
               SDFXD1LVT  0.059100  
               SDFXD2LVT  0.118200  
               SDFXD4LVT  0.236400  
              SDFXQD0LVT  0.029550  
              SDFXQD1LVT  0.058720  
              SDFXQD2LVT  0.117300  
              SDFXQD4LVT  0.236400  
             SEDFCND0LVT  0.029550  
             SEDFCND1LVT  0.059100  
             SEDFCND2LVT  0.118200  
             SEDFCND4LVT  0.236400  
            SEDFCNQD0LVT  0.029550  
            SEDFCNQD1LVT  0.058060  
            SEDFCNQD2LVT  0.118200  
            SEDFCNQD4LVT  0.236400  
               SEDFD0LVT  0.029550  
               SEDFD1LVT  0.059100  
               SEDFD2LVT  0.118200  
               SEDFD4LVT  0.236400  
            SEDFKCND0LVT  0.029550  
            SEDFKCND1LVT  0.059100  
            SEDFKCND2LVT  0.118200  
            SEDFKCND4LVT  0.236400  
           SEDFKCNQD0LVT  0.029550  
           SEDFKCNQD1LVT  0.059100  
           SEDFKCNQD2LVT  0.118200  
           SEDFKCNQD4LVT  0.236400  
              SEDFQD0LVT  0.029550  
              SEDFQD1LVT  0.058470  
              SEDFQD2LVT  0.118200  
              SEDFQD4LVT  0.236100  
             SEDFQND0LVT  0.029550  
             SEDFQND1LVT  0.058340  
             SEDFQND2LVT  0.118200  
             SEDFQND4LVT  0.236400  
            SEDFQNXD0LVT  0.029550  
            SEDFQNXD1LVT  0.058870  
            SEDFQNXD2LVT  0.118000  
            SEDFQNXD4LVT  0.236400  
             SEDFQXD0LVT  0.029550  
             SEDFQXD1LVT  0.058720  
             SEDFQXD2LVT  0.118100  
             SEDFQXD4LVT  0.236200  
              SEDFXD0LVT  0.024350  
              SEDFXD1LVT  0.059100  
              SEDFXD2LVT  0.118200  
              SEDFXD4LVT  0.236400  
                 TIEHLVT  0.035264  
                 TIELLVT  0.035264  
               XNR2D0LVT  0.029550  
               XNR2D1LVT  0.059100  
               XNR2D2LVT  0.118200  
               XNR2D4LVT  0.236400  
               XNR3D0LVT  0.029550  
               XNR3D1LVT  0.059100  
               XNR3D2LVT  0.118200  
               XNR3D4LVT  0.236400  
               XNR4D0LVT  0.029550  
               XNR4D1LVT  0.058680  
               XNR4D2LVT  0.116400  
               XNR4D4LVT  0.224100  
               XOR2D0LVT  0.029550  
               XOR2D1LVT  0.058630  
               XOR2D2LVT  0.117600  
               XOR2D4LVT  0.235800  
               XOR3D0LVT  0.029550  
               XOR3D1LVT  0.059100  
               XOR3D2LVT  0.117800  
               XOR3D4LVT  0.236400  
               XOR4D0LVT  0.029550  
               XOR4D1LVT  0.058760  
               XOR4D2LVT  0.117100  
               XOR4D4LVT  0.227000  
                AN2D0HVT  0.029550  
                AN2D1HVT  0.058420  
                AN2D2HVT  0.117300  
                AN2D4HVT  0.236400  
                AN2D8HVT  0.472800  
               AN2XD1HVT  0.058970  
                AN3D0HVT  0.029440  
                AN3D1HVT  0.057730  
                AN3D2HVT  0.116700  
                AN3D4HVT  0.236100  
                AN3D8HVT  0.471300  
               AN3XD1HVT  0.058660  
                AN4D0HVT  0.029550  
                AN4D1HVT  0.057240  
                AN4D2HVT  0.116600  
                AN4D4HVT  0.234400  
                AN4D8HVT  0.467200  
               AN4XD1HVT  0.058140  
              AO211D0HVT  0.029550  
              AO211D1HVT  0.059010  
              AO211D2HVT  0.117900  
              AO211D4HVT  0.236000  
               AO21D0HVT  0.029550  
               AO21D1HVT  0.058950  
               AO21D2HVT  0.117400  
               AO21D4HVT  0.236400  
              AO221D0HVT  0.029550  
              AO221D1HVT  0.058860  
              AO221D2HVT  0.117300  
              AO221D4HVT  0.235500  
              AO222D0HVT  0.029070  
              AO222D1HVT  0.058310  
              AO222D2HVT  0.116500  
              AO222D4HVT  0.235300  
               AO22D0HVT  0.029550  
               AO22D1HVT  0.057990  
               AO22D2HVT  0.116900  
               AO22D4HVT  0.235300  
               AO31D0HVT  0.029550  
               AO31D1HVT  0.058390  
               AO31D2HVT  0.117400  
               AO31D4HVT  0.234700  
               AO32D0HVT  0.029550  
               AO32D1HVT  0.058010  
               AO32D2HVT  0.116300  
               AO32D4HVT  0.234000  
               AO33D0HVT  0.029550  
               AO33D1HVT  0.058530  
               AO33D2HVT  0.116700  
               AO33D4HVT  0.233400  
             AOI211D0HVT  0.006720  
             AOI211D1HVT  0.013790  
             AOI211D2HVT  0.028090  
             AOI211D4HVT  0.055290  
            AOI211XD0HVT  0.014230  
            AOI211XD1HVT  0.029420  
            AOI211XD2HVT  0.058410  
            AOI211XD4HVT  0.116800  
              AOI21D0HVT  0.011410  
              AOI21D1HVT  0.022670  
              AOI21D2HVT  0.045450  
              AOI21D4HVT  0.091140  
             AOI221D0HVT  0.006423  
             AOI221D1HVT  0.013360  
             AOI221D2HVT  0.026420  
             AOI221D4HVT  0.236400  
            AOI221XD4HVT  0.053960  
             AOI222D0HVT  0.006004  
             AOI222D1HVT  0.013060  
             AOI222D2HVT  0.026270  
             AOI222D4HVT  0.236400  
            AOI222XD4HVT  0.052750  
              AOI22D0HVT  0.011260  
              AOI22D1HVT  0.022370  
              AOI22D2HVT  0.045190  
              AOI22D4HVT  0.089300  
              AOI31D0HVT  0.010630  
              AOI31D1HVT  0.021990  
              AOI31D2HVT  0.044300  
              AOI31D4HVT  0.088780  
              AOI32D0HVT  0.010920  
              AOI32D1HVT  0.021680  
              AOI32D2HVT  0.043890  
              AOI32D4HVT  0.235600  
             AOI32XD4HVT  0.086980  
              AOI33D0HVT  0.010680  
              AOI33D1HVT  0.021430  
              AOI33D2HVT  0.043490  
              AOI33D4HVT  0.236400  
             AOI33XD4HVT  0.086000  
               BENCD1HVT  0.058070  
               BENCD2HVT  0.115800  
               BENCD4HVT  0.231800  
                  BHDHVT  0.033376  
                BMLD1HVT  0.058130  
                BMLD2HVT  0.116900  
                BMLD4HVT  0.233200  
               BUFFD0HVT  0.029550  
              BUFFD12HVT  0.709200  
              BUFFD16HVT  0.945600  
               BUFFD1HVT  0.058180  
              BUFFD20HVT  1.182000  
              BUFFD24HVT  1.418000  
               BUFFD2HVT  0.118200  
               BUFFD3HVT  0.176700  
               BUFFD4HVT  0.236400  
               BUFFD6HVT  0.354600  
               BUFFD8HVT  0.472800  
               BUFTD0HVT  0.030240  
              BUFTD12HVT  0.666800  
              BUFTD16HVT  0.883600  
               BUFTD1HVT  0.052040  
              BUFTD20HVT  1.117000  
              BUFTD24HVT  1.333000  
               BUFTD2HVT  0.104000  
               BUFTD3HVT  0.160500  
               BUFTD4HVT  0.216000  
               BUFTD6HVT  0.332900  
               BUFTD8HVT  0.444800  
              CKAN2D0HVT  0.029550  
              CKAN2D1HVT  0.058070  
              CKAN2D2HVT  0.083210  
              CKAN2D4HVT  0.170000  
              CKAN2D8HVT  0.357100  
                CKBD0HVT  0.029550  
               CKBD12HVT  0.709200  
               CKBD16HVT  0.945600  
                CKBD1HVT  0.058620  
               CKBD20HVT  1.182000  
               CKBD24HVT  1.418000  
                CKBD2HVT  0.118000  
                CKBD3HVT  0.177300  
                CKBD4HVT  0.236400  
                CKBD6HVT  0.354600  
                CKBD8HVT  0.472800  
             CKLHQD12HVT  0.709200  
             CKLHQD16HVT  0.945600  
              CKLHQD1HVT  0.058240  
             CKLHQD20HVT  1.182000  
             CKLHQD24HVT  1.418000  
              CKLHQD2HVT  0.117400  
              CKLHQD3HVT  0.176900  
              CKLHQD4HVT  0.236400  
              CKLHQD6HVT  0.354600  
              CKLHQD8HVT  0.472800  
             CKLNQD12HVT  0.562800  
             CKLNQD16HVT  0.757400  
              CKLNQD1HVT  0.045730  
             CKLNQD20HVT  0.949800  
             CKLNQD24HVT  1.134000  
              CKLNQD2HVT  0.092790  
              CKLNQD3HVT  0.140600  
              CKLNQD4HVT  0.187300  
              CKLNQD6HVT  0.284900  
              CKLNQD8HVT  0.377900  
             CKMUX2D0HVT  0.029550  
             CKMUX2D1HVT  0.058640  
             CKMUX2D2HVT  0.116200  
             CKMUX2D4HVT  0.230800  
                CKND0HVT  0.025510  
               CKND12HVT  0.608700  
               CKND16HVT  0.809400  
                CKND1HVT  0.049170  
               CKND20HVT  1.012000  
               CKND24HVT  1.219000  
              CKND2D0HVT  0.018030  
              CKND2D1HVT  0.035490  
              CKND2D2HVT  0.073910  
              CKND2D3HVT  0.112000  
              CKND2D4HVT  0.150400  
              CKND2D8HVT  0.269300  
                CKND2HVT  0.099870  
                CKND3HVT  0.150700  
                CKND4HVT  0.202000  
                CKND6HVT  0.303400  
                CKND8HVT  0.405400  
             CKXOR2D0HVT  0.029550  
             CKXOR2D1HVT  0.058320  
             CKXOR2D2HVT  0.116500  
             CKXOR2D4HVT  0.235000  
             CMPE42D1HVT  0.058510  
             CMPE42D2HVT  0.117200  
               DEL005HVT  0.058750  
               DEL015HVT  0.058870  
                DEL01HVT  0.059030  
                DEL02HVT  0.058030  
                 DEL0HVT  0.056720  
                 DEL1HVT  0.048350  
                 DEL2HVT  0.053660  
                 DEL3HVT  0.050730  
                 DEL4HVT  0.048630  
               DFCND1HVT  0.058950  
               DFCND2HVT  0.118200  
               DFCND4HVT  0.235800  
              DFCNQD1HVT  0.058880  
              DFCNQD2HVT  0.118200  
              DFCNQD4HVT  0.235800  
              DFCSND1HVT  0.058660  
              DFCSND2HVT  0.116700  
              DFCSND4HVT  0.227800  
             DFCSNQD1HVT  0.059020  
             DFCSNQD2HVT  0.118200  
             DFCSNQD4HVT  0.236400  
                 DFD1HVT  0.058990  
                 DFD2HVT  0.118200  
                 DFD4HVT  0.236400  
              DFKCND1HVT  0.059050  
              DFKCND2HVT  0.118200  
              DFKCND4HVT  0.236400  
             DFKCNQD1HVT  0.059070  
             DFKCNQD2HVT  0.118200  
             DFKCNQD4HVT  0.236400  
             DFKCSND1HVT  0.059000  
             DFKCSND2HVT  0.118200  
             DFKCSND4HVT  0.236400  
              DFKSND1HVT  0.059000  
              DFKSND2HVT  0.118200  
              DFKSND4HVT  0.236400  
              DFNCND1HVT  0.058950  
              DFNCND2HVT  0.118200  
              DFNCND4HVT  0.236400  
             DFNCSND1HVT  0.058730  
             DFNCSND2HVT  0.117300  
             DFNCSND4HVT  0.229700  
                DFND1HVT  0.059000  
                DFND2HVT  0.118200  
                DFND4HVT  0.236400  
              DFNSND1HVT  0.058260  
              DFNSND2HVT  0.118100  
              DFNSND4HVT  0.236400  
                DFQD1HVT  0.058570  
                DFQD2HVT  0.117800  
                DFQD4HVT  0.235300  
               DFSND1HVT  0.058490  
               DFSND2HVT  0.118000  
               DFSND4HVT  0.236400  
              DFSNQD1HVT  0.058980  
              DFSNQD2HVT  0.118200  
              DFSNQD4HVT  0.236400  
                DFXD1HVT  0.058990  
                DFXD2HVT  0.118200  
                DFXD4HVT  0.236400  
               DFXQD1HVT  0.059100  
               DFXQD2HVT  0.118200  
               DFXQD4HVT  0.236400  
              EDFCND1HVT  0.058990  
              EDFCND2HVT  0.118200  
              EDFCND4HVT  0.236400  
             EDFCNQD1HVT  0.057570  
             EDFCNQD2HVT  0.118200  
             EDFCNQD4HVT  0.236400  
                EDFD1HVT  0.059060  
                EDFD2HVT  0.118200  
                EDFD4HVT  0.236400  
             EDFKCND1HVT  0.059020  
             EDFKCND2HVT  0.118200  
             EDFKCND4HVT  0.236400  
            EDFKCNQD1HVT  0.058500  
            EDFKCNQD2HVT  0.118200  
            EDFKCNQD4HVT  0.236400  
               EDFQD1HVT  0.058500  
               EDFQD2HVT  0.115300  
               EDFQD4HVT  0.236400  
                FA1D0HVT  0.029410  
                FA1D1HVT  0.058910  
                FA1D2HVT  0.118200  
                FA1D4HVT  0.235400  
             FCICIND1HVT  0.058130  
             FCICIND2HVT  0.116600  
             FCICOND1HVT  0.017150  
             FCICOND2HVT  0.118200  
            FCSICIND1HVT  0.058040  
            FCSICIND2HVT  0.058020  
            FCSICOND1HVT  0.057960  
            FCSICOND2HVT  0.057940  
              FICIND1HVT  0.058040  
              FICIND2HVT  0.118200  
              FICOND1HVT  0.057650  
              FICOND2HVT  0.117200  
             FIICOND1HVT  0.058970  
             FIICOND2HVT  0.117800  
               GAN2D1HVT  0.058540  
               GAN2D2HVT  0.116700  
             GAOI21D1HVT  0.030420  
             GAOI21D2HVT  0.044430  
             GAOI22D1HVT  0.021720  
              GBUFFD1HVT  0.058680  
              GBUFFD2HVT  0.117900  
              GBUFFD3HVT  0.175500  
              GBUFFD4HVT  0.235000  
              GBUFFD8HVT  0.470200  
             GDFCNQD1HVT  0.058570  
               GDFQD1HVT  0.058830  
               GINVD1HVT  0.049550  
               GINVD2HVT  0.099530  
               GINVD3HVT  0.149200  
               GINVD4HVT  0.199200  
               GINVD8HVT  0.398700  
              GMUX2D1HVT  0.058350  
              GMUX2D2HVT  0.116800  
             GMUX2ND1HVT  0.058760  
             GMUX2ND2HVT  0.117600  
               GND2D1HVT  0.035230  
               GND2D2HVT  0.069910  
               GND2D3HVT  0.105000  
               GND2D4HVT  0.139400  
               GND3D1HVT  0.027160  
               GND3D2HVT  0.045180  
               GNR2D1HVT  0.023160  
               GNR2D2HVT  0.046350  
               GNR3D1HVT  0.017330  
               GNR3D2HVT  0.028480  
             GOAI21D1HVT  0.022010  
             GOAI21D2HVT  0.044860  
               GOR2D1HVT  0.058690  
               GOR2D2HVT  0.117500  
            GSDFCNQD1HVT  0.058640  
                GTIEHHVT  0.033376  
                GTIELHVT  0.033376  
              GXNR2D1HVT  0.058430  
              GXNR2D2HVT  0.116700  
              GXOR2D1HVT  0.058300  
              GXOR2D2HVT  0.116600  
                HA1D0HVT  0.029550  
                HA1D1HVT  0.058480  
                HA1D2HVT  0.117000  
                HA1D4HVT  0.233200  
            HCOSCIND1HVT  0.057830  
            HCOSCIND2HVT  0.115400  
            HCOSCOND1HVT  0.057920  
            HCOSCOND2HVT  0.115200  
              HICIND1HVT  0.058810  
              HICIND2HVT  0.117900  
              HICOND1HVT  0.058630  
              HICOND2HVT  0.117000  
              IAO21D0HVT  0.011960  
              IAO21D1HVT  0.023280  
              IAO21D2HVT  0.047230  
              IAO21D4HVT  0.093970  
              IAO22D0HVT  0.012430  
              IAO22D1HVT  0.024180  
              IAO22D2HVT  0.118200  
              IAO22D4HVT  0.236400  
              IIND4D0HVT  0.008560  
              IIND4D1HVT  0.017460  
              IIND4D2HVT  0.035090  
              IIND4D4HVT  0.070970  
              IINR4D0HVT  0.011180  
              IINR4D1HVT  0.022940  
              IINR4D2HVT  0.045530  
              IINR4D4HVT  0.098830  
               IND2D0HVT  0.018260  
               IND2D1HVT  0.035760  
               IND2D2HVT  0.077950  
               IND2D4HVT  0.148200  
               IND3D0HVT  0.011540  
               IND3D1HVT  0.023260  
               IND3D2HVT  0.046570  
               IND3D4HVT  0.095260  
               IND4D0HVT  0.008267  
               IND4D1HVT  0.017660  
               IND4D2HVT  0.034350  
               IND4D4HVT  0.071190  
               INR2D0HVT  0.011920  
               INR2D1HVT  0.023250  
               INR2D2HVT  0.047210  
               INR2D4HVT  0.094710  
              INR2XD0HVT  0.023430  
              INR2XD1HVT  0.047560  
              INR2XD2HVT  0.095590  
              INR2XD4HVT  0.202600  
               INR3D0HVT  0.014730  
               INR3D1HVT  0.030160  
               INR3D2HVT  0.029380  
               INR3D4HVT  0.058970  
               INR4D0HVT  0.010480  
               INR4D1HVT  0.021370  
               INR4D2HVT  0.041600  
               INR4D4HVT  0.040890  
                INVD0HVT  0.025480  
               INVD12HVT  0.608400  
               INVD16HVT  0.812200  
                INVD1HVT  0.049520  
               INVD20HVT  1.016000  
               INVD24HVT  1.220000  
                INVD2HVT  0.099530  
                INVD3HVT  0.149900  
                INVD4HVT  0.200100  
                INVD6HVT  0.302800  
                INVD8HVT  0.405000  
              IOA21D0HVT  0.018320  
              IOA21D1HVT  0.035610  
              IOA21D2HVT  0.074430  
              IOA21D4HVT  0.154500  
              IOA22D0HVT  0.011350  
              IOA22D1HVT  0.022450  
              IOA22D2HVT  0.117600  
              IOA22D4HVT  0.235000  
               LHCND1HVT  0.058710  
               LHCND2HVT  0.118200  
               LHCND4HVT  0.236400  
              LHCNDD1HVT  0.058960  
              LHCNDD2HVT  0.118200  
              LHCNDD4HVT  0.236400  
             LHCNDQD1HVT  0.059040  
             LHCNDQD2HVT  0.118200  
             LHCNDQD4HVT  0.236400  
              LHCNQD1HVT  0.058880  
              LHCNQD2HVT  0.118200  
              LHCNQD4HVT  0.236400  
              LHCSND1HVT  0.058590  
              LHCSND2HVT  0.118200  
              LHCSND4HVT  0.236400  
             LHCSNDD1HVT  0.058470  
             LHCSNDD2HVT  0.118200  
             LHCSNDD4HVT  0.236400  
            LHCSNDQD1HVT  0.058940  
            LHCSNDQD2HVT  0.118000  
            LHCSNDQD4HVT  0.236400  
             LHCSNQD1HVT  0.058400  
             LHCSNQD2HVT  0.118200  
             LHCSNQD4HVT  0.236400  
                 LHD1HVT  0.059100  
                 LHD2HVT  0.118200  
                 LHD4HVT  0.236400  
                LHQD1HVT  0.058180  
                LHQD2HVT  0.116500  
                LHQD4HVT  0.229700  
               LHSND1HVT  0.058610  
               LHSND2HVT  0.117900  
               LHSND4HVT  0.236400  
              LHSNDD1HVT  0.058770  
              LHSNDD2HVT  0.118200  
              LHSNDD4HVT  0.236400  
             LHSNDQD1HVT  0.058430  
             LHSNDQD2HVT  0.118200  
             LHSNDQD4HVT  0.236400  
              LHSNQD1HVT  0.058300  
              LHSNQD2HVT  0.117500  
              LHSNQD4HVT  0.235500  
               LNCND1HVT  0.058700  
               LNCND2HVT  0.118200  
               LNCND4HVT  0.236400  
              LNCNDD1HVT  0.058990  
              LNCNDD2HVT  0.118200  
              LNCNDD4HVT  0.236400  
             LNCNDQD1HVT  0.058580  
             LNCNDQD2HVT  0.118200  
             LNCNDQD4HVT  0.236400  
              LNCNQD1HVT  0.058240  
              LNCNQD2HVT  0.118200  
              LNCNQD4HVT  0.236400  
              LNCSND1HVT  0.058530  
              LNCSND2HVT  0.118200  
              LNCSND4HVT  0.236400  
             LNCSNDD1HVT  0.058490  
             LNCSNDD2HVT  0.118200  
             LNCSNDD4HVT  0.236400  
            LNCSNDQD1HVT  0.058960  
            LNCSNDQD2HVT  0.117900  
            LNCSNDQD4HVT  0.236400  
             LNCSNQD1HVT  0.058120  
             LNCSNQD2HVT  0.118200  
             LNCSNQD4HVT  0.235600  
                 LND1HVT  0.059100  
                 LND2HVT  0.118200  
                 LND4HVT  0.236400  
                LNQD1HVT  0.058060  
                LNQD2HVT  0.115800  
                LNQD4HVT  0.229000  
               LNSND1HVT  0.058880  
               LNSND2HVT  0.118200  
               LNSND4HVT  0.236400  
              LNSNDD1HVT  0.058770  
              LNSNDD2HVT  0.118200  
              LNSNDD4HVT  0.236400  
             LNSNDQD1HVT  0.058430  
             LNSNDQD2HVT  0.118200  
             LNSNDQD4HVT  0.236400  
              LNSNQD1HVT  0.058390  
              LNSNQD2HVT  0.117800  
              LNSNQD4HVT  0.236200  
            MAOI222D0HVT  0.010510  
            MAOI222D1HVT  0.017170  
            MAOI222D2HVT  0.118000  
            MAOI222D4HVT  0.236400  
             MAOI22D0HVT  0.011570  
             MAOI22D1HVT  0.022790  
             MAOI22D2HVT  0.116800  
             MAOI22D4HVT  0.234500  
             MOAI22D0HVT  0.011670  
             MOAI22D1HVT  0.023000  
             MOAI22D2HVT  0.116900  
             MOAI22D4HVT  0.233400  
               MUX2D0HVT  0.029550  
               MUX2D1HVT  0.058530  
               MUX2D2HVT  0.117200  
               MUX2D4HVT  0.233500  
              MUX2ND0HVT  0.014750  
              MUX2ND1HVT  0.058430  
              MUX2ND2HVT  0.117800  
              MUX2ND4HVT  0.236400  
               MUX3D0HVT  0.029550  
               MUX3D1HVT  0.057950  
               MUX3D2HVT  0.115700  
               MUX3D4HVT  0.229500  
              MUX3ND0HVT  0.008968  
              MUX3ND1HVT  0.058360  
              MUX3ND2HVT  0.117500  
              MUX3ND4HVT  0.236400  
               MUX4D0HVT  0.029550  
               MUX4D1HVT  0.057600  
               MUX4D2HVT  0.115400  
               MUX4D4HVT  0.227400  
              MUX4ND0HVT  0.007726  
              MUX4ND1HVT  0.058820  
              MUX4ND2HVT  0.117400  
              MUX4ND4HVT  0.232200  
                ND2D0HVT  0.017940  
                ND2D1HVT  0.035340  
                ND2D2HVT  0.073990  
                ND2D3HVT  0.111400  
                ND2D4HVT  0.150000  
                ND2D8HVT  0.268300  
                ND3D0HVT  0.011440  
                ND3D1HVT  0.023110  
                ND3D2HVT  0.048390  
                ND3D3HVT  0.072840  
                ND3D4HVT  0.098370  
                ND3D8HVT  0.193300  
                ND4D0HVT  0.008211  
                ND4D1HVT  0.016900  
                ND4D2HVT  0.033590  
                ND4D3HVT  0.051870  
                ND4D4HVT  0.068910  
                ND4D8HVT  0.472800  
                NR2D0HVT  0.011830  
                NR2D1HVT  0.023150  
                NR2D2HVT  0.047920  
                NR2D3HVT  0.070870  
                NR2D4HVT  0.094710  
                NR2D8HVT  0.188600  
               NR2XD0HVT  0.023420  
               NR2XD1HVT  0.047550  
               NR2XD2HVT  0.095200  
               NR2XD3HVT  0.142500  
               NR2XD4HVT  0.191100  
               NR2XD8HVT  0.381900  
                NR3D0HVT  0.014660  
                NR3D1HVT  0.030220  
                NR3D2HVT  0.058740  
                NR3D3HVT  0.091310  
                NR3D4HVT  0.116800  
                NR3D8HVT  0.234600  
                NR4D0HVT  0.010460  
                NR4D1HVT  0.022120  
                NR4D2HVT  0.041900  
                NR4D3HVT  0.065560  
                NR4D4HVT  0.083450  
                NR4D8HVT  0.472800  
              OA211D0HVT  0.029550  
              OA211D1HVT  0.058320  
              OA211D2HVT  0.117100  
              OA211D4HVT  0.232700  
               OA21D0HVT  0.029550  
               OA21D1HVT  0.058910  
               OA21D2HVT  0.117700  
               OA21D4HVT  0.235900  
              OA221D0HVT  0.029550  
              OA221D1HVT  0.058670  
              OA221D2HVT  0.116700  
              OA221D4HVT  0.234500  
              OA222D0HVT  0.029550  
              OA222D1HVT  0.058480  
              OA222D2HVT  0.116300  
              OA222D4HVT  0.232400  
               OA22D0HVT  0.029550  
               OA22D1HVT  0.058010  
               OA22D2HVT  0.116900  
               OA22D4HVT  0.234000  
               OA31D0HVT  0.029550  
               OA31D1HVT  0.058960  
               OA31D2HVT  0.117400  
               OA31D4HVT  0.235700  
               OA32D0HVT  0.029550  
               OA32D1HVT  0.058690  
               OA32D2HVT  0.117400  
               OA32D4HVT  0.235100  
               OA33D0HVT  0.029550  
               OA33D1HVT  0.058620  
               OA33D2HVT  0.117100  
               OA33D4HVT  0.235200  
             OAI211D0HVT  0.011210  
             OAI211D1HVT  0.022500  
             OAI211D2HVT  0.045650  
             OAI211D4HVT  0.090350  
              OAI21D0HVT  0.011620  
              OAI21D1HVT  0.023000  
              OAI21D2HVT  0.045930  
              OAI21D4HVT  0.091760  
             OAI221D0HVT  0.010190  
             OAI221D1HVT  0.021330  
             OAI221D2HVT  0.042620  
             OAI221D4HVT  0.234800  
            OAI221XD4HVT  0.086140  
             OAI222D0HVT  0.009943  
             OAI222D1HVT  0.020220  
             OAI222D2HVT  0.040860  
             OAI222D4HVT  0.236400  
            OAI222XD4HVT  0.082890  
              OAI22D0HVT  0.010730  
              OAI22D1HVT  0.021750  
              OAI22D2HVT  0.044190  
              OAI22D4HVT  0.087620  
              OAI31D0HVT  0.006805  
              OAI31D1HVT  0.014030  
              OAI31D2HVT  0.028450  
              OAI31D4HVT  0.056660  
              OAI32D0HVT  0.006580  
              OAI32D1HVT  0.013580  
              OAI32D2HVT  0.027410  
              OAI32D4HVT  0.235600  
             OAI32XD4HVT  0.054460  
              OAI33D0HVT  0.005955  
              OAI33D1HVT  0.012830  
              OAI33D2HVT  0.025620  
              OAI33D4HVT  0.236400  
             OAI33XD4HVT  0.050450  
                OR2D0HVT  0.029550  
                OR2D1HVT  0.058740  
                OR2D2HVT  0.117600  
                OR2D4HVT  0.235500  
                OR2D8HVT  0.472800  
               OR2XD1HVT  0.059100  
                OR3D0HVT  0.029550  
                OR3D1HVT  0.058900  
                OR3D2HVT  0.117100  
                OR3D4HVT  0.235100  
                OR3D8HVT  0.472000  
               OR3XD1HVT  0.059100  
                OR4D0HVT  0.029550  
                OR4D1HVT  0.058460  
                OR4D2HVT  0.117600  
                OR4D4HVT  0.236400  
                OR4D8HVT  0.472800  
               OR4XD1HVT  0.058780  
              SDFCND0HVT  0.029550  
              SDFCND1HVT  0.059040  
              SDFCND2HVT  0.118200  
              SDFCND4HVT  0.236400  
             SDFCNQD0HVT  0.029550  
             SDFCNQD1HVT  0.058980  
             SDFCNQD2HVT  0.118200  
             SDFCNQD4HVT  0.235900  
             SDFCSND0HVT  0.029550  
             SDFCSND1HVT  0.058640  
             SDFCSND2HVT  0.118200  
             SDFCSND4HVT  0.235000  
            SDFCSNQD0HVT  0.029550  
            SDFCSNQD1HVT  0.058140  
            SDFCSNQD2HVT  0.118200  
            SDFCSNQD4HVT  0.236100  
                SDFD0HVT  0.029550  
                SDFD1HVT  0.059030  
                SDFD2HVT  0.118200  
                SDFD4HVT  0.236400  
             SDFKCND0HVT  0.029550  
             SDFKCND1HVT  0.059090  
             SDFKCND2HVT  0.117900  
             SDFKCND4HVT  0.234800  
            SDFKCNQD0HVT  0.029550  
            SDFKCNQD1HVT  0.058010  
            SDFKCNQD2HVT  0.116400  
            SDFKCNQD4HVT  0.233800  
            SDFKCSND0HVT  0.029550  
            SDFKCSND1HVT  0.059070  
            SDFKCSND2HVT  0.117900  
            SDFKCSND4HVT  0.234900  
           SDFKCSNQD0HVT  0.029550  
           SDFKCSNQD1HVT  0.057670  
           SDFKCSNQD2HVT  0.116300  
           SDFKCSNQD4HVT  0.233400  
             SDFKSND0HVT  0.029550  
             SDFKSND1HVT  0.059100  
             SDFKSND2HVT  0.118200  
             SDFKSND4HVT  0.235300  
            SDFKSNQD0HVT  0.029550  
            SDFKSNQD1HVT  0.058210  
            SDFKSNQD2HVT  0.116700  
            SDFKSNQD4HVT  0.233300  
             SDFNCND0HVT  0.029550  
             SDFNCND1HVT  0.059000  
             SDFNCND2HVT  0.118200  
             SDFNCND4HVT  0.236400  
            SDFNCSND0HVT  0.029550  
            SDFNCSND1HVT  0.058670  
            SDFNCSND2HVT  0.116900  
            SDFNCSND4HVT  0.235100  
               SDFND0HVT  0.029550  
               SDFND1HVT  0.059060  
               SDFND2HVT  0.118200  
               SDFND4HVT  0.236400  
             SDFNSND0HVT  0.029550  
             SDFNSND1HVT  0.058710  
             SDFNSND2HVT  0.118200  
             SDFNSND4HVT  0.236100  
               SDFQD0HVT  0.028260  
               SDFQD1HVT  0.058410  
               SDFQD2HVT  0.118200  
               SDFQD4HVT  0.236400  
              SDFQND0HVT  0.029550  
              SDFQND1HVT  0.058210  
              SDFQND2HVT  0.116800  
              SDFQND4HVT  0.231800  
              SDFSND0HVT  0.029550  
              SDFSND1HVT  0.058680  
              SDFSND2HVT  0.117400  
              SDFSND4HVT  0.236000  
             SDFSNQD0HVT  0.029290  
             SDFSNQD1HVT  0.058590  
             SDFSNQD2HVT  0.118200  
             SDFSNQD4HVT  0.236400  
               SDFXD0HVT  0.029550  
               SDFXD1HVT  0.059100  
               SDFXD2HVT  0.118200  
               SDFXD4HVT  0.236400  
              SDFXQD0HVT  0.029550  
              SDFXQD1HVT  0.058120  
              SDFXQD2HVT  0.116200  
              SDFXQD4HVT  0.236300  
             SEDFCND0HVT  0.029550  
             SEDFCND1HVT  0.058920  
             SEDFCND2HVT  0.118200  
             SEDFCND4HVT  0.234800  
            SEDFCNQD0HVT  0.029550  
            SEDFCNQD1HVT  0.057590  
            SEDFCNQD2HVT  0.117000  
            SEDFCNQD4HVT  0.236400  
               SEDFD0HVT  0.029550  
               SEDFD1HVT  0.058940  
               SEDFD2HVT  0.117800  
               SEDFD4HVT  0.236400  
            SEDFKCND0HVT  0.029550  
            SEDFKCND1HVT  0.058910  
            SEDFKCND2HVT  0.118100  
            SEDFKCND4HVT  0.236400  
           SEDFKCNQD0HVT  0.029550  
           SEDFKCNQD1HVT  0.058720  
           SEDFKCNQD2HVT  0.118200  
           SEDFKCNQD4HVT  0.236400  
              SEDFQD0HVT  0.029550  
              SEDFQD1HVT  0.057970  
              SEDFQD2HVT  0.117300  
              SEDFQD4HVT  0.232900  
             SEDFQND0HVT  0.029550  
             SEDFQND1HVT  0.057800  
             SEDFQND2HVT  0.117300  
             SEDFQND4HVT  0.236400  
            SEDFQNXD0HVT  0.029140  
            SEDFQNXD1HVT  0.058210  
            SEDFQNXD2HVT  0.116900  
            SEDFQNXD4HVT  0.236400  
             SEDFQXD0HVT  0.029550  
             SEDFQXD1HVT  0.058110  
             SEDFQXD2HVT  0.117000  
             SEDFQXD4HVT  0.232700  
              SEDFXD0HVT  0.023250  
              SEDFXD1HVT  0.058570  
              SEDFXD2HVT  0.118200  
              SEDFXD4HVT  0.236400  
                 TIEHHVT  0.033376  
                 TIELHVT  0.033376  
               XNR2D0HVT  0.029550  
               XNR2D1HVT  0.058640  
               XNR2D2HVT  0.116800  
               XNR2D4HVT  0.234100  
               XNR3D0HVT  0.029550  
               XNR3D1HVT  0.058560  
               XNR3D2HVT  0.117200  
               XNR3D4HVT  0.235100  
               XNR4D0HVT  0.029130  
               XNR4D1HVT  0.058020  
               XNR4D2HVT  0.114800  
               XNR4D4HVT  0.219500  
               XOR2D0HVT  0.029550  
               XOR2D1HVT  0.058210  
               XOR2D2HVT  0.116600  
               XOR2D4HVT  0.233600  
               XOR3D0HVT  0.029550  
               XOR3D1HVT  0.058580  
               XOR3D2HVT  0.116100  
               XOR3D4HVT  0.234700  
               XOR4D0HVT  0.029160  
               XOR4D1HVT  0.058180  
               XOR4D2HVT  0.115600  
               XOR4D4HVT  0.222800  
                   AN2D0  0.029550  
                   AN2D1  0.059100  
                   AN2D2  0.118200  
                   AN2D4  0.236400  
                   AN2D8  0.472800  
                  AN2XD1  0.059100  
                   AN3D0  0.029550  
                   AN3D1  0.058490  
                   AN3D2  0.118200  
                   AN3D4  0.236400  
                   AN3D8  0.472800  
                  AN3XD1  0.059100  
                   AN4D0  0.029550  
                   AN4D1  0.058030  
                   AN4D2  0.118200  
                   AN4D4  0.236400  
                   AN4D8  0.472800  
                  AN4XD1  0.058900  
                 AO211D0  0.029550  
                 AO211D1  0.059100  
                 AO211D2  0.118200  
                 AO211D4  0.236400  
                  AO21D0  0.029550  
                  AO21D1  0.059100  
                  AO21D2  0.118200  
                  AO21D4  0.236400  
                 AO221D0  0.029550  
                 AO221D1  0.059100  
                 AO221D2  0.118200  
                 AO221D4  0.236400  
                 AO222D0  0.029550  
                 AO222D1  0.059100  
                 AO222D2  0.118200  
                 AO222D4  0.236400  
                  AO22D0  0.029550  
                  AO22D1  0.058440  
                  AO22D2  0.118200  
                  AO22D4  0.236400  
                  AO31D0  0.029550  
                  AO31D1  0.059100  
                  AO31D2  0.118200  
                  AO31D4  0.236400  
                  AO32D0  0.029550  
                  AO32D1  0.058510  
                  AO32D2  0.117600  
                  AO32D4  0.236400  
                  AO33D0  0.029550  
                  AO33D1  0.059100  
                  AO33D2  0.118200  
                  AO33D4  0.236400  
                AOI211D0  0.008333  
                AOI211D1  0.016200  
                AOI211D2  0.032840  
                AOI211D4  0.064540  
               AOI211XD0  0.016650  
               AOI211XD1  0.034220  
               AOI211XD2  0.067710  
               AOI211XD4  0.135400  
                 AOI21D0  0.013230  
                 AOI21D1  0.025180  
                 AOI21D2  0.050650  
                 AOI21D4  0.101100  
                AOI221D0  0.007936  
                AOI221D1  0.015490  
                AOI221D2  0.030830  
                AOI221D4  0.236400  
               AOI221XD4  0.062680  
                AOI222D0  0.007418  
                AOI222D1  0.015090  
                AOI222D2  0.030500  
                AOI222D4  0.236400  
               AOI222XD4  0.060670  
                 AOI22D0  0.013090  
                 AOI22D1  0.024910  
                 AOI22D2  0.050140  
                 AOI22D4  0.098660  
                 AOI31D0  0.012430  
                 AOI31D1  0.024450  
                 AOI31D2  0.049270  
                 AOI31D4  0.098450  
                 AOI32D0  0.012640  
                 AOI32D1  0.023980  
                 AOI32D2  0.048710  
                 AOI32D4  0.236400  
                AOI32XD4  0.096110  
                 AOI33D0  0.012130  
                 AOI33D1  0.023630  
                 AOI33D2  0.048130  
                 AOI33D4  0.236400  
                AOI33XD4  0.094520  
                  BENCD1  0.058780  
                  BENCD2  0.117400  
                  BENCD4  0.236100  
                     BHD  0.033920  
                   BMLD1  0.058770  
                   BMLD2  0.118200  
                   BMLD4  0.236400  
                  BUFFD0  0.029550  
                  BUFFD1  0.058680  
                 BUFFD12  0.709200  
                 BUFFD16  0.945600  
                  BUFFD2  0.118200  
                 BUFFD20  1.182000  
                 BUFFD24  1.418000  
                  BUFFD3  0.177300  
                  BUFFD4  0.236400  
                  BUFFD6  0.354600  
                  BUFFD8  0.472800  
                  BUFTD0  0.030200  
                  BUFTD1  0.052730  
                 BUFTD12  0.680500  
                 BUFTD16  0.903400  
                  BUFTD2  0.105600  
                 BUFTD20  1.139000  
                 BUFTD24  1.361000  
                  BUFTD3  0.163500  
                  BUFTD4  0.220000  
                  BUFTD6  0.338800  
                  BUFTD8  0.453800  
                 CKAN2D0  0.029550  
                 CKAN2D1  0.058700  
                 CKAN2D2  0.085140  
                 CKAN2D4  0.173700  
                 CKAN2D8  0.370500  
                   CKBD0  0.029550  
                   CKBD1  0.059100  
                  CKBD12  0.709200  
                  CKBD16  0.945600  
                   CKBD2  0.118200  
                  CKBD20  1.182000  
                  CKBD24  1.418000  
                   CKBD3  0.177300  
                   CKBD4  0.236400  
                   CKBD6  0.354600  
                   CKBD8  0.472800  
                 CKLHQD1  0.058760  
                CKLHQD12  0.709200  
                CKLHQD16  0.945600  
                 CKLHQD2  0.118200  
                CKLHQD20  1.182000  
                CKLHQD24  1.418000  
                 CKLHQD3  0.177300  
                 CKLHQD4  0.236400  
                 CKLHQD6  0.354600  
                 CKLHQD8  0.472800  
                 CKLNQD1  0.047510  
                CKLNQD12  0.584400  
                CKLNQD16  0.785800  
                 CKLNQD2  0.096240  
                CKLNQD20  0.984800  
                CKLNQD24  1.176000  
                 CKLNQD3  0.145700  
                 CKLNQD4  0.194000  
                 CKLNQD6  0.295200  
                 CKLNQD8  0.391600  
                CKMUX2D0  0.029550  
                CKMUX2D1  0.059100  
                CKMUX2D2  0.118100  
                CKMUX2D4  0.235000  
                   CKND0  0.027030  
                   CKND1  0.050400  
                  CKND12  0.629800  
                  CKND16  0.834800  
                   CKND2  0.102500  
                  CKND20  1.044000  
                  CKND24  1.262000  
                 CKND2D0  0.020400  
                 CKND2D1  0.038730  
                 CKND2D2  0.077750  
                 CKND2D3  0.118200  
                 CKND2D4  0.158500  
                 CKND2D8  0.297500  
                   CKND3  0.154900  
                   CKND4  0.208000  
                   CKND6  0.312400  
                   CKND8  0.417800  
                CKXOR2D0  0.029550  
                CKXOR2D1  0.059090  
                CKXOR2D2  0.118200  
                CKXOR2D4  0.236400  
                CMPE42D1  0.059100  
                CMPE42D2  0.118200  
                    DEL0  0.057750  
                  DEL005  0.059100  
                   DEL01  0.059100  
                  DEL015  0.059100  
                   DEL02  0.058680  
                    DEL1  0.051220  
                    DEL2  0.054820  
                    DEL3  0.052040  
                    DEL4  0.049920  
                  DFCND1  0.059100  
                  DFCND2  0.118200  
                  DFCND4  0.236400  
                 DFCNQD1  0.059100  
                 DFCNQD2  0.118200  
                 DFCNQD4  0.236400  
                 DFCSND1  0.059100  
                 DFCSND2  0.118200  
                 DFCSND4  0.233600  
                DFCSNQD1  0.059100  
                DFCSNQD2  0.118200  
                DFCSNQD4  0.236400  
                    DFD1  0.059100  
                    DFD2  0.118200  
                    DFD4  0.236400  
                 DFKCND1  0.059100  
                 DFKCND2  0.118200  
                 DFKCND4  0.236400  
                DFKCNQD1  0.059100  
                DFKCNQD2  0.118200  
                DFKCNQD4  0.236400  
                DFKCSND1  0.059100  
                DFKCSND2  0.118200  
                DFKCSND4  0.236400  
                 DFKSND1  0.059100  
                 DFKSND2  0.118200  
                 DFKSND4  0.236400  
                 DFNCND1  0.059100  
                 DFNCND2  0.118200  
                 DFNCND4  0.236400  
                DFNCSND1  0.059100  
                DFNCSND2  0.118200  
                DFNCSND4  0.234900  
                   DFND1  0.059100  
                   DFND2  0.118200  
                   DFND4  0.236400  
                 DFNSND1  0.058660  
                 DFNSND2  0.118200  
                 DFNSND4  0.236400  
                   DFQD1  0.059040  
                   DFQD2  0.118200  
                   DFQD4  0.236400  
                  DFSND1  0.058870  
                  DFSND2  0.118200  
                  DFSND4  0.236400  
                 DFSNQD1  0.059100  
                 DFSNQD2  0.118200  
                 DFSNQD4  0.236400  
                   DFXD1  0.059100  
                   DFXD2  0.118200  
                   DFXD4  0.236400  
                  DFXQD1  0.059100  
                  DFXQD2  0.118200  
                  DFXQD4  0.236400  
                 EDFCND1  0.059100  
                 EDFCND2  0.118200  
                 EDFCND4  0.236400  
                EDFCNQD1  0.058040  
                EDFCNQD2  0.118200  
                EDFCNQD4  0.236400  
                   EDFD1  0.059100  
                   EDFD2  0.118200  
                   EDFD4  0.236400  
                EDFKCND1  0.059100  
                EDFKCND2  0.118200  
                EDFKCND4  0.236400  
               EDFKCNQD1  0.058870  
               EDFKCNQD2  0.118200  
               EDFKCNQD4  0.236400  
                  EDFQD1  0.058880  
                  EDFQD2  0.116600  
                  EDFQD4  0.236400  
                   FA1D0  0.029550  
                   FA1D1  0.059100  
                   FA1D2  0.118200  
                   FA1D4  0.236400  
                FCICIND1  0.058770  
                FCICIND2  0.118200  
                FCICOND1  0.019450  
                FCICOND2  0.118200  
               FCSICIND1  0.058760  
               FCSICIND2  0.058760  
               FCSICOND1  0.058710  
               FCSICOND2  0.058700  
                 FICIND1  0.058690  
                 FICIND2  0.118200  
                 FICOND1  0.058160  
                 FICOND2  0.118200  
                FIICOND1  0.059100  
                FIICOND2  0.118200  
                  GAN2D1  0.059090  
                  GAN2D2  0.118000  
                GAOI21D1  0.033450  
                GAOI21D2  0.049340  
                GAOI22D1  0.024050  
                 GBUFFD1  0.059100  
                 GBUFFD2  0.118200  
                 GBUFFD3  0.177200  
                 GBUFFD4  0.236400  
                 GBUFFD8  0.472800  
                GDFCNQD1  0.059100  
                  GDFQD1  0.059100  
                  GINVD1  0.050920  
                  GINVD2  0.102100  
                  GINVD3  0.153100  
                  GINVD4  0.204500  
                  GINVD8  0.408800  
                 GMUX2D1  0.058960  
                 GMUX2D2  0.117900  
                GMUX2ND1  0.059100  
                GMUX2ND2  0.118200  
                  GND2D1  0.039020  
                  GND2D2  0.077510  
                  GND2D3  0.115900  
                  GND2D4  0.153700  
                  GND3D1  0.031090  
                  GND3D2  0.051650  
                  GNR2D1  0.025740  
                  GNR2D2  0.051400  
                  GNR3D1  0.019860  
                  GNR3D2  0.033100  
                GOAI21D1  0.024690  
                GOAI21D2  0.050030  
                  GOR2D1  0.059100  
                  GOR2D2  0.118200  
               GSDFCNQD1  0.059100  
                   GTIEH  0.033920  
                   GTIEL  0.033920  
                 GXNR2D1  0.058940  
                 GXNR2D2  0.117900  
                 GXOR2D1  0.058990  
                 GXOR2D2  0.117800  
                   HA1D0  0.029550  
                   HA1D1  0.059090  
                   HA1D2  0.118200  
                   HA1D4  0.236400  
               HCOSCIND1  0.058520  
               HCOSCIND2  0.117300  
               HCOSCOND1  0.058520  
               HCOSCOND2  0.116800  
                 HICIND1  0.059100  
                 HICIND2  0.118200  
                 HICOND1  0.059100  
                 HICOND2  0.118200  
                 IAO21D0  0.013900  
                 IAO21D1  0.025890  
                 IAO21D2  0.052660  
                 IAO21D4  0.104700  
                 IAO22D0  0.014270  
                 IAO22D1  0.026680  
                 IAO22D2  0.118200  
                 IAO22D4  0.236400  
                 IIND4D0  0.010320  
                 IIND4D1  0.020460  
                 IIND4D2  0.040710  
                 IIND4D4  0.082030  
                 IINR4D0  0.013130  
                 IINR4D1  0.026880  
                 IINR4D2  0.053150  
                 IINR4D4  0.107600  
                  IND2D0  0.020620  
                  IND2D1  0.039580  
                  IND2D2  0.085830  
                  IND2D4  0.162200  
                  IND3D0  0.013610  
                  IND3D1  0.026630  
                  IND3D2  0.052980  
                  IND3D4  0.108000  
                  IND4D0  0.009962  
                  IND4D1  0.020650  
                  IND4D2  0.039990  
                  IND4D4  0.082470  
                  INR2D0  0.013870  
                  INR2D1  0.025830  
                  INR2D2  0.052610  
                  INR2D4  0.105800  
                 INR2XD0  0.025990  
                 INR2XD1  0.052960  
                 INR2XD2  0.106300  
                 INR2XD4  0.224200  
                  INR3D0  0.017100  
                  INR3D1  0.034980  
                  INR3D2  0.034330  
                  INR3D4  0.068970  
                  INR4D0  0.012370  
                  INR4D1  0.025220  
                  INR4D2  0.048220  
                  INR4D4  0.048610  
                   INVD0  0.026970  
                   INVD1  0.050800  
                  INVD12  0.627800  
                  INVD16  0.839700  
                   INVD2  0.102200  
                  INVD20  1.049000  
                  INVD24  1.261000  
                   INVD3  0.154100  
                   INVD4  0.206000  
                   INVD6  0.312100  
                   INVD8  0.417600  
                 IOA21D0  0.020710  
                 IOA21D1  0.039400  
                 IOA21D2  0.081660  
                 IOA21D4  0.169500  
                 IOA22D0  0.013120  
                 IOA22D1  0.024880  
                 IOA22D2  0.118200  
                 IOA22D4  0.236400  
                  LHCND1  0.059100  
                  LHCND2  0.118200  
                  LHCND4  0.236400  
                 LHCNDD1  0.059100  
                 LHCNDD2  0.118200  
                 LHCNDD4  0.236400  
                LHCNDQD1  0.059100  
                LHCNDQD2  0.118200  
                LHCNDQD4  0.236400  
                 LHCNQD1  0.059100  
                 LHCNQD2  0.118200  
                 LHCNQD4  0.236400  
                 LHCSND1  0.059100  
                 LHCSND2  0.118200  
                 LHCSND4  0.236400  
                LHCSNDD1  0.059010  
                LHCSNDD2  0.118200  
                LHCSNDD4  0.236400  
               LHCSNDQD1  0.059100  
               LHCSNDQD2  0.118200  
               LHCSNDQD4  0.236400  
                LHCSNQD1  0.058790  
                LHCSNQD2  0.118200  
                LHCSNQD4  0.236400  
                    LHD1  0.059100  
                    LHD2  0.118200  
                    LHD4  0.236400  
                   LHQD1  0.058610  
                   LHQD2  0.117800  
                   LHQD4  0.233900  
                  LHSND1  0.059100  
                  LHSND2  0.118200  
                  LHSND4  0.236400  
                 LHSNDD1  0.059100  
                 LHSNDD2  0.118200  
                 LHSNDD4  0.236400  
                LHSNDQD1  0.058870  
                LHSNDQD2  0.118200  
                LHSNDQD4  0.236400  
                 LHSNQD1  0.058850  
                 LHSNQD2  0.118200  
                 LHSNQD4  0.236400  
                  LNCND1  0.059100  
                  LNCND2  0.118200  
                  LNCND4  0.236400  
                 LNCNDD1  0.059100  
                 LNCNDD2  0.118200  
                 LNCNDD4  0.236400  
                LNCNDQD1  0.059030  
                LNCNDQD2  0.118200  
                LNCNDQD4  0.236400  
                 LNCNQD1  0.058790  
                 LNCNQD2  0.118200  
                 LNCNQD4  0.236400  
                 LNCSND1  0.058990  
                 LNCSND2  0.118200  
                 LNCSND4  0.236400  
                LNCSNDD1  0.059050  
                LNCSNDD2  0.118200  
                LNCSNDD4  0.236400  
               LNCSNDQD1  0.059100  
               LNCSNDQD2  0.118200  
               LNCSNDQD4  0.236400  
                LNCSNQD1  0.058690  
                LNCSNQD2  0.118200  
                LNCSNQD4  0.236400  
                    LND1  0.059100  
                    LND2  0.118200  
                    LND4  0.236400  
                   LNQD1  0.058560  
                   LNQD2  0.117400  
                   LNQD4  0.233400  
                  LNSND1  0.059100  
                  LNSND2  0.118200  
                  LNSND4  0.236400  
                 LNSNDD1  0.059100  
                 LNSNDD2  0.118200  
                 LNSNDD4  0.236400  
                LNSNDQD1  0.059010  
                LNSNDQD2  0.118200  
                LNSNDQD4  0.236400  
                 LNSNQD1  0.058850  
                 LNSNQD2  0.118200  
                 LNSNQD4  0.236400  
               MAOI222D0  0.011810  
               MAOI222D1  0.019570  
               MAOI222D2  0.118200  
               MAOI222D4  0.236400  
                MAOI22D0  0.013430  
                MAOI22D1  0.025340  
                MAOI22D2  0.118200  
                MAOI22D4  0.236400  
                MOAI22D0  0.013650  
                MOAI22D1  0.025690  
                MOAI22D2  0.118200  
                MOAI22D4  0.236400  
                  MUX2D0  0.029550  
                  MUX2D1  0.059100  
                  MUX2D2  0.118200  
                  MUX2D4  0.236400  
                 MUX2ND0  0.017110  
                 MUX2ND1  0.058720  
                 MUX2ND2  0.118200  
                 MUX2ND4  0.236400  
                  MUX3D0  0.029550  
                  MUX3D1  0.058630  
                  MUX3D2  0.117400  
                  MUX3D4  0.234100  
                 MUX3ND0  0.010650  
                 MUX3ND1  0.058710  
                 MUX3ND2  0.118200  
                 MUX3ND4  0.236400  
                  MUX4D0  0.029550  
                  MUX4D1  0.058270  
                  MUX4D2  0.117000  
                  MUX4D4  0.231600  
                 MUX4ND0  0.009029  
                 MUX4ND1  0.059100  
                 MUX4ND2  0.118200  
                 MUX4ND4  0.235800  
                   ND2D0  0.020270  
                   ND2D1  0.039030  
                   ND2D2  0.081210  
                   ND2D3  0.122400  
                   ND2D4  0.163800  
                   ND2D8  0.296700  
                   ND3D0  0.013460  
                   ND3D1  0.026460  
                   ND3D2  0.055270  
                   ND3D3  0.083300  
                   ND3D4  0.112300  
                   ND3D8  0.218800  
                   ND4D0  0.009917  
                   ND4D1  0.019720  
                   ND4D2  0.038910  
                   ND4D3  0.059810  
                   ND4D4  0.079460  
                   ND4D8  0.472800  
                   NR2D0  0.013710  
                   NR2D1  0.025760  
                   NR2D2  0.053380  
                   NR2D3  0.079000  
                   NR2D4  0.105800  
                   NR2D8  0.209900  
                  NR2XD0  0.025950  
                  NR2XD1  0.052710  
                  NR2XD2  0.105700  
                  NR2XD3  0.158200  
                  NR2XD4  0.212200  
                  NR2XD8  0.424800  
                   NR3D0  0.017040  
                   NR3D1  0.035020  
                   NR3D2  0.067650  
                   NR3D3  0.104700  
                   NR3D4  0.133500  
                   NR3D8  0.268200  
                   NR4D0  0.012340  
                   NR4D1  0.025930  
                   NR4D2  0.048650  
                   NR4D3  0.076650  
                   NR4D4  0.096600  
                   NR4D8  0.472800  
                 OA211D0  0.029550  
                 OA211D1  0.059070  
                 OA211D2  0.118200  
                 OA211D4  0.236200  
                  OA21D0  0.029550  
                  OA21D1  0.059100  
                  OA21D2  0.118200  
                  OA21D4  0.236400  
                 OA221D0  0.029550  
                 OA221D1  0.059100  
                 OA221D2  0.118200  
                 OA221D4  0.236400  
                 OA222D0  0.029550  
                 OA222D1  0.059100  
                 OA222D2  0.118200  
                 OA222D4  0.235900  
                  OA22D0  0.029550  
                  OA22D1  0.058500  
                  OA22D2  0.118200  
                  OA22D4  0.236400  
                  OA31D0  0.029550  
                  OA31D1  0.059100  
                  OA31D2  0.118200  
                  OA31D4  0.236400  
                  OA32D0  0.029550  
                  OA32D1  0.059100  
                  OA32D2  0.118200  
                  OA32D4  0.236400  
                  OA33D0  0.029550  
                  OA33D1  0.059100  
                  OA33D2  0.118200  
                  OA33D4  0.236400  
                OAI211D0  0.013160  
                OAI211D1  0.025200  
                OAI211D2  0.051120  
                OAI211D4  0.100900  
                 OAI21D0  0.013570  
                 OAI21D1  0.025630  
                 OAI21D2  0.051340  
                 OAI21D4  0.102000  
                OAI221D0  0.012030  
                OAI221D1  0.023430  
                OAI221D2  0.047050  
                OAI221D4  0.236400  
               OAI221XD4  0.093480  
                OAI222D0  0.011260  
                OAI222D1  0.021820  
                OAI222D2  0.044360  
                OAI222D4  0.236400  
               OAI222XD4  0.087790  
                 OAI22D0  0.012320  
                 OAI22D1  0.023900  
                 OAI22D2  0.048500  
                 OAI22D4  0.094980  
                 OAI31D0  0.008495  
                 OAI31D1  0.016530  
                 OAI31D2  0.033480  
                 OAI31D4  0.066410  
                 OAI32D0  0.008116  
                 OAI32D1  0.015810  
                 OAI32D2  0.031920  
                 OAI32D4  0.236400  
                OAI32XD4  0.063100  
                 OAI33D0  0.006987  
                 OAI33D1  0.014230  
                 OAI33D2  0.028450  
                 OAI33D4  0.236400  
                OAI33XD4  0.055080  
                   OR2D0  0.029550  
                   OR2D1  0.059100  
                   OR2D2  0.118200  
                   OR2D4  0.236400  
                   OR2D8  0.472800  
                  OR2XD1  0.059100  
                   OR3D0  0.029550  
                   OR3D1  0.059100  
                   OR3D2  0.118200  
                   OR3D4  0.236400  
                   OR3D8  0.472800  
                  OR3XD1  0.059100  
                   OR4D0  0.029550  
                   OR4D1  0.059100  
                   OR4D2  0.118200  
                   OR4D4  0.236400  
                   OR4D8  0.472800  
                  OR4XD1  0.059100  
                 SDFCND0  0.029550  
                 SDFCND1  0.059100  
                 SDFCND2  0.118200  
                 SDFCND4  0.236400  
                SDFCNQD0  0.029550  
                SDFCNQD1  0.059100  
                SDFCNQD2  0.118200  
                SDFCNQD4  0.236400  
                SDFCSND0  0.029550  
                SDFCSND1  0.059100  
                SDFCSND2  0.118200  
                SDFCSND4  0.236400  
               SDFCSNQD0  0.029550  
               SDFCSNQD1  0.058500  
               SDFCSNQD2  0.118200  
               SDFCSNQD4  0.236400  
                   SDFD0  0.029550  
                   SDFD1  0.059100  
                   SDFD2  0.118200  
                   SDFD4  0.236400  
                SDFKCND0  0.029550  
                SDFKCND1  0.059100  
                SDFKCND2  0.118200  
                SDFKCND4  0.236400  
               SDFKCNQD0  0.029550  
               SDFKCNQD1  0.058490  
               SDFKCNQD2  0.117500  
               SDFKCNQD4  0.236400  
               SDFKCSND0  0.029550  
               SDFKCSND1  0.059100  
               SDFKCSND2  0.118200  
               SDFKCSND4  0.236400  
              SDFKCSNQD0  0.029550  
              SDFKCSNQD1  0.058200  
              SDFKCSNQD2  0.117600  
              SDFKCSNQD4  0.236400  
                SDFKSND0  0.029550  
                SDFKSND1  0.059100  
                SDFKSND2  0.118200  
                SDFKSND4  0.236400  
               SDFKSNQD0  0.029550  
               SDFKSNQD1  0.058710  
               SDFKSNQD2  0.118200  
               SDFKSNQD4  0.236400  
                SDFNCND0  0.029550  
                SDFNCND1  0.059100  
                SDFNCND2  0.118200  
                SDFNCND4  0.236400  
               SDFNCSND0  0.029550  
               SDFNCSND1  0.059100  
               SDFNCSND2  0.118200  
               SDFNCSND4  0.236400  
                  SDFND0  0.029550  
                  SDFND1  0.059100  
                  SDFND2  0.118200  
                  SDFND4  0.236400  
                SDFNSND0  0.029550  
                SDFNSND1  0.059100  
                SDFNSND2  0.118200  
                SDFNSND4  0.236400  
                  SDFQD0  0.029270  
                  SDFQD1  0.058810  
                  SDFQD2  0.118200  
                  SDFQD4  0.236400  
                 SDFQND0  0.029550  
                 SDFQND1  0.058640  
                 SDFQND2  0.118000  
                 SDFQND4  0.235700  
                 SDFSND0  0.029550  
                 SDFSND1  0.059100  
                 SDFSND2  0.118200  
                 SDFSND4  0.236400  
                SDFSNQD0  0.029550  
                SDFSNQD1  0.058970  
                SDFSNQD2  0.118200  
                SDFSNQD4  0.236400  
                  SDFXD0  0.029550  
                  SDFXD1  0.059100  
                  SDFXD2  0.118200  
                  SDFXD4  0.236400  
                 SDFXQD0  0.029550  
                 SDFXQD1  0.058640  
                 SDFXQD2  0.117600  
                 SDFXQD4  0.236400  
                SEDFCND0  0.029550  
                SEDFCND1  0.059100  
                SEDFCND2  0.118200  
                SEDFCND4  0.236400  
               SEDFCNQD0  0.029550  
               SEDFCNQD1  0.058040  
               SEDFCNQD2  0.118200  
               SEDFCNQD4  0.236400  
                  SEDFD0  0.029550  
                  SEDFD1  0.059100  
                  SEDFD2  0.118200  
                  SEDFD4  0.236400  
               SEDFKCND0  0.029550  
               SEDFKCND1  0.059100  
               SEDFKCND2  0.118200  
               SEDFKCND4  0.236400  
              SEDFKCNQD0  0.029550  
              SEDFKCNQD1  0.059100  
              SEDFKCNQD2  0.118200  
              SEDFKCNQD4  0.236400  
                 SEDFQD0  0.029550  
                 SEDFQD1  0.058290  
                 SEDFQD2  0.118200  
                 SEDFQD4  0.236400  
                SEDFQND0  0.029550  
                SEDFQND1  0.058060  
                SEDFQND2  0.118200  
                SEDFQND4  0.236400  
               SEDFQNXD0  0.029550  
               SEDFQNXD1  0.058790  
               SEDFQNXD2  0.118000  
               SEDFQNXD4  0.236400  
                SEDFQXD0  0.029550  
                SEDFQXD1  0.058560  
                SEDFQXD2  0.118200  
                SEDFQXD4  0.236400  
                 SEDFXD0  0.024210  
                 SEDFXD1  0.059100  
                 SEDFXD2  0.118200  
                 SEDFXD4  0.236400  
                    TIEH  0.033920  
                    TIEL  0.033920  
                  XNR2D0  0.029550  
                  XNR2D1  0.059100  
                  XNR2D2  0.118200  
                  XNR2D4  0.236400  
                  XNR3D0  0.029550  
                  XNR3D1  0.059100  
                  XNR3D2  0.118200  
                  XNR3D4  0.236400  
                  XNR4D0  0.029550  
                  XNR4D1  0.058810  
                  XNR4D2  0.116800  
                  XNR4D4  0.225700  
                  XOR2D0  0.029550  
                  XOR2D1  0.058960  
                  XOR2D2  0.118100  
                  XOR2D4  0.236400  
                  XOR3D0  0.029550  
                  XOR3D1  0.059100  
                  XOR3D2  0.117900  
                  XOR3D4  0.236400  
                  XOR4D0  0.029550  
                  XOR4D1  0.058930  
                  XOR4D2  0.117700  
                  XOR4D4  0.228400  2388  
# Cells in .lib with max_fanout: 0  
SDC max_cap: N/A  
SDC max_tran: N/A  
SDC max_fanout: N/A  
Default Ext. Scale Factor: 1.000  
Detail Ext. Scale Factor: 1.000  

==============================
Floorplan/Placement Information
==============================
Total area of Standard cells: 384886.800 um^2  
Total area of Standard cells(Subtracting Physical Cells): 149275.440 um^2  
Total area of Macros: 0.000 um^2  
Total area of Blockages: 0.000 um^2  
Total area of Pad cells: 410400.000 um^2  
Total area of Core: 385016.000 um^2  
Total area of Chip: 950000.000 um^2  
Effective Utilization: 1.0000e+00  
Number of Cell Rows: 331  
% Pure Gate Density #1 (Subtracting BLOCKAGES): 99.966%  
% Pure Gate Density #2 (Subtracting BLOCKAGES and Physical Cells): 38.771%  
% Pure Gate Density #3 (Subtracting MACROS): 99.966%  
% Pure Gate Density #4 (Subtracting MACROS and Physical Cells): 38.771%  
% Pure Gate Density #5 (Subtracting MACROS and BLOCKAGES): 99.966%  
% Pure Gate Density #6 (Subtracting MACROS and BLOCKAGES for insts are not placed): 38.771%  
% Core Density (Counting Std Cells and MACROs): 99.966%  
% Core Density #2(Subtracting Physical Cells): 38.771%  
% Chip Density (Counting Std Cells and MACROs and IOs): 83.714%  
% Chip Density #2(Subtracting Physical Cells): 58.913%  
# Macros within 5 sites of IO pad: No  
Macro halo defined?: No  

==============================
Wire Length Distribution
==============================
Total M1 wire length: 28600.3300 um  
Total M2 wire length: 256067.4050 um  
Total M3 wire length: 289881.5200 um  
Total M4 wire length: 153332.8000 um  
Total M5 wire length: 86430.4000 um  
Total M6 wire length: 18966.4000 um  
Total M7 wire length: 9759.8400 um  
Total M8 wire length: 0.0000 um  
Total M9 wire length: 0.0000 um  
Total AP wire length: 0.0000 um  
Total wire length: 843038.6950 um  
Average wire length/net: 19.3784 um  
Area of Power Net Distribution: 
    ------------------------------
    Area of Power Net Distribution
    ------------------------------
    Layer Name  Area of Power Net  Routable Area  Percentage  
    M1  40124.9280  385016.0000  10.4216%  
    M2  157.4400  385016.0000  0.0409%  
    M3  0.0000  385016.0000  0.0000%  
    M4  0.0000  385016.0000  0.0000%  
    M5  0.0000  385016.0000  0.0000%  
    M6  54360.0000  385016.0000  14.1189%  
    M7  51072.0000  385016.0000  13.2649%  
    M8  0.0000  385016.0000  0.0000%  
    M9  0.0000  385016.0000  0.0000%  
    AP  0.0000  385016.0000  0.0000%  For more information click here  
