Information: Checking out the license 'DesignWare'. (SEC-104)
Information: Changed wire load model for 'fir20_q16_fromx_WL16_FL12_NTAPS10' from '(none)' to 'ZeroWireload'. (OPT-170)
Information: Changed wire load model for 'fir20_q16_fromx_WL16_FL12_NTAPS10' from '(none)' to 'ZeroWireload'. (OPT-170)
Information: Changed wire load model for 'sample_shift_ntaps_Q_WL16_NTAPS10' from '(none)' to 'ZeroWireload'. (OPT-170)
Information: Changed wire load model for 'sample_shift_ntaps_I_WL16_NTAPS10' from '(none)' to 'ZeroWireload'. (OPT-170)
Information: Changed wire load model for 'minaj2_window_latch_WL16' from '(none)' to 'ZeroWireload'. (OPT-170)
Information: Changed wire load model for 'minaj2_window_latch_WL16' from '(none)' to 'ZeroWireload'. (OPT-170)
Information: Changed wire load model for 'minaj2_interp_3samp_internalSlope' from '(none)' to 'ZeroWireload'. (OPT-170)
Information: Changed wire load model for 'minaj2_interp_3samp_internalSlope' from '(none)' to 'ZeroWireload'. (OPT-170)
Information: Changed wire load model for 'word_history3_WL16' from '(none)' to 'ZeroWireload'. (OPT-170)
Information: Changed wire load model for 'word_history3_WL16' from '(none)' to 'ZeroWireload'. (OPT-170)
Information: Changed wire load model for 'spi_q_slave_W16' from '(none)' to 'ZeroWireload'. (OPT-170)
Information: Changed wire load model for 'spi_i_master_W16' from '(none)' to 'ZeroWireload'. (OPT-170)
Information: Changed wire load model for 'spi_cfg4_nomode' from '(none)' to 'ZeroWireload'. (OPT-170)
Module: DW01_inc_width4, Ports: 8, Input: 4, Output: 4, Inout: 0
Module: DW01_inc_width4, Registers: 0, Async set/reset: 0, Sync set/reset: 0
Module: DW01_inc_width2, Ports: 4, Input: 2, Output: 2, Inout: 0
Module: DW01_inc_width2, Registers: 0, Async set/reset: 0, Sync set/reset: 0
Module: DW01_cmp6_width4, Ports: 15, Input: 9, Output: 6, Inout: 0
Module: DW01_cmp6_width4, Registers: 0, Async set/reset: 0, Sync set/reset: 0
Module: DW01_dec_width5, Ports: 10, Input: 5, Output: 5, Inout: 0
Module: DW01_dec_width5, Registers: 0, Async set/reset: 0, Sync set/reset: 0
Module: DW01_cmp6_width32, Ports: 71, Input: 65, Output: 6, Inout: 0
Module: DW01_cmp6_width32, Registers: 0, Async set/reset: 0, Sync set/reset: 0
Module: DW01_add_width20, Ports: 62, Input: 41, Output: 21, Inout: 0
Module: DW01_add_width20, Registers: 0, Async set/reset: 0, Sync set/reset: 0
Module: DW01_add_width21, Ports: 65, Input: 43, Output: 22, Inout: 0
Module: DW01_add_width21, Registers: 0, Async set/reset: 0, Sync set/reset: 0
Module: DW01_add_width18, Ports: 56, Input: 37, Output: 19, Inout: 0
Module: DW01_add_width18, Registers: 0, Async set/reset: 0, Sync set/reset: 0
Module: DW01_sub_width22, Ports: 68, Input: 45, Output: 23, Inout: 0
Module: DW01_sub_width22, Registers: 0, Async set/reset: 0, Sync set/reset: 0
Information: Changed wire load model for 'alt1' from '(none)' to 'ZeroWireload'. (OPT-170)
Information: Changed wire load model for 'apparch' from '(none)' to 'ZeroWireload'. (OPT-170)
Module: DW01_add_width35, Ports: 107, Input: 71, Output: 36, Inout: 0
Module: DW01_add_width35, Registers: 0, Async set/reset: 0, Sync set/reset: 0
Module: DW01_cmp2_width21, Ports: 46, Input: 44, Output: 2, Inout: 0
Module: DW01_cmp2_width21, Registers: 0, Async set/reset: 0, Sync set/reset: 0
Module: DW01_sub_width17, Ports: 53, Input: 35, Output: 18, Inout: 0
Module: DW01_sub_width17, Registers: 0, Async set/reset: 0, Sync set/reset: 0
Module: DW01_sub_width18, Ports: 56, Input: 37, Output: 19, Inout: 0
Module: DW01_sub_width18, Registers: 0, Async set/reset: 0, Sync set/reset: 0
Module: DW01_add_width17, Ports: 53, Input: 35, Output: 18, Inout: 0
Module: DW01_add_width17, Registers: 0, Async set/reset: 0, Sync set/reset: 0
Module: DW01_inc_width19, Ports: 38, Input: 19, Output: 19, Inout: 0
Module: DW01_inc_width19, Registers: 0, Async set/reset: 0, Sync set/reset: 0
Module: DW01_inc_width18, Ports: 36, Input: 18, Output: 18, Inout: 0
Module: DW01_inc_width18, Registers: 0, Async set/reset: 0, Sync set/reset: 0
Module: DW01_inc_width17, Ports: 34, Input: 17, Output: 17, Inout: 0
Module: DW01_inc_width17, Registers: 0, Async set/reset: 0, Sync set/reset: 0
Module: DW01_add_width16, Ports: 50, Input: 33, Output: 17, Inout: 0
Module: DW01_add_width16, Registers: 0, Async set/reset: 0, Sync set/reset: 0
Information: Changed wire load model for 'alt1' from '(none)' to 'ZeroWireload'. (OPT-170)
Information: Changed wire load model for 'apparch' from '(none)' to 'ZeroWireload'. (OPT-170)
Module: DW01_add_width34, Ports: 104, Input: 69, Output: 35, Inout: 0
Module: DW01_add_width34, Registers: 0, Async set/reset: 0, Sync set/reset: 0
Information: Changed wire load model for 'alt1' from '(none)' to 'ZeroWireload'. (OPT-170)
Information: Changed wire load model for 'apparch' from '(none)' to 'ZeroWireload'. (OPT-170)
Module: DW01_add_width36, Ports: 110, Input: 73, Output: 37, Inout: 0
Module: DW01_add_width36, Registers: 0, Async set/reset: 0, Sync set/reset: 0
Module: DW01_add_width22, Ports: 68, Input: 45, Output: 23, Inout: 0
Module: DW01_add_width22, Registers: 0, Async set/reset: 0, Sync set/reset: 0
Information: Changed wire load model for 'alt1' from '(none)' to 'ZeroWireload'. (OPT-170)
Information: Changed wire load model for 'apparch' from '(none)' to 'ZeroWireload'. (OPT-170)
Module: DW01_add_width31, Ports: 95, Input: 63, Output: 32, Inout: 0
Module: DW01_add_width31, Registers: 0, Async set/reset: 0, Sync set/reset: 0
Information: Changed wire load model for 'alt1' from '(none)' to 'ZeroWireload'. (OPT-170)
Information: Changed wire load model for 'apparch' from '(none)' to 'ZeroWireload'. (OPT-170)
Information: Changed wire load model for 'alt1' from '(none)' to 'ZeroWireload'. (OPT-170)
Information: Changed wire load model for 'apparch' from '(none)' to 'ZeroWireload'. (OPT-170)
Information: Changed wire load model for 'alt1' from '(none)' to 'ZeroWireload'. (OPT-170)
Information: Changed wire load model for 'apparch' from '(none)' to 'ZeroWireload'. (OPT-170)
Module: DW01_add_width19, Ports: 59, Input: 39, Output: 20, Inout: 0
Module: DW01_add_width19, Registers: 0, Async set/reset: 0, Sync set/reset: 0
Information: Changed wire load model for 'alt1' from '(none)' to 'ZeroWireload'. (OPT-170)
Information: Changed wire load model for 'apparch' from '(none)' to 'ZeroWireload'. (OPT-170)
Module: DW01_add_width33, Ports: 101, Input: 67, Output: 34, Inout: 0
Module: DW01_add_width33, Registers: 0, Async set/reset: 0, Sync set/reset: 0
Information: Changed wire load model for 'alt1' from '(none)' to 'ZeroWireload'. (OPT-170)
Information: Changed wire load model for 'apparch' from '(none)' to 'ZeroWireload'. (OPT-170)
Information: Changed wire load model for 'alt1' from '(none)' to 'ZeroWireload'. (OPT-170)
Information: Changed wire load model for 'apparch' from '(none)' to 'ZeroWireload'. (OPT-170)
Module: DW01_dec_width4, Ports: 8, Input: 4, Output: 4, Inout: 0
Module: DW01_dec_width4, Registers: 0, Async set/reset: 0, Sync set/reset: 0
Module: DW01_cmp2_width32, Ports: 68, Input: 66, Output: 2, Inout: 0
Module: DW01_cmp2_width32, Registers: 0, Async set/reset: 0, Sync set/reset: 0
Module: DW01_inc_width3, Ports: 6, Input: 3, Output: 3, Inout: 0
Module: DW01_inc_width3, Registers: 0, Async set/reset: 0, Sync set/reset: 0
Information: Changed wire load model for 'alt1' from '(none)' to 'ZeroWireload'. (OPT-170)
Information: Changed wire load model for 'apparch' from '(none)' to 'ZeroWireload'. (OPT-170)
Module: DW01_add_width37, Ports: 113, Input: 75, Output: 38, Inout: 0
Module: DW01_add_width37, Registers: 0, Async set/reset: 0, Sync set/reset: 0
Module: DW01_add_width38, Ports: 116, Input: 77, Output: 39, Inout: 0
Module: DW01_add_width38, Registers: 0, Async set/reset: 0, Sync set/reset: 0
Module: DW01_add_width39, Ports: 119, Input: 79, Output: 40, Inout: 0
Module: DW01_add_width39, Registers: 0, Async set/reset: 0, Sync set/reset: 0
Module: DW01_add_width40, Ports: 122, Input: 81, Output: 41, Inout: 0
Module: DW01_add_width40, Registers: 0, Async set/reset: 0, Sync set/reset: 0
Module: DW01_add_width41, Ports: 125, Input: 83, Output: 42, Inout: 0
Module: DW01_add_width41, Registers: 0, Async set/reset: 0, Sync set/reset: 0
Module: DW01_cmp2_width29, Ports: 62, Input: 60, Output: 2, Inout: 0
Module: DW01_cmp2_width29, Registers: 0, Async set/reset: 0, Sync set/reset: 0
Information: Changed wire load model for 'DW01_inc_width4' from '(none)' to 'ZeroWireload'. (OPT-170)
Information: Changed wire load model for '*ADD_UNS_OP_4_1_4' from '(none)' to 'ZeroWireload'. (OPT-170)
Information: Changed wire load model for 'DW01_inc_width4' from '(none)' to 'ZeroWireload'. (OPT-170)
Information: Changed wire load model for '*ADD_UNS_OP_4_1_4' from '(none)' to 'ZeroWireload'. (OPT-170)
Information: Changed wire load model for 'DW01_add_width41' from '(none)' to 'ZeroWireload'. (OPT-170)
Information: Changed wire load model for '*ADD_TC_OP_40_32_41' from '(none)' to 'ZeroWireload'. (OPT-170)
Information: Changed wire load model for 'DW01_add_width40' from '(none)' to 'ZeroWireload'. (OPT-170)
Information: Changed wire load model for '*ADD_TC_OP_39_32_40' from '(none)' to 'ZeroWireload'. (OPT-170)
Information: Changed wire load model for 'DW01_add_width39' from '(none)' to 'ZeroWireload'. (OPT-170)
Information: Changed wire load model for '*ADD_TC_OP_38_32_39' from '(none)' to 'ZeroWireload'. (OPT-170)
Information: Changed wire load model for 'DW01_add_width38' from '(none)' to 'ZeroWireload'. (OPT-170)
Information: Changed wire load model for '*ADD_TC_OP_37_32_38' from '(none)' to 'ZeroWireload'. (OPT-170)
Information: Changed wire load model for 'DW01_add_width37' from '(none)' to 'ZeroWireload'. (OPT-170)
Information: Changed wire load model for '*ADD_TC_OP_36_32_37' from '(none)' to 'ZeroWireload'. (OPT-170)
Information: Changed wire load model for 'DW01_add_width36' from '(none)' to 'ZeroWireload'. (OPT-170)
Information: Changed wire load model for '*ADD_TC_OP_35_32_36' from '(none)' to 'ZeroWireload'. (OPT-170)
Information: Changed wire load model for 'DW01_add_width35' from '(none)' to 'ZeroWireload'. (OPT-170)
Information: Changed wire load model for '*ADD_TC_OP_34_32_35' from '(none)' to 'ZeroWireload'. (OPT-170)
Information: Changed wire load model for 'DW01_add_width34' from '(none)' to 'ZeroWireload'. (OPT-170)
Information: Changed wire load model for '*ADD_TC_OP_33_32_34' from '(none)' to 'ZeroWireload'. (OPT-170)
Information: Changed wire load model for 'DW01_add_width33' from '(none)' to 'ZeroWireload'. (OPT-170)
Information: Changed wire load model for '*ADD_TC_OP_32_32_33' from '(none)' to 'ZeroWireload'. (OPT-170)
Information: Changed wire load model for 'DW02_mult' from '(none)' to 'ZeroWireload'. (OPT-170)
Information: Changed wire load model for '*MULT_TC_OP_16_16_32' from '(none)' to 'ZeroWireload'. (OPT-170)
Information: Changed wire load model for 'DW02_mult' from '(none)' to 'ZeroWireload'. (OPT-170)
Information: Changed wire load model for '*MULT_TC_OP_16_16_32' from '(none)' to 'ZeroWireload'. (OPT-170)
Information: Changed wire load model for 'DW02_mult' from '(none)' to 'ZeroWireload'. (OPT-170)
Information: Changed wire load model for '*MULT_TC_OP_16_16_32' from '(none)' to 'ZeroWireload'. (OPT-170)
Information: Changed wire load model for 'DW02_mult' from '(none)' to 'ZeroWireload'. (OPT-170)
Information: Changed wire load model for '*MULT_TC_OP_16_16_32' from '(none)' to 'ZeroWireload'. (OPT-170)
Information: Changed wire load model for 'DW02_mult' from '(none)' to 'ZeroWireload'. (OPT-170)
Information: Changed wire load model for '*MULT_TC_OP_16_16_32' from '(none)' to 'ZeroWireload'. (OPT-170)
Information: Changed wire load model for 'DW02_mult' from '(none)' to 'ZeroWireload'. (OPT-170)
Information: Changed wire load model for '*MULT_TC_OP_16_16_32' from '(none)' to 'ZeroWireload'. (OPT-170)
Information: Changed wire load model for 'DW02_mult' from '(none)' to 'ZeroWireload'. (OPT-170)
Information: Changed wire load model for '*MULT_TC_OP_16_16_32' from '(none)' to 'ZeroWireload'. (OPT-170)
Information: Changed wire load model for 'DW02_mult' from '(none)' to 'ZeroWireload'. (OPT-170)
Information: Changed wire load model for '*MULT_TC_OP_16_16_32' from '(none)' to 'ZeroWireload'. (OPT-170)
Information: Changed wire load model for 'DW02_mult' from '(none)' to 'ZeroWireload'. (OPT-170)
Information: Changed wire load model for '*MULT_TC_OP_16_16_32' from '(none)' to 'ZeroWireload'. (OPT-170)
Information: Changed wire load model for 'DW02_mult' from '(none)' to 'ZeroWireload'. (OPT-170)
Information: Changed wire load model for '*MULT_TC_OP_16_16_32' from '(none)' to 'ZeroWireload'. (OPT-170)
Information: Changed wire load model for 'DW01_cmp2_width29' from '(none)' to 'ZeroWireload'. (OPT-170)
Information: Changed wire load model for '*LT_TC_OP_29_16_1' from '(none)' to 'ZeroWireload'. (OPT-170)
Information: Changed wire load model for 'DW01_cmp2_width29' from '(none)' to 'ZeroWireload'. (OPT-170)
Information: Changed wire load model for '*GT_TC_OP_29_16_1' from '(none)' to 'ZeroWireload'. (OPT-170)
Information: Changed wire load model for 'DW01_inc_width4' from '(none)' to 'ZeroWireload'. (OPT-170)
Information: Changed wire load model for '*ADD_UNS_OP_4_1_4' from '(none)' to 'ZeroWireload'. (OPT-170)
Information: Changed wire load model for 'DW01_add_width41' from '(none)' to 'ZeroWireload'. (OPT-170)
Information: Changed wire load model for '*ADD_TC_OP_40_32_41' from '(none)' to 'ZeroWireload'. (OPT-170)
Information: Changed wire load model for 'DW01_add_width40' from '(none)' to 'ZeroWireload'. (OPT-170)
Information: Changed wire load model for '*ADD_TC_OP_39_32_40' from '(none)' to 'ZeroWireload'. (OPT-170)
Information: Changed wire load model for 'DW01_add_width39' from '(none)' to 'ZeroWireload'. (OPT-170)
Information: Changed wire load model for '*ADD_TC_OP_38_32_39' from '(none)' to 'ZeroWireload'. (OPT-170)
Information: Changed wire load model for 'DW01_add_width38' from '(none)' to 'ZeroWireload'. (OPT-170)
Information: Changed wire load model for '*ADD_TC_OP_37_32_38' from '(none)' to 'ZeroWireload'. (OPT-170)
Information: Changed wire load model for 'DW01_add_width37' from '(none)' to 'ZeroWireload'. (OPT-170)
Information: Changed wire load model for '*ADD_TC_OP_36_32_37' from '(none)' to 'ZeroWireload'. (OPT-170)
Information: Changed wire load model for 'DW01_add_width36' from '(none)' to 'ZeroWireload'. (OPT-170)
Information: Changed wire load model for '*ADD_TC_OP_35_32_36' from '(none)' to 'ZeroWireload'. (OPT-170)
Information: Changed wire load model for 'DW01_add_width35' from '(none)' to 'ZeroWireload'. (OPT-170)
Information: Changed wire load model for '*ADD_TC_OP_34_32_35' from '(none)' to 'ZeroWireload'. (OPT-170)
Information: Changed wire load model for 'DW01_add_width34' from '(none)' to 'ZeroWireload'. (OPT-170)
Information: Changed wire load model for '*ADD_TC_OP_33_32_34' from '(none)' to 'ZeroWireload'. (OPT-170)
Information: Changed wire load model for 'DW01_add_width33' from '(none)' to 'ZeroWireload'. (OPT-170)
Information: Changed wire load model for '*ADD_TC_OP_32_32_33' from '(none)' to 'ZeroWireload'. (OPT-170)
Information: Changed wire load model for 'DW02_mult' from '(none)' to 'ZeroWireload'. (OPT-170)
Information: Changed wire load model for '*MULT_TC_OP_16_16_32' from '(none)' to 'ZeroWireload'. (OPT-170)
Information: Changed wire load model for 'DW02_mult' from '(none)' to 'ZeroWireload'. (OPT-170)
Information: Changed wire load model for '*MULT_TC_OP_16_16_32' from '(none)' to 'ZeroWireload'. (OPT-170)
Information: Changed wire load model for 'DW02_mult' from '(none)' to 'ZeroWireload'. (OPT-170)
Information: Changed wire load model for '*MULT_TC_OP_16_16_32' from '(none)' to 'ZeroWireload'. (OPT-170)
Information: Changed wire load model for 'DW02_mult' from '(none)' to 'ZeroWireload'. (OPT-170)
Information: Changed wire load model for '*MULT_TC_OP_16_16_32' from '(none)' to 'ZeroWireload'. (OPT-170)
Information: Changed wire load model for 'DW02_mult' from '(none)' to 'ZeroWireload'. (OPT-170)
Information: Changed wire load model for '*MULT_TC_OP_16_16_32' from '(none)' to 'ZeroWireload'. (OPT-170)
Information: Changed wire load model for 'DW02_mult' from '(none)' to 'ZeroWireload'. (OPT-170)
Information: Changed wire load model for '*MULT_TC_OP_16_16_32' from '(none)' to 'ZeroWireload'. (OPT-170)
Information: Changed wire load model for 'DW02_mult' from '(none)' to 'ZeroWireload'. (OPT-170)
Information: Changed wire load model for '*MULT_TC_OP_16_16_32' from '(none)' to 'ZeroWireload'. (OPT-170)
Information: Changed wire load model for 'DW02_mult' from '(none)' to 'ZeroWireload'. (OPT-170)
Information: Changed wire load model for '*MULT_TC_OP_16_16_32' from '(none)' to 'ZeroWireload'. (OPT-170)
Information: Changed wire load model for 'DW02_mult' from '(none)' to 'ZeroWireload'. (OPT-170)
Information: Changed wire load model for '*MULT_TC_OP_16_16_32' from '(none)' to 'ZeroWireload'. (OPT-170)
Information: Changed wire load model for 'DW02_mult' from '(none)' to 'ZeroWireload'. (OPT-170)
Information: Changed wire load model for '*MULT_TC_OP_16_16_32' from '(none)' to 'ZeroWireload'. (OPT-170)
Information: Changed wire load model for 'DW01_cmp2_width29' from '(none)' to 'ZeroWireload'. (OPT-170)
Information: Changed wire load model for '*LT_TC_OP_29_16_1' from '(none)' to 'ZeroWireload'. (OPT-170)
Information: Changed wire load model for 'DW01_cmp2_width29' from '(none)' to 'ZeroWireload'. (OPT-170)
Information: Changed wire load model for '*GT_TC_OP_29_16_1' from '(none)' to 'ZeroWireload'. (OPT-170)
Information: Changed wire load model for 'DW01_inc_width3' from '(none)' to 'ZeroWireload'. (OPT-170)
Information: Changed wire load model for '*ADD_UNS_OP_3_1_3' from '(none)' to 'ZeroWireload'. (OPT-170)
Information: Changed wire load model for 'DW01_dec_width4' from '(none)' to 'ZeroWireload'. (OPT-170)
Information: Changed wire load model for '*SUB_UNS_OP_3_1_4' from '(none)' to 'ZeroWireload'. (OPT-170)
Information: Changed wire load model for 'DW01_cmp2_width32' from '(none)' to 'ZeroWireload'. (OPT-170)
Information: Changed wire load model for '*LT_UNS_OP_3_32_1' from '(none)' to 'ZeroWireload'. (OPT-170)
Information: Changed wire load model for 'DW01_add_width16' from '(none)' to 'ZeroWireload'. (OPT-170)
Information: Changed wire load model for '*ADD_TC_OP_16_16_16' from '(none)' to 'ZeroWireload'. (OPT-170)
Information: Changed wire load model for 'DW01_add_width16' from '(none)' to 'ZeroWireload'. (OPT-170)
Information: Changed wire load model for '*ADD_TC_OP_16_16_16' from '(none)' to 'ZeroWireload'. (OPT-170)
Information: Changed wire load model for 'DW01_add_width16' from '(none)' to 'ZeroWireload'. (OPT-170)
Information: Changed wire load model for '*ADD_TC_OP_16_16_16' from '(none)' to 'ZeroWireload'. (OPT-170)
Information: Changed wire load model for 'DW01_add_width16' from '(none)' to 'ZeroWireload'. (OPT-170)
Information: Changed wire load model for '*ADD_TC_OP_16_16_16' from '(none)' to 'ZeroWireload'. (OPT-170)
Information: Changed wire load model for 'DW01_add_width16' from '(none)' to 'ZeroWireload'. (OPT-170)
Information: Changed wire load model for '*ADD_TC_OP_16_16_16' from '(none)' to 'ZeroWireload'. (OPT-170)
Information: Changed wire load model for 'DW01_add_width16' from '(none)' to 'ZeroWireload'. (OPT-170)
Information: Changed wire load model for '*ADD_TC_OP_16_16_16' from '(none)' to 'ZeroWireload'. (OPT-170)
Information: Changed wire load model for 'DW01_add_width16' from '(none)' to 'ZeroWireload'. (OPT-170)
Information: Changed wire load model for '*ADD_TC_OP_16_16_16' from '(none)' to 'ZeroWireload'. (OPT-170)
Information: Changed wire load model for 'DW01_add_width31' from '(none)' to 'ZeroWireload'. (OPT-170)
Information: Changed wire load model for '*ADD_TC_OP_31_16_31' from '(none)' to 'ZeroWireload'. (OPT-170)
Information: Changed wire load model for 'DW01_add_width31' from '(none)' to 'ZeroWireload'. (OPT-170)
Information: Changed wire load model for '*ADD_TC_OP_31_16_31' from '(none)' to 'ZeroWireload'. (OPT-170)
Information: Changed wire load model for 'DW01_add_width31' from '(none)' to 'ZeroWireload'. (OPT-170)
Information: Changed wire load model for '*ADD_TC_OP_31_16_31' from '(none)' to 'ZeroWireload'. (OPT-170)
Information: Changed wire load model for 'DW01_add_width31' from '(none)' to 'ZeroWireload'. (OPT-170)
Information: Changed wire load model for '*ADD_TC_OP_31_16_31' from '(none)' to 'ZeroWireload'. (OPT-170)
Information: Changed wire load model for 'DW01_add_width31' from '(none)' to 'ZeroWireload'. (OPT-170)
Information: Changed wire load model for '*ADD_TC_OP_31_16_31' from '(none)' to 'ZeroWireload'. (OPT-170)
Information: Changed wire load model for 'DW01_add_width31' from '(none)' to 'ZeroWireload'. (OPT-170)
Information: Changed wire load model for '*ADD_TC_OP_31_16_31' from '(none)' to 'ZeroWireload'. (OPT-170)
Information: Changed wire load model for 'DW01_add_width31' from '(none)' to 'ZeroWireload'. (OPT-170)
Information: Changed wire load model for '*ADD_TC_OP_31_16_31' from '(none)' to 'ZeroWireload'. (OPT-170)
Information: Changed wire load model for 'DW02_mult' from '(none)' to 'ZeroWireload'. (OPT-170)
Information: Changed wire load model for '*MULT_TC_OP_22_16_31' from '(none)' to 'ZeroWireload'. (OPT-170)
Information: Changed wire load model for 'DW02_mult' from '(none)' to 'ZeroWireload'. (OPT-170)
Information: Changed wire load model for '*MULT_TC_OP_22_16_31' from '(none)' to 'ZeroWireload'. (OPT-170)
Information: Changed wire load model for 'DW02_mult' from '(none)' to 'ZeroWireload'. (OPT-170)
Information: Changed wire load model for '*MULT_TC_OP_22_15_31' from '(none)' to 'ZeroWireload'. (OPT-170)
Information: Changed wire load model for 'DW02_mult' from '(none)' to 'ZeroWireload'. (OPT-170)
Information: Changed wire load model for '*MULT_TC_OP_20_14_31' from '(none)' to 'ZeroWireload'. (OPT-170)
Information: Changed wire load model for 'DW02_mult' from '(none)' to 'ZeroWireload'. (OPT-170)
Information: Changed wire load model for '*MULT_TC_OP_22_16_31' from '(none)' to 'ZeroWireload'. (OPT-170)
Information: Changed wire load model for 'DW02_mult' from '(none)' to 'ZeroWireload'. (OPT-170)
Information: Changed wire load model for '*MULT_TC_OP_22_16_31' from '(none)' to 'ZeroWireload'. (OPT-170)
Information: Changed wire load model for 'DW02_mult' from '(none)' to 'ZeroWireload'. (OPT-170)
Information: Changed wire load model for '*MULT_TC_OP_22_15_31' from '(none)' to 'ZeroWireload'. (OPT-170)
Information: Changed wire load model for 'DW01_add_width22' from '(none)' to 'ZeroWireload'. (OPT-170)
Information: Changed wire load model for '*ADD_TC_OP_21_16_22' from '(none)' to 'ZeroWireload'. (OPT-170)
Information: Changed wire load model for 'DW01_add_width22' from '(none)' to 'ZeroWireload'. (OPT-170)
Information: Changed wire load model for '*ADD_TC_OP_21_16_22' from '(none)' to 'ZeroWireload'. (OPT-170)
Information: Changed wire load model for 'DW01_add_width22' from '(none)' to 'ZeroWireload'. (OPT-170)
Information: Changed wire load model for '*ADD_TC_OP_21_16_22' from '(none)' to 'ZeroWireload'. (OPT-170)
Information: Changed wire load model for 'DW01_add_width20' from '(none)' to 'ZeroWireload'. (OPT-170)
Information: Changed wire load model for '*ADD_TC_OP_19_16_20' from '(none)' to 'ZeroWireload'. (OPT-170)
Information: Changed wire load model for 'DW01_add_width22' from '(none)' to 'ZeroWireload'. (OPT-170)
Information: Changed wire load model for '*ADD_TC_OP_21_16_22' from '(none)' to 'ZeroWireload'. (OPT-170)
Information: Changed wire load model for 'DW01_add_width16' from '(none)' to 'ZeroWireload'. (OPT-170)
Information: Changed wire load model for '*ADD_TC_OP_16_16_16' from '(none)' to 'ZeroWireload'. (OPT-170)
Information: Changed wire load model for 'DW01_add_width16' from '(none)' to 'ZeroWireload'. (OPT-170)
Information: Changed wire load model for '*ADD_TC_OP_16_16_16' from '(none)' to 'ZeroWireload'. (OPT-170)
Information: Changed wire load model for 'DW01_add_width22' from '(none)' to 'ZeroWireload'. (OPT-170)
Information: Changed wire load model for '*ADD_TC_OP_21_16_22' from '(none)' to 'ZeroWireload'. (OPT-170)
Information: Changed wire load model for 'DW01_add_width22' from '(none)' to 'ZeroWireload'. (OPT-170)
Information: Changed wire load model for '*ADD_TC_OP_21_16_22' from '(none)' to 'ZeroWireload'. (OPT-170)
Information: Changed wire load model for 'DW01_add_width16' from '(none)' to 'ZeroWireload'. (OPT-170)
Information: Changed wire load model for '*ADD_TC_OP_16_16_16' from '(none)' to 'ZeroWireload'. (OPT-170)
Information: Changed wire load model for 'DW01_add_width36' from '(none)' to 'ZeroWireload'. (OPT-170)
Information: Changed wire load model for '*ADD_TC_OP_36_16_36' from '(none)' to 'ZeroWireload'. (OPT-170)
Information: Changed wire load model for 'DW01_add_width36' from '(none)' to 'ZeroWireload'. (OPT-170)
Information: Changed wire load model for '*ADD_TC_OP_36_16_36' from '(none)' to 'ZeroWireload'. (OPT-170)
Information: Changed wire load model for 'DW01_add_width36' from '(none)' to 'ZeroWireload'. (OPT-170)
Information: Changed wire load model for '*ADD_TC_OP_35_16_36' from '(none)' to 'ZeroWireload'. (OPT-170)
Information: Changed wire load model for 'DW01_add_width34' from '(none)' to 'ZeroWireload'. (OPT-170)
Information: Changed wire load model for '*ADD_TC_OP_33_16_34' from '(none)' to 'ZeroWireload'. (OPT-170)
Information: Changed wire load model for 'DW01_add_width36' from '(none)' to 'ZeroWireload'. (OPT-170)
Information: Changed wire load model for '*ADD_TC_OP_36_16_36' from '(none)' to 'ZeroWireload'. (OPT-170)
Information: Changed wire load model for 'DW01_inc_width17' from '(none)' to 'ZeroWireload'. (OPT-170)
Information: Changed wire load model for '*ADD_TC_OP_31_16_31' from '(none)' to 'ZeroWireload'. (OPT-170)
Information: Changed wire load model for 'DW01_add_width18' from '(none)' to 'ZeroWireload'. (OPT-170)
Information: Changed wire load model for '*ADD_TC_OP_31_16_31' from '(none)' to 'ZeroWireload'. (OPT-170)
Information: Changed wire load model for 'DW01_add_width36' from '(none)' to 'ZeroWireload'. (OPT-170)
Information: Changed wire load model for '*ADD_TC_OP_36_16_36' from '(none)' to 'ZeroWireload'. (OPT-170)
Information: Changed wire load model for 'DW01_add_width36' from '(none)' to 'ZeroWireload'. (OPT-170)
Information: Changed wire load model for '*ADD_TC_OP_35_16_36' from '(none)' to 'ZeroWireload'. (OPT-170)
Information: Changed wire load model for 'DW01_inc_width17' from '(none)' to 'ZeroWireload'. (OPT-170)
Information: Changed wire load model for '*ADD_TC_OP_31_16_31' from '(none)' to 'ZeroWireload'. (OPT-170)
Information: Changed wire load model for 'DW02_mult' from '(none)' to 'ZeroWireload'. (OPT-170)
Information: Changed wire load model for '*MULT_TC_OP_21_16_36' from '(none)' to 'ZeroWireload'. (OPT-170)
Information: Changed wire load model for 'DW02_mult' from '(none)' to 'ZeroWireload'. (OPT-170)
Information: Changed wire load model for '*MULT_TC_OP_21_16_36' from '(none)' to 'ZeroWireload'. (OPT-170)
Information: Changed wire load model for 'DW02_mult' from '(none)' to 'ZeroWireload'. (OPT-170)
Information: Changed wire load model for '*MULT_TC_OP_20_15_35' from '(none)' to 'ZeroWireload'. (OPT-170)
Information: Changed wire load model for 'DW02_mult' from '(none)' to 'ZeroWireload'. (OPT-170)
Information: Changed wire load model for '*MULT_TC_OP_19_14_33' from '(none)' to 'ZeroWireload'. (OPT-170)
Information: Changed wire load model for 'DW02_mult' from '(none)' to 'ZeroWireload'. (OPT-170)
Information: Changed wire load model for '*MULT_TC_OP_21_16_36' from '(none)' to 'ZeroWireload'. (OPT-170)
Information: Changed wire load model for 'DW01_add_width17' from '(none)' to 'ZeroWireload'. (OPT-170)
Information: Changed wire load model for '*ADD_TC_OP_17_16_17' from '(none)' to 'ZeroWireload'. (OPT-170)
Information: Changed wire load model for 'DW01_add_width18' from '(none)' to 'ZeroWireload'. (OPT-170)
Information: Changed wire load model for '*ADD_TC_OP_18_16_18' from '(none)' to 'ZeroWireload'. (OPT-170)
Information: Changed wire load model for 'DW02_mult' from '(none)' to 'ZeroWireload'. (OPT-170)
Information: Changed wire load model for '*MULT_TC_OP_21_16_36' from '(none)' to 'ZeroWireload'. (OPT-170)
Information: Changed wire load model for 'DW02_mult' from '(none)' to 'ZeroWireload'. (OPT-170)
Information: Changed wire load model for '*MULT_TC_OP_20_15_35' from '(none)' to 'ZeroWireload'. (OPT-170)
Information: Changed wire load model for 'DW01_add_width17' from '(none)' to 'ZeroWireload'. (OPT-170)
Information: Changed wire load model for '*ADD_TC_OP_17_16_17' from '(none)' to 'ZeroWireload'. (OPT-170)
Information: Changed wire load model for 'DW01_add_width21' from '(none)' to 'ZeroWireload'. (OPT-170)
Information: Changed wire load model for '*ADD_TC_OP_20_18_21' from '(none)' to 'ZeroWireload'. (OPT-170)
Information: Changed wire load model for 'DW01_add_width21' from '(none)' to 'ZeroWireload'. (OPT-170)
Information: Changed wire load model for '*ADD_TC_OP_20_18_21' from '(none)' to 'ZeroWireload'. (OPT-170)
Information: Changed wire load model for 'DW01_add_width20' from '(none)' to 'ZeroWireload'. (OPT-170)
Information: Changed wire load model for '*ADD_TC_OP_19_18_20' from '(none)' to 'ZeroWireload'. (OPT-170)
Information: Changed wire load model for 'DW01_add_width19' from '(none)' to 'ZeroWireload'. (OPT-170)
Information: Changed wire load model for '*ADD_TC_OP_18_18_19' from '(none)' to 'ZeroWireload'. (OPT-170)
Information: Changed wire load model for 'DW01_add_width21' from '(none)' to 'ZeroWireload'. (OPT-170)
Information: Changed wire load model for '*ADD_TC_OP_20_18_21' from '(none)' to 'ZeroWireload'. (OPT-170)
Information: Changed wire load model for 'DW01_inc_width18' from '(none)' to 'ZeroWireload'. (OPT-170)
Information: Changed wire load model for '*ADD_TC_OP_32_16_32' from '(none)' to 'ZeroWireload'. (OPT-170)
Information: Changed wire load model for 'DW01_add_width20' from '(none)' to 'ZeroWireload'. (OPT-170)
Information: Changed wire load model for '*ADD_TC_OP_32_16_33' from '(none)' to 'ZeroWireload'. (OPT-170)
Information: Changed wire load model for 'DW01_add_width21' from '(none)' to 'ZeroWireload'. (OPT-170)
Information: Changed wire load model for '*ADD_TC_OP_20_18_21' from '(none)' to 'ZeroWireload'. (OPT-170)
Information: Changed wire load model for 'DW01_add_width20' from '(none)' to 'ZeroWireload'. (OPT-170)
Information: Changed wire load model for '*ADD_TC_OP_19_18_20' from '(none)' to 'ZeroWireload'. (OPT-170)
Information: Changed wire load model for 'DW01_inc_width18' from '(none)' to 'ZeroWireload'. (OPT-170)
Information: Changed wire load model for '*ADD_TC_OP_32_16_32' from '(none)' to 'ZeroWireload'. (OPT-170)
Information: Changed wire load model for 'DW01_add_width35' from '(none)' to 'ZeroWireload'. (OPT-170)
Information: Changed wire load model for '*ADD_TC_OP_34_16_35' from '(none)' to 'ZeroWireload'. (OPT-170)
Information: Changed wire load model for 'DW01_add_width35' from '(none)' to 'ZeroWireload'. (OPT-170)
Information: Changed wire load model for '*ADD_TC_OP_34_16_35' from '(none)' to 'ZeroWireload'. (OPT-170)
Information: Changed wire load model for 'DW01_add_width34' from '(none)' to 'ZeroWireload'. (OPT-170)
Information: Changed wire load model for '*ADD_TC_OP_33_16_34' from '(none)' to 'ZeroWireload'. (OPT-170)
Information: Changed wire load model for 'DW01_add_width33' from '(none)' to 'ZeroWireload'. (OPT-170)
Information: Changed wire load model for '*ADD_TC_OP_32_16_33' from '(none)' to 'ZeroWireload'. (OPT-170)
Information: Changed wire load model for 'DW01_add_width35' from '(none)' to 'ZeroWireload'. (OPT-170)
Information: Changed wire load model for '*ADD_TC_OP_34_16_35' from '(none)' to 'ZeroWireload'. (OPT-170)
Information: Changed wire load model for 'DW01_add_width18' from '(none)' to 'ZeroWireload'. (OPT-170)
Information: Changed wire load model for '*ADD_TC_OP_18_18_18' from '(none)' to 'ZeroWireload'. (OPT-170)
Information: Changed wire load model for 'DW01_add_width19' from '(none)' to 'ZeroWireload'. (OPT-170)
Information: Changed wire load model for '*ADD_TC_OP_17_18_19' from '(none)' to 'ZeroWireload'. (OPT-170)
Information: Changed wire load model for 'DW01_add_width35' from '(none)' to 'ZeroWireload'. (OPT-170)
Information: Changed wire load model for '*ADD_TC_OP_34_16_35' from '(none)' to 'ZeroWireload'. (OPT-170)
Information: Changed wire load model for 'DW01_add_width34' from '(none)' to 'ZeroWireload'. (OPT-170)
Information: Changed wire load model for '*ADD_TC_OP_33_16_34' from '(none)' to 'ZeroWireload'. (OPT-170)
Information: Changed wire load model for 'DW01_add_width18' from '(none)' to 'ZeroWireload'. (OPT-170)
Information: Changed wire load model for '*ADD_TC_OP_18_18_18' from '(none)' to 'ZeroWireload'. (OPT-170)
Information: Changed wire load model for 'DW02_mult' from '(none)' to 'ZeroWireload'. (OPT-170)
Information: Changed wire load model for '*MULT_TC_OP_18_16_34' from '(none)' to 'ZeroWireload'. (OPT-170)
Information: Changed wire load model for 'DW02_mult' from '(none)' to 'ZeroWireload'. (OPT-170)
Information: Changed wire load model for '*MULT_TC_OP_18_16_34' from '(none)' to 'ZeroWireload'. (OPT-170)
Information: Changed wire load model for 'DW02_mult' from '(none)' to 'ZeroWireload'. (OPT-170)
Information: Changed wire load model for '*MULT_TC_OP_18_15_33' from '(none)' to 'ZeroWireload'. (OPT-170)
Information: Changed wire load model for 'DW02_mult' from '(none)' to 'ZeroWireload'. (OPT-170)
Information: Changed wire load model for '*MULT_TC_OP_18_14_32' from '(none)' to 'ZeroWireload'. (OPT-170)
Information: Changed wire load model for 'DW02_mult' from '(none)' to 'ZeroWireload'. (OPT-170)
Information: Changed wire load model for '*MULT_TC_OP_18_16_34' from '(none)' to 'ZeroWireload'. (OPT-170)
Information: Changed wire load model for 'DW01_inc_width19' from '(none)' to 'ZeroWireload'. (OPT-170)
Information: Changed wire load model for '*ADD_TC_OP_32_16_33' from '(none)' to 'ZeroWireload'. (OPT-170)
Information: Changed wire load model for 'DW01_add_width19' from '(none)' to 'ZeroWireload'. (OPT-170)
Information: Changed wire load model for '*ADD_TC_OP_31_16_32' from '(none)' to 'ZeroWireload'. (OPT-170)
Information: Changed wire load model for 'DW02_mult' from '(none)' to 'ZeroWireload'. (OPT-170)
Information: Changed wire load model for '*MULT_TC_OP_18_16_34' from '(none)' to 'ZeroWireload'. (OPT-170)
Information: Changed wire load model for 'DW02_mult' from '(none)' to 'ZeroWireload'. (OPT-170)
Information: Changed wire load model for '*MULT_TC_OP_18_15_33' from '(none)' to 'ZeroWireload'. (OPT-170)
Information: Changed wire load model for 'DW01_inc_width19' from '(none)' to 'ZeroWireload'. (OPT-170)
Information: Changed wire load model for '*ADD_TC_OP_32_16_33' from '(none)' to 'ZeroWireload'. (OPT-170)
Information: Changed wire load model for 'DW01_sub_width18' from '(none)' to 'ZeroWireload'. (OPT-170)
Information: Changed wire load model for '*SUB_TC_OP_17_18_18' from '(none)' to 'ZeroWireload'. (OPT-170)
Information: Changed wire load model for 'DW01_sub_width18' from '(none)' to 'ZeroWireload'. (OPT-170)
Information: Changed wire load model for '*SUB_TC_OP_18_16_18' from '(none)' to 'ZeroWireload'. (OPT-170)
Information: Changed wire load model for 'DW01_add_width17' from '(none)' to 'ZeroWireload'. (OPT-170)
Information: Changed wire load model for '*ADD_TC_OP_16_16_17' from '(none)' to 'ZeroWireload'. (OPT-170)
Information: Changed wire load model for 'DW01_add_width35' from '(none)' to 'ZeroWireload'. (OPT-170)
Information: Changed wire load model for '*ADD_TC_OP_34_15_35' from '(none)' to 'ZeroWireload'. (OPT-170)
Information: Changed wire load model for 'DW02_mult' from '(none)' to 'ZeroWireload'. (OPT-170)
Information: Changed wire load model for '*MULT_TC_OP_22_12_34' from '(none)' to 'ZeroWireload'. (OPT-170)
Information: Changed wire load model for 'DW01_sub_width22' from '(none)' to 'ZeroWireload'. (OPT-170)
Information: Changed wire load model for '*SUB_TC_OP_22_18_22' from '(none)' to 'ZeroWireload'. (OPT-170)
Information: Changed wire load model for 'DW01_sub_width22' from '(none)' to 'ZeroWireload'. (OPT-170)
Information: Changed wire load model for '*SUB_TC_OP_20_21_22' from '(none)' to 'ZeroWireload'. (OPT-170)
Information: Changed wire load model for 'DW01_sub_width18' from '(none)' to 'ZeroWireload'. (OPT-170)
Information: Changed wire load model for '*SUB_TC_OP_18_17_18' from '(none)' to 'ZeroWireload'. (OPT-170)
Information: Changed wire load model for 'DW01_add_width20' from '(none)' to 'ZeroWireload'. (OPT-170)
Information: Changed wire load model for '*ADD_TC_OP_19_18_20' from '(none)' to 'ZeroWireload'. (OPT-170)
Information: Changed wire load model for 'DW01_add_width21' from '(none)' to 'ZeroWireload'. (OPT-170)
Information: Changed wire load model for '*ADD_TC_OP_20_16_21' from '(none)' to 'ZeroWireload'. (OPT-170)
Information: Changed wire load model for 'DW01_add_width18' from '(none)' to 'ZeroWireload'. (OPT-170)
Information: Changed wire load model for '*ADD_TC_OP_18_17_18' from '(none)' to 'ZeroWireload'. (OPT-170)
Information: Changed wire load model for 'DW01_add_width18' from '(none)' to 'ZeroWireload'. (OPT-170)
Information: Changed wire load model for '*ADD_TC_OP_17_16_18' from '(none)' to 'ZeroWireload'. (OPT-170)
Information: Changed wire load model for 'DW01_add_width20' from '(none)' to 'ZeroWireload'. (OPT-170)
Information: Changed wire load model for '*ADD_TC_OP_19_17_20' from '(none)' to 'ZeroWireload'. (OPT-170)
Information: Changed wire load model for 'DW01_sub_width17' from '(none)' to 'ZeroWireload'. (OPT-170)
Information: Changed wire load model for '*SUB_TC_OP_16_16_17' from '(none)' to 'ZeroWireload'. (OPT-170)
Information: Changed wire load model for 'DW01_cmp2_width21' from '(none)' to 'ZeroWireload'. (OPT-170)
Information: Changed wire load model for '*LT_TC_OP_21_16_1' from '(none)' to 'ZeroWireload'. (OPT-170)
Information: Changed wire load model for 'DW01_cmp2_width21' from '(none)' to 'ZeroWireload'. (OPT-170)
Information: Changed wire load model for '*GT_TC_OP_21_16_1' from '(none)' to 'ZeroWireload'. (OPT-170)
Information: Changed wire load model for 'DW01_add_width16' from '(none)' to 'ZeroWireload'. (OPT-170)
Information: Changed wire load model for '*ADD_TC_OP_16_16_16' from '(none)' to 'ZeroWireload'. (OPT-170)
Information: Changed wire load model for 'DW01_add_width16' from '(none)' to 'ZeroWireload'. (OPT-170)
Information: Changed wire load model for '*ADD_TC_OP_16_16_16' from '(none)' to 'ZeroWireload'. (OPT-170)
Information: Changed wire load model for 'DW01_add_width16' from '(none)' to 'ZeroWireload'. (OPT-170)
Information: Changed wire load model for '*ADD_TC_OP_16_16_16' from '(none)' to 'ZeroWireload'. (OPT-170)
Information: Changed wire load model for 'DW01_add_width16' from '(none)' to 'ZeroWireload'. (OPT-170)
Information: Changed wire load model for '*ADD_TC_OP_16_16_16' from '(none)' to 'ZeroWireload'. (OPT-170)
Information: Changed wire load model for 'DW01_add_width16' from '(none)' to 'ZeroWireload'. (OPT-170)
Information: Changed wire load model for '*ADD_TC_OP_16_16_16' from '(none)' to 'ZeroWireload'. (OPT-170)
Information: Changed wire load model for 'DW01_add_width16' from '(none)' to 'ZeroWireload'. (OPT-170)
Information: Changed wire load model for '*ADD_TC_OP_16_16_16' from '(none)' to 'ZeroWireload'. (OPT-170)
Information: Changed wire load model for 'DW01_add_width16' from '(none)' to 'ZeroWireload'. (OPT-170)
Information: Changed wire load model for '*ADD_TC_OP_16_16_16' from '(none)' to 'ZeroWireload'. (OPT-170)
Information: Changed wire load model for 'DW01_add_width31' from '(none)' to 'ZeroWireload'. (OPT-170)
Information: Changed wire load model for '*ADD_TC_OP_31_16_31' from '(none)' to 'ZeroWireload'. (OPT-170)
Information: Changed wire load model for 'DW01_add_width31' from '(none)' to 'ZeroWireload'. (OPT-170)
Information: Changed wire load model for '*ADD_TC_OP_31_16_31' from '(none)' to 'ZeroWireload'. (OPT-170)
Information: Changed wire load model for 'DW01_add_width31' from '(none)' to 'ZeroWireload'. (OPT-170)
Information: Changed wire load model for '*ADD_TC_OP_31_16_31' from '(none)' to 'ZeroWireload'. (OPT-170)
Information: Changed wire load model for 'DW01_add_width31' from '(none)' to 'ZeroWireload'. (OPT-170)
Information: Changed wire load model for '*ADD_TC_OP_31_16_31' from '(none)' to 'ZeroWireload'. (OPT-170)
Information: Changed wire load model for 'DW01_add_width31' from '(none)' to 'ZeroWireload'. (OPT-170)
Information: Changed wire load model for '*ADD_TC_OP_31_16_31' from '(none)' to 'ZeroWireload'. (OPT-170)
Information: Changed wire load model for 'DW01_add_width31' from '(none)' to 'ZeroWireload'. (OPT-170)
Information: Changed wire load model for '*ADD_TC_OP_31_16_31' from '(none)' to 'ZeroWireload'. (OPT-170)
Information: Changed wire load model for 'DW01_add_width31' from '(none)' to 'ZeroWireload'. (OPT-170)
Information: Changed wire load model for '*ADD_TC_OP_31_16_31' from '(none)' to 'ZeroWireload'. (OPT-170)
Information: Changed wire load model for 'DW02_mult' from '(none)' to 'ZeroWireload'. (OPT-170)
Information: Changed wire load model for '*MULT_TC_OP_22_16_31' from '(none)' to 'ZeroWireload'. (OPT-170)
Information: Changed wire load model for 'DW02_mult' from '(none)' to 'ZeroWireload'. (OPT-170)
Information: Changed wire load model for '*MULT_TC_OP_22_16_31' from '(none)' to 'ZeroWireload'. (OPT-170)
Information: Changed wire load model for 'DW02_mult' from '(none)' to 'ZeroWireload'. (OPT-170)
Information: Changed wire load model for '*MULT_TC_OP_22_15_31' from '(none)' to 'ZeroWireload'. (OPT-170)
Information: Changed wire load model for 'DW02_mult' from '(none)' to 'ZeroWireload'. (OPT-170)
Information: Changed wire load model for '*MULT_TC_OP_20_14_31' from '(none)' to 'ZeroWireload'. (OPT-170)
Information: Changed wire load model for 'DW02_mult' from '(none)' to 'ZeroWireload'. (OPT-170)
Information: Changed wire load model for '*MULT_TC_OP_22_16_31' from '(none)' to 'ZeroWireload'. (OPT-170)
Information: Changed wire load model for 'DW02_mult' from '(none)' to 'ZeroWireload'. (OPT-170)
Information: Changed wire load model for '*MULT_TC_OP_22_16_31' from '(none)' to 'ZeroWireload'. (OPT-170)
Information: Changed wire load model for 'DW02_mult' from '(none)' to 'ZeroWireload'. (OPT-170)
Information: Changed wire load model for '*MULT_TC_OP_22_15_31' from '(none)' to 'ZeroWireload'. (OPT-170)
Information: Changed wire load model for 'DW01_add_width22' from '(none)' to 'ZeroWireload'. (OPT-170)
Information: Changed wire load model for '*ADD_TC_OP_21_16_22' from '(none)' to 'ZeroWireload'. (OPT-170)
Information: Changed wire load model for 'DW01_add_width22' from '(none)' to 'ZeroWireload'. (OPT-170)
Information: Changed wire load model for '*ADD_TC_OP_21_16_22' from '(none)' to 'ZeroWireload'. (OPT-170)
Information: Changed wire load model for 'DW01_add_width22' from '(none)' to 'ZeroWireload'. (OPT-170)
Information: Changed wire load model for '*ADD_TC_OP_21_16_22' from '(none)' to 'ZeroWireload'. (OPT-170)
Information: Changed wire load model for 'DW01_add_width20' from '(none)' to 'ZeroWireload'. (OPT-170)
Information: Changed wire load model for '*ADD_TC_OP_19_16_20' from '(none)' to 'ZeroWireload'. (OPT-170)
Information: Changed wire load model for 'DW01_add_width22' from '(none)' to 'ZeroWireload'. (OPT-170)
Information: Changed wire load model for '*ADD_TC_OP_21_16_22' from '(none)' to 'ZeroWireload'. (OPT-170)
Information: Changed wire load model for 'DW01_add_width16' from '(none)' to 'ZeroWireload'. (OPT-170)
Information: Changed wire load model for '*ADD_TC_OP_16_16_16' from '(none)' to 'ZeroWireload'. (OPT-170)
Information: Changed wire load model for 'DW01_add_width16' from '(none)' to 'ZeroWireload'. (OPT-170)
Information: Changed wire load model for '*ADD_TC_OP_16_16_16' from '(none)' to 'ZeroWireload'. (OPT-170)
Information: Changed wire load model for 'DW01_add_width22' from '(none)' to 'ZeroWireload'. (OPT-170)
Information: Changed wire load model for '*ADD_TC_OP_21_16_22' from '(none)' to 'ZeroWireload'. (OPT-170)
Information: Changed wire load model for 'DW01_add_width22' from '(none)' to 'ZeroWireload'. (OPT-170)
Information: Changed wire load model for '*ADD_TC_OP_21_16_22' from '(none)' to 'ZeroWireload'. (OPT-170)
Information: Changed wire load model for 'DW01_add_width16' from '(none)' to 'ZeroWireload'. (OPT-170)
Information: Changed wire load model for '*ADD_TC_OP_16_16_16' from '(none)' to 'ZeroWireload'. (OPT-170)
Information: Changed wire load model for 'DW01_add_width36' from '(none)' to 'ZeroWireload'. (OPT-170)
Information: Changed wire load model for '*ADD_TC_OP_36_16_36' from '(none)' to 'ZeroWireload'. (OPT-170)
Information: Changed wire load model for 'DW01_add_width36' from '(none)' to 'ZeroWireload'. (OPT-170)
Information: Changed wire load model for '*ADD_TC_OP_36_16_36' from '(none)' to 'ZeroWireload'. (OPT-170)
Information: Changed wire load model for 'DW01_add_width36' from '(none)' to 'ZeroWireload'. (OPT-170)
Information: Changed wire load model for '*ADD_TC_OP_35_16_36' from '(none)' to 'ZeroWireload'. (OPT-170)
Information: Changed wire load model for 'DW01_add_width34' from '(none)' to 'ZeroWireload'. (OPT-170)
Information: Changed wire load model for '*ADD_TC_OP_33_16_34' from '(none)' to 'ZeroWireload'. (OPT-170)
Information: Changed wire load model for 'DW01_add_width36' from '(none)' to 'ZeroWireload'. (OPT-170)
Information: Changed wire load model for '*ADD_TC_OP_36_16_36' from '(none)' to 'ZeroWireload'. (OPT-170)
Information: Changed wire load model for 'DW01_inc_width17' from '(none)' to 'ZeroWireload'. (OPT-170)
Information: Changed wire load model for '*ADD_TC_OP_31_16_31' from '(none)' to 'ZeroWireload'. (OPT-170)
Information: Changed wire load model for 'DW01_add_width18' from '(none)' to 'ZeroWireload'. (OPT-170)
Information: Changed wire load model for '*ADD_TC_OP_31_16_31' from '(none)' to 'ZeroWireload'. (OPT-170)
Information: Changed wire load model for 'DW01_add_width36' from '(none)' to 'ZeroWireload'. (OPT-170)
Information: Changed wire load model for '*ADD_TC_OP_36_16_36' from '(none)' to 'ZeroWireload'. (OPT-170)
Information: Changed wire load model for 'DW01_add_width36' from '(none)' to 'ZeroWireload'. (OPT-170)
Information: Changed wire load model for '*ADD_TC_OP_35_16_36' from '(none)' to 'ZeroWireload'. (OPT-170)
Information: Changed wire load model for 'DW01_inc_width17' from '(none)' to 'ZeroWireload'. (OPT-170)
Information: Changed wire load model for '*ADD_TC_OP_31_16_31' from '(none)' to 'ZeroWireload'. (OPT-170)
Information: Changed wire load model for 'DW02_mult' from '(none)' to 'ZeroWireload'. (OPT-170)
Information: Changed wire load model for '*MULT_TC_OP_21_16_36' from '(none)' to 'ZeroWireload'. (OPT-170)
Information: Changed wire load model for 'DW02_mult' from '(none)' to 'ZeroWireload'. (OPT-170)
Information: Changed wire load model for '*MULT_TC_OP_21_16_36' from '(none)' to 'ZeroWireload'. (OPT-170)
Information: Changed wire load model for 'DW02_mult' from '(none)' to 'ZeroWireload'. (OPT-170)
Information: Changed wire load model for '*MULT_TC_OP_20_15_35' from '(none)' to 'ZeroWireload'. (OPT-170)
Information: Changed wire load model for 'DW02_mult' from '(none)' to 'ZeroWireload'. (OPT-170)
Information: Changed wire load model for '*MULT_TC_OP_19_14_33' from '(none)' to 'ZeroWireload'. (OPT-170)
Information: Changed wire load model for 'DW02_mult' from '(none)' to 'ZeroWireload'. (OPT-170)
Information: Changed wire load model for '*MULT_TC_OP_21_16_36' from '(none)' to 'ZeroWireload'. (OPT-170)
Information: Changed wire load model for 'DW01_add_width17' from '(none)' to 'ZeroWireload'. (OPT-170)
Information: Changed wire load model for '*ADD_TC_OP_17_16_17' from '(none)' to 'ZeroWireload'. (OPT-170)
Information: Changed wire load model for 'DW01_add_width18' from '(none)' to 'ZeroWireload'. (OPT-170)
Information: Changed wire load model for '*ADD_TC_OP_18_16_18' from '(none)' to 'ZeroWireload'. (OPT-170)
Information: Changed wire load model for 'DW02_mult' from '(none)' to 'ZeroWireload'. (OPT-170)
Information: Changed wire load model for '*MULT_TC_OP_21_16_36' from '(none)' to 'ZeroWireload'. (OPT-170)
Information: Changed wire load model for 'DW02_mult' from '(none)' to 'ZeroWireload'. (OPT-170)
Information: Changed wire load model for '*MULT_TC_OP_20_15_35' from '(none)' to 'ZeroWireload'. (OPT-170)
Information: Changed wire load model for 'DW01_add_width17' from '(none)' to 'ZeroWireload'. (OPT-170)
Information: Changed wire load model for '*ADD_TC_OP_17_16_17' from '(none)' to 'ZeroWireload'. (OPT-170)
Information: Changed wire load model for 'DW01_add_width21' from '(none)' to 'ZeroWireload'. (OPT-170)
Information: Changed wire load model for '*ADD_TC_OP_20_18_21' from '(none)' to 'ZeroWireload'. (OPT-170)
Information: Changed wire load model for 'DW01_add_width21' from '(none)' to 'ZeroWireload'. (OPT-170)
Information: Changed wire load model for '*ADD_TC_OP_20_18_21' from '(none)' to 'ZeroWireload'. (OPT-170)
Information: Changed wire load model for 'DW01_add_width20' from '(none)' to 'ZeroWireload'. (OPT-170)
Information: Changed wire load model for '*ADD_TC_OP_19_18_20' from '(none)' to 'ZeroWireload'. (OPT-170)
Information: Changed wire load model for 'DW01_add_width19' from '(none)' to 'ZeroWireload'. (OPT-170)
Information: Changed wire load model for '*ADD_TC_OP_18_18_19' from '(none)' to 'ZeroWireload'. (OPT-170)
Information: Changed wire load model for 'DW01_add_width21' from '(none)' to 'ZeroWireload'. (OPT-170)
Information: Changed wire load model for '*ADD_TC_OP_20_18_21' from '(none)' to 'ZeroWireload'. (OPT-170)
Information: Changed wire load model for 'DW01_inc_width18' from '(none)' to 'ZeroWireload'. (OPT-170)
Information: Changed wire load model for '*ADD_TC_OP_32_16_32' from '(none)' to 'ZeroWireload'. (OPT-170)
Information: Changed wire load model for 'DW01_add_width20' from '(none)' to 'ZeroWireload'. (OPT-170)
Information: Changed wire load model for '*ADD_TC_OP_32_16_33' from '(none)' to 'ZeroWireload'. (OPT-170)
Information: Changed wire load model for 'DW01_add_width21' from '(none)' to 'ZeroWireload'. (OPT-170)
Information: Changed wire load model for '*ADD_TC_OP_20_18_21' from '(none)' to 'ZeroWireload'. (OPT-170)
Information: Changed wire load model for 'DW01_add_width20' from '(none)' to 'ZeroWireload'. (OPT-170)
Information: Changed wire load model for '*ADD_TC_OP_19_18_20' from '(none)' to 'ZeroWireload'. (OPT-170)
Information: Changed wire load model for 'DW01_inc_width18' from '(none)' to 'ZeroWireload'. (OPT-170)
Information: Changed wire load model for '*ADD_TC_OP_32_16_32' from '(none)' to 'ZeroWireload'. (OPT-170)
Information: Changed wire load model for 'DW01_add_width35' from '(none)' to 'ZeroWireload'. (OPT-170)
Information: Changed wire load model for '*ADD_TC_OP_34_16_35' from '(none)' to 'ZeroWireload'. (OPT-170)
Information: Changed wire load model for 'DW01_add_width35' from '(none)' to 'ZeroWireload'. (OPT-170)
Information: Changed wire load model for '*ADD_TC_OP_34_16_35' from '(none)' to 'ZeroWireload'. (OPT-170)
Information: Changed wire load model for 'DW01_add_width34' from '(none)' to 'ZeroWireload'. (OPT-170)
Information: Changed wire load model for '*ADD_TC_OP_33_16_34' from '(none)' to 'ZeroWireload'. (OPT-170)
Information: Changed wire load model for 'DW01_add_width33' from '(none)' to 'ZeroWireload'. (OPT-170)
Information: Changed wire load model for '*ADD_TC_OP_32_16_33' from '(none)' to 'ZeroWireload'. (OPT-170)
Information: Changed wire load model for 'DW01_add_width35' from '(none)' to 'ZeroWireload'. (OPT-170)
Information: Changed wire load model for '*ADD_TC_OP_34_16_35' from '(none)' to 'ZeroWireload'. (OPT-170)
Information: Changed wire load model for 'DW01_add_width18' from '(none)' to 'ZeroWireload'. (OPT-170)
Information: Changed wire load model for '*ADD_TC_OP_18_18_18' from '(none)' to 'ZeroWireload'. (OPT-170)
Information: Changed wire load model for 'DW01_add_width19' from '(none)' to 'ZeroWireload'. (OPT-170)
Information: Changed wire load model for '*ADD_TC_OP_17_18_19' from '(none)' to 'ZeroWireload'. (OPT-170)
Information: Changed wire load model for 'DW01_add_width35' from '(none)' to 'ZeroWireload'. (OPT-170)
Information: Changed wire load model for '*ADD_TC_OP_34_16_35' from '(none)' to 'ZeroWireload'. (OPT-170)
Information: Changed wire load model for 'DW01_add_width34' from '(none)' to 'ZeroWireload'. (OPT-170)
Information: Changed wire load model for '*ADD_TC_OP_33_16_34' from '(none)' to 'ZeroWireload'. (OPT-170)
Information: Changed wire load model for 'DW01_add_width18' from '(none)' to 'ZeroWireload'. (OPT-170)
Information: Changed wire load model for '*ADD_TC_OP_18_18_18' from '(none)' to 'ZeroWireload'. (OPT-170)
Information: Changed wire load model for 'DW02_mult' from '(none)' to 'ZeroWireload'. (OPT-170)
Information: Changed wire load model for '*MULT_TC_OP_18_16_34' from '(none)' to 'ZeroWireload'. (OPT-170)
Information: Changed wire load model for 'DW02_mult' from '(none)' to 'ZeroWireload'. (OPT-170)
Information: Changed wire load model for '*MULT_TC_OP_18_16_34' from '(none)' to 'ZeroWireload'. (OPT-170)
Information: Changed wire load model for 'DW02_mult' from '(none)' to 'ZeroWireload'. (OPT-170)
Information: Changed wire load model for '*MULT_TC_OP_18_15_33' from '(none)' to 'ZeroWireload'. (OPT-170)
Information: Changed wire load model for 'DW02_mult' from '(none)' to 'ZeroWireload'. (OPT-170)
Information: Changed wire load model for '*MULT_TC_OP_18_14_32' from '(none)' to 'ZeroWireload'. (OPT-170)
Information: Changed wire load model for 'DW02_mult' from '(none)' to 'ZeroWireload'. (OPT-170)
Information: Changed wire load model for '*MULT_TC_OP_18_16_34' from '(none)' to 'ZeroWireload'. (OPT-170)
Information: Changed wire load model for 'DW01_inc_width19' from '(none)' to 'ZeroWireload'. (OPT-170)
Information: Changed wire load model for '*ADD_TC_OP_32_16_33' from '(none)' to 'ZeroWireload'. (OPT-170)
Information: Changed wire load model for 'DW01_add_width19' from '(none)' to 'ZeroWireload'. (OPT-170)
Information: Changed wire load model for '*ADD_TC_OP_31_16_32' from '(none)' to 'ZeroWireload'. (OPT-170)
Information: Changed wire load model for 'DW02_mult' from '(none)' to 'ZeroWireload'. (OPT-170)
Information: Changed wire load model for '*MULT_TC_OP_18_16_34' from '(none)' to 'ZeroWireload'. (OPT-170)
Information: Changed wire load model for 'DW02_mult' from '(none)' to 'ZeroWireload'. (OPT-170)
Information: Changed wire load model for '*MULT_TC_OP_18_15_33' from '(none)' to 'ZeroWireload'. (OPT-170)
Information: Changed wire load model for 'DW01_inc_width19' from '(none)' to 'ZeroWireload'. (OPT-170)
Information: Changed wire load model for '*ADD_TC_OP_32_16_33' from '(none)' to 'ZeroWireload'. (OPT-170)
Information: Changed wire load model for 'DW01_sub_width18' from '(none)' to 'ZeroWireload'. (OPT-170)
Information: Changed wire load model for '*SUB_TC_OP_17_18_18' from '(none)' to 'ZeroWireload'. (OPT-170)
Information: Changed wire load model for 'DW01_sub_width18' from '(none)' to 'ZeroWireload'. (OPT-170)
Information: Changed wire load model for '*SUB_TC_OP_18_16_18' from '(none)' to 'ZeroWireload'. (OPT-170)
Information: Changed wire load model for 'DW01_add_width17' from '(none)' to 'ZeroWireload'. (OPT-170)
Information: Changed wire load model for '*ADD_TC_OP_16_16_17' from '(none)' to 'ZeroWireload'. (OPT-170)
Information: Changed wire load model for 'DW01_add_width35' from '(none)' to 'ZeroWireload'. (OPT-170)
Information: Changed wire load model for '*ADD_TC_OP_34_15_35' from '(none)' to 'ZeroWireload'. (OPT-170)
Information: Changed wire load model for 'DW02_mult' from '(none)' to 'ZeroWireload'. (OPT-170)
Information: Changed wire load model for '*MULT_TC_OP_22_12_34' from '(none)' to 'ZeroWireload'. (OPT-170)
Information: Changed wire load model for 'DW01_sub_width22' from '(none)' to 'ZeroWireload'. (OPT-170)
Information: Changed wire load model for '*SUB_TC_OP_22_18_22' from '(none)' to 'ZeroWireload'. (OPT-170)
Information: Changed wire load model for 'DW01_sub_width22' from '(none)' to 'ZeroWireload'. (OPT-170)
Information: Changed wire load model for '*SUB_TC_OP_20_21_22' from '(none)' to 'ZeroWireload'. (OPT-170)
Information: Changed wire load model for 'DW01_sub_width18' from '(none)' to 'ZeroWireload'. (OPT-170)
Information: Changed wire load model for '*SUB_TC_OP_18_17_18' from '(none)' to 'ZeroWireload'. (OPT-170)
Information: Changed wire load model for 'DW01_add_width20' from '(none)' to 'ZeroWireload'. (OPT-170)
Information: Changed wire load model for '*ADD_TC_OP_19_18_20' from '(none)' to 'ZeroWireload'. (OPT-170)
Information: Changed wire load model for 'DW01_add_width21' from '(none)' to 'ZeroWireload'. (OPT-170)
Information: Changed wire load model for '*ADD_TC_OP_20_16_21' from '(none)' to 'ZeroWireload'. (OPT-170)
Information: Changed wire load model for 'DW01_add_width18' from '(none)' to 'ZeroWireload'. (OPT-170)
Information: Changed wire load model for '*ADD_TC_OP_18_17_18' from '(none)' to 'ZeroWireload'. (OPT-170)
Information: Changed wire load model for 'DW01_add_width18' from '(none)' to 'ZeroWireload'. (OPT-170)
Information: Changed wire load model for '*ADD_TC_OP_17_16_18' from '(none)' to 'ZeroWireload'. (OPT-170)
Information: Changed wire load model for 'DW01_add_width20' from '(none)' to 'ZeroWireload'. (OPT-170)
Information: Changed wire load model for '*ADD_TC_OP_19_17_20' from '(none)' to 'ZeroWireload'. (OPT-170)
Information: Changed wire load model for 'DW01_sub_width17' from '(none)' to 'ZeroWireload'. (OPT-170)
Information: Changed wire load model for '*SUB_TC_OP_16_16_17' from '(none)' to 'ZeroWireload'. (OPT-170)
Information: Changed wire load model for 'DW01_cmp2_width21' from '(none)' to 'ZeroWireload'. (OPT-170)
Information: Changed wire load model for '*LT_TC_OP_21_16_1' from '(none)' to 'ZeroWireload'. (OPT-170)
Information: Changed wire load model for 'DW01_cmp2_width21' from '(none)' to 'ZeroWireload'. (OPT-170)
Information: Changed wire load model for '*GT_TC_OP_21_16_1' from '(none)' to 'ZeroWireload'. (OPT-170)
Information: Changed wire load model for 'DW01_inc_width4' from '(none)' to 'ZeroWireload'. (OPT-170)
Information: Changed wire load model for '*ADD_UNS_OP_4_1_4' from '(none)' to 'ZeroWireload'. (OPT-170)
Information: Changed wire load model for 'DW01_inc_width4' from '(none)' to 'ZeroWireload'. (OPT-170)
Information: Changed wire load model for '*ADD_UNS_OP_4_1_4' from '(none)' to 'ZeroWireload'. (OPT-170)
Information: Changed wire load model for 'DW01_dec_width5' from '(none)' to 'ZeroWireload'. (OPT-170)
Information: Changed wire load model for '*SUB_UNS_OP_4_1_5' from '(none)' to 'ZeroWireload'. (OPT-170)
Information: Changed wire load model for 'DW01_cmp6_width32' from '(none)' to 'ZeroWireload'. (OPT-170)
Information: Changed wire load model for '*EQ_UNS_OP_4_32_1' from '(none)' to 'ZeroWireload'. (OPT-170)
Information: Changed wire load model for 'DW01_cmp6_width4' from '(none)' to 'ZeroWireload'. (OPT-170)
Information: Changed wire load model for '*EQ_UNS_OP_4_4_1' from '(none)' to 'ZeroWireload'. (OPT-170)
Information: Changed wire load model for 'DW01_cmp6_width4' from '(none)' to 'ZeroWireload'. (OPT-170)
Information: Changed wire load model for '*EQ_UNS_OP_4_4_1' from '(none)' to 'ZeroWireload'. (OPT-170)
Information: Changed wire load model for 'DW01_inc_width2' from '(none)' to 'ZeroWireload'. (OPT-170)
Information: Changed wire load model for '*ADD_UNS_OP_2_1_2' from '(none)' to 'ZeroWireload'. (OPT-170)
Information: Updating design information... (UID-85)
Warning: Design 'top_interpolator_dac' contains 6 high-fanout nets. A fanout number of 1000 will be used for delay calculations involving these nets. (TIM-134)
 
****************************************
Report : timing
        -path full
        -delay max
        -max_paths 1
Design : top_interpolator_dac
Version: W-2024.09-SP3
Date   : Sat Jul  4 15:26:17 2026
****************************************

 # A fanout number of 1000 was used for high fanout net computations.

Operating Conditions: NC1D0COM   Library: tcbn65lptc1d0
Wire Load Model Mode: segmented

  Startpoint: fir_I_u/y_reg[15]
              (rising edge-triggered flip-flop)
  Endpoint: dac_I[15] (output port)
  Path Group: (none)
  Path Type: max

  Des/Clust/Port     Wire Load Model       Library
  ------------------------------------------------
  fir20_q16_fromx_WL16_FL12_NTAPS10
                     ZeroWireload          tcbn65lptc1d0
  sample_shift_ntaps_Q_WL16_NTAPS10
                     ZeroWireload          tcbn65lptc1d0
  sample_shift_ntaps_I_WL16_NTAPS10
                     ZeroWireload          tcbn65lptc1d0
  minaj2_window_latch_WL16
                     ZeroWireload          tcbn65lptc1d0
  minaj2_interp_3samp_internalSlope
                     ZeroWireload          tcbn65lptc1d0
  word_history3_WL16 ZeroWireload          tcbn65lptc1d0
  spi_q_slave_W16    ZeroWireload          tcbn65lptc1d0
  spi_i_master_W16   ZeroWireload          tcbn65lptc1d0
  top_interpolator_dac
                     ZeroWireload          tcbn65lptc1d0
  spi_cfg4_nomode    ZeroWireload          tcbn65lptc1d0

  Point                                                   Incr       Path
  --------------------------------------------------------------------------
  fir_I_u/y_reg[15]/clocked_on (**SEQGEN**)               0.00 #     0.00 r
  fir_I_u/y_reg[15]/Q (**SEQGEN**)                        0.00       0.00 r
  fir_I_u/y[15] (fir20_q16_fromx_WL16_FL12_NTAPS10)       0.00       0.00 r
  dac_I[15] (out)                                         0.00       0.00 r
  data arrival time                                                  0.00
  --------------------------------------------------------------------------
  (Path is unconstrained)


1
 
****************************************
Report : timing
        -path full
        -delay min
        -max_paths 1
Design : top_interpolator_dac
Version: W-2024.09-SP3
Date   : Sat Jul  4 15:26:17 2026
****************************************

 # A fanout number of 1000 was used for high fanout net computations.

Operating Conditions: NC1D0COM   Library: tcbn65lptc1d0
Wire Load Model Mode: segmented

  Startpoint: fir_I_u/y_reg[15]
              (rising edge-triggered flip-flop)
  Endpoint: dac_I[15] (output port)
  Path Group: (none)
  Path Type: min

  Des/Clust/Port     Wire Load Model       Library
  ------------------------------------------------
  fir20_q16_fromx_WL16_FL12_NTAPS10
                     ZeroWireload          tcbn65lptc1d0
  sample_shift_ntaps_Q_WL16_NTAPS10
                     ZeroWireload          tcbn65lptc1d0
  sample_shift_ntaps_I_WL16_NTAPS10
                     ZeroWireload          tcbn65lptc1d0
  minaj2_window_latch_WL16
                     ZeroWireload          tcbn65lptc1d0
  minaj2_interp_3samp_internalSlope
                     ZeroWireload          tcbn65lptc1d0
  word_history3_WL16 ZeroWireload          tcbn65lptc1d0
  spi_q_slave_W16    ZeroWireload          tcbn65lptc1d0
  spi_i_master_W16   ZeroWireload          tcbn65lptc1d0
  top_interpolator_dac
                     ZeroWireload          tcbn65lptc1d0
  spi_cfg4_nomode    ZeroWireload          tcbn65lptc1d0

  Point                                                   Incr       Path
  --------------------------------------------------------------------------
  fir_I_u/y_reg[15]/clocked_on (**SEQGEN**)               0.00 #     0.00 r
  fir_I_u/y_reg[15]/Q (**SEQGEN**)                        0.00       0.00 r
  fir_I_u/y[15] (fir20_q16_fromx_WL16_FL12_NTAPS10)       0.00       0.00 r
  dac_I[15] (out)                                         0.00       0.00 r
  data arrival time                                                  0.00
  --------------------------------------------------------------------------
  (Path is unconstrained)


1
 
****************************************
Report : area
Design : top_interpolator_dac
Version: W-2024.09-SP3
Date   : Sat Jul  4 15:26:17 2026
****************************************

Library(s) Used:

    gtech (File: /tools/synopsys/syn/W-2024.09-SP3/libraries/syn/gtech.db)

Number of ports:                        35434
Number of nets:                        110281
Number of cells:                        54745
Number of combinational cells:          52877
Number of sequential cells:              1093
Number of macros/black boxes:               0
Number of buf/inv:                       6704
Number of references:                      18

Combinational area:                  0.000000
Buf/Inv area:                        0.000000
Noncombinational area:               0.000000
Macro/Black Box area:                0.000000
Net Interconnect area:      undefined  (Wire load has zero net area)

Total cell area:                     0.000000
Total area:                 undefined

Information: This design contains unmapped logic. (RPT-7)
1
 
****************************************
Report : constraint
        -all_violators
Design : top_interpolator_dac
Version: W-2024.09-SP3
Date   : Sat Jul  4 15:26:17 2026
****************************************

This design has no constraints.

1
 
****************************************
check_design summary:
Version:     W-2024.09-SP3
Date:        Sat Jul  4 15:26:18 2026
****************************************

                   Name                                            Total
--------------------------------------------------------------------------------
Inputs/Outputs                                                     18
    Feedthrough (LINT-29)                                          18

Cells                                                               4
    Cells do not drive (LINT-1)                                     4

Nets                                                              959
    Unloaded nets (LINT-2)                                        959
--------------------------------------------------------------------------------

Warning: In design 'minaj2_interp_3samp_internalSlope', cell 'B_5' does not drive any nets. (LINT-1)
Warning: In design 'minaj2_interp_3samp_internalSlope', cell 'B_6' does not drive any nets. (LINT-1)
Warning: In design 'minaj2_interp_3samp_internalSlope', cell 'B_7' does not drive any nets. (LINT-1)
Warning: In design 'minaj2_interp_3samp_internalSlope', cell 'B_8' does not drive any nets. (LINT-1)
Warning: In design 'top_interpolator_dac', net 'minaj2_Q/net11224' driven by pin 'minaj2_Q/add_134_C151/Z_0' has no loads. (LINT-2)
Warning: In design 'top_interpolator_dac', net 'minaj2_Q/net11223' driven by pin 'minaj2_Q/add_134_C151/Z_1' has no loads. (LINT-2)
Warning: In design 'top_interpolator_dac', net 'minaj2_Q/net11222' driven by pin 'minaj2_Q/add_134_C151/Z_2' has no loads. (LINT-2)
Warning: In design 'top_interpolator_dac', net 'minaj2_Q/net11221' driven by pin 'minaj2_Q/add_134_C151/Z_3' has no loads. (LINT-2)
Warning: In design 'top_interpolator_dac', net 'minaj2_Q/net11220' driven by pin 'minaj2_Q/add_134_C151/Z_4' has no loads. (LINT-2)
Warning: In design 'top_interpolator_dac', net 'minaj2_Q/net11219' driven by pin 'minaj2_Q/add_134_C151/Z_5' has no loads. (LINT-2)
Warning: In design 'top_interpolator_dac', net 'minaj2_Q/net11218' driven by pin 'minaj2_Q/add_134_C151/Z_6' has no loads. (LINT-2)
Warning: In design 'top_interpolator_dac', net 'minaj2_Q/net11217' driven by pin 'minaj2_Q/add_134_C151/Z_7' has no loads. (LINT-2)
Warning: In design 'top_interpolator_dac', net 'minaj2_Q/net11216' driven by pin 'minaj2_Q/add_134_C151/Z_8' has no loads. (LINT-2)
Warning: In design 'top_interpolator_dac', net 'minaj2_Q/net11215' driven by pin 'minaj2_Q/add_134_C151/Z_9' has no loads. (LINT-2)
Warning: In design 'top_interpolator_dac', net 'minaj2_Q/net11214' driven by pin 'minaj2_Q/add_134_C151/Z_10' has no loads. (LINT-2)
Warning: In design 'top_interpolator_dac', net 'minaj2_Q/net11213' driven by pin 'minaj2_Q/add_134_C151/Z_11' has no loads. (LINT-2)
Warning: In design 'top_interpolator_dac', net 'minaj2_Q/net11212' driven by pin 'minaj2_Q/add_134_C151/Z_12' has no loads. (LINT-2)
Warning: In design 'top_interpolator_dac', net 'minaj2_Q/net11211' driven by pin 'minaj2_Q/add_134_C151/Z_13' has no loads. (LINT-2)
Warning: In design 'top_interpolator_dac', net 'minaj2_Q/net11210' driven by pin 'minaj2_Q/add_134_C151/Z_14' has no loads. (LINT-2)
Warning: In design 'top_interpolator_dac', net 'minaj2_Q/net11209' driven by pin 'minaj2_Q/add_134_C152/Z_0' has no loads. (LINT-2)
Warning: In design 'top_interpolator_dac', net 'minaj2_Q/net11208' driven by pin 'minaj2_Q/add_134_C152/Z_1' has no loads. (LINT-2)
Warning: In design 'top_interpolator_dac', net 'minaj2_Q/net11207' driven by pin 'minaj2_Q/add_134_C152/Z_2' has no loads. (LINT-2)
Warning: In design 'top_interpolator_dac', net 'minaj2_Q/net11206' driven by pin 'minaj2_Q/add_134_C152/Z_3' has no loads. (LINT-2)
Warning: In design 'top_interpolator_dac', net 'minaj2_Q/net11205' driven by pin 'minaj2_Q/add_134_C152/Z_4' has no loads. (LINT-2)
Warning: In design 'top_interpolator_dac', net 'minaj2_Q/net11204' driven by pin 'minaj2_Q/add_134_C152/Z_5' has no loads. (LINT-2)
Warning: In design 'top_interpolator_dac', net 'minaj2_Q/net11203' driven by pin 'minaj2_Q/add_134_C152/Z_6' has no loads. (LINT-2)
Warning: In design 'top_interpolator_dac', net 'minaj2_Q/net11202' driven by pin 'minaj2_Q/add_134_C152/Z_7' has no loads. (LINT-2)
Warning: In design 'top_interpolator_dac', net 'minaj2_Q/net11201' driven by pin 'minaj2_Q/add_134_C152/Z_8' has no loads. (LINT-2)
Warning: In design 'top_interpolator_dac', net 'minaj2_Q/net11200' driven by pin 'minaj2_Q/add_134_C152/Z_9' has no loads. (LINT-2)
Warning: In design 'top_interpolator_dac', net 'minaj2_Q/net11199' driven by pin 'minaj2_Q/add_134_C152/Z_10' has no loads. (LINT-2)
Warning: In design 'top_interpolator_dac', net 'minaj2_Q/net11198' driven by pin 'minaj2_Q/add_134_C152/Z_11' has no loads. (LINT-2)
Warning: In design 'top_interpolator_dac', net 'minaj2_Q/net11197' driven by pin 'minaj2_Q/add_134_C152/Z_12' has no loads. (LINT-2)
Warning: In design 'top_interpolator_dac', net 'minaj2_Q/net11196' driven by pin 'minaj2_Q/add_134_C152/Z_13' has no loads. (LINT-2)
Warning: In design 'top_interpolator_dac', net 'minaj2_Q/net11195' driven by pin 'minaj2_Q/add_134_C152/Z_14' has no loads. (LINT-2)
Warning: In design 'top_interpolator_dac', net 'minaj2_Q/net11194' driven by pin 'minaj2_Q/add_134_C157/Z_0' has no loads. (LINT-2)
Warning: In design 'top_interpolator_dac', net 'minaj2_Q/net11193' driven by pin 'minaj2_Q/add_134_C157/Z_1' has no loads. (LINT-2)
Warning: In design 'top_interpolator_dac', net 'minaj2_Q/net11192' driven by pin 'minaj2_Q/add_134_C157/Z_2' has no loads. (LINT-2)
Warning: In design 'top_interpolator_dac', net 'minaj2_Q/net11191' driven by pin 'minaj2_Q/add_134_C157/Z_3' has no loads. (LINT-2)
Warning: In design 'top_interpolator_dac', net 'minaj2_Q/net11190' driven by pin 'minaj2_Q/add_134_C157/Z_4' has no loads. (LINT-2)
Warning: In design 'top_interpolator_dac', net 'minaj2_Q/net11189' driven by pin 'minaj2_Q/add_134_C157/Z_5' has no loads. (LINT-2)
Warning: In design 'top_interpolator_dac', net 'minaj2_Q/net11188' driven by pin 'minaj2_Q/add_134_C157/Z_6' has no loads. (LINT-2)
Warning: In design 'top_interpolator_dac', net 'minaj2_Q/net11187' driven by pin 'minaj2_Q/add_134_C157/Z_7' has no loads. (LINT-2)
Warning: In design 'top_interpolator_dac', net 'minaj2_Q/net11186' driven by pin 'minaj2_Q/add_134_C157/Z_8' has no loads. (LINT-2)
Warning: In design 'top_interpolator_dac', net 'minaj2_Q/net11185' driven by pin 'minaj2_Q/add_134_C157/Z_9' has no loads. (LINT-2)
Warning: In design 'top_interpolator_dac', net 'minaj2_Q/net11184' driven by pin 'minaj2_Q/add_134_C157/Z_10' has no loads. (LINT-2)
Warning: In design 'top_interpolator_dac', net 'minaj2_Q/net11183' driven by pin 'minaj2_Q/add_134_C157/Z_11' has no loads. (LINT-2)
Warning: In design 'top_interpolator_dac', net 'minaj2_Q/net11182' driven by pin 'minaj2_Q/add_134_C157/Z_12' has no loads. (LINT-2)
Warning: In design 'top_interpolator_dac', net 'minaj2_Q/net11181' driven by pin 'minaj2_Q/add_134_C157/Z_13' has no loads. (LINT-2)
Warning: In design 'top_interpolator_dac', net 'minaj2_Q/net11180' driven by pin 'minaj2_Q/add_134_C157/Z_14' has no loads. (LINT-2)
Warning: In design 'top_interpolator_dac', net 'minaj2_Q/net11179' driven by pin 'minaj2_Q/add_134_C160/Z_0' has no loads. (LINT-2)
Warning: In design 'top_interpolator_dac', net 'minaj2_Q/net11178' driven by pin 'minaj2_Q/add_134_C160/Z_1' has no loads. (LINT-2)
Warning: In design 'top_interpolator_dac', net 'minaj2_Q/net11177' driven by pin 'minaj2_Q/add_134_C160/Z_2' has no loads. (LINT-2)
Warning: In design 'top_interpolator_dac', net 'minaj2_Q/net11176' driven by pin 'minaj2_Q/add_134_C160/Z_3' has no loads. (LINT-2)
Warning: In design 'top_interpolator_dac', net 'minaj2_Q/net11175' driven by pin 'minaj2_Q/add_134_C160/Z_4' has no loads. (LINT-2)
Warning: In design 'top_interpolator_dac', net 'minaj2_Q/net11174' driven by pin 'minaj2_Q/add_134_C160/Z_5' has no loads. (LINT-2)
Warning: In design 'top_interpolator_dac', net 'minaj2_Q/net11173' driven by pin 'minaj2_Q/add_134_C160/Z_6' has no loads. (LINT-2)
Warning: In design 'top_interpolator_dac', net 'minaj2_Q/net11172' driven by pin 'minaj2_Q/add_134_C160/Z_7' has no loads. (LINT-2)
Warning: In design 'top_interpolator_dac', net 'minaj2_Q/net11171' driven by pin 'minaj2_Q/add_134_C160/Z_8' has no loads. (LINT-2)
Warning: In design 'top_interpolator_dac', net 'minaj2_Q/net11170' driven by pin 'minaj2_Q/add_134_C160/Z_9' has no loads. (LINT-2)
Warning: In design 'top_interpolator_dac', net 'minaj2_Q/net11169' driven by pin 'minaj2_Q/add_134_C160/Z_10' has no loads. (LINT-2)
Warning: In design 'top_interpolator_dac', net 'minaj2_Q/net11168' driven by pin 'minaj2_Q/add_134_C160/Z_11' has no loads. (LINT-2)
Warning: In design 'top_interpolator_dac', net 'minaj2_Q/net11167' driven by pin 'minaj2_Q/add_134_C160/Z_12' has no loads. (LINT-2)
Warning: In design 'top_interpolator_dac', net 'minaj2_Q/net11166' driven by pin 'minaj2_Q/add_134_C160/Z_13' has no loads. (LINT-2)
Warning: In design 'top_interpolator_dac', net 'minaj2_Q/net11165' driven by pin 'minaj2_Q/add_134_C160/Z_14' has no loads. (LINT-2)
Warning: In design 'top_interpolator_dac', net 'minaj2_Q/net11164' driven by pin 'minaj2_Q/add_134_C161/Z_0' has no loads. (LINT-2)
Warning: In design 'top_interpolator_dac', net 'minaj2_Q/net11163' driven by pin 'minaj2_Q/add_134_C161/Z_1' has no loads. (LINT-2)
Warning: In design 'top_interpolator_dac', net 'minaj2_Q/net11162' driven by pin 'minaj2_Q/add_134_C161/Z_2' has no loads. (LINT-2)
Warning: In design 'top_interpolator_dac', net 'minaj2_Q/net11161' driven by pin 'minaj2_Q/add_134_C161/Z_3' has no loads. (LINT-2)
Warning: In design 'top_interpolator_dac', net 'minaj2_Q/net11160' driven by pin 'minaj2_Q/add_134_C161/Z_4' has no loads. (LINT-2)
Warning: In design 'top_interpolator_dac', net 'minaj2_Q/net11159' driven by pin 'minaj2_Q/add_134_C161/Z_5' has no loads. (LINT-2)
Warning: In design 'top_interpolator_dac', net 'minaj2_Q/net11158' driven by pin 'minaj2_Q/add_134_C161/Z_6' has no loads. (LINT-2)
Warning: In design 'top_interpolator_dac', net 'minaj2_Q/net11157' driven by pin 'minaj2_Q/add_134_C161/Z_7' has no loads. (LINT-2)
Warning: In design 'top_interpolator_dac', net 'minaj2_Q/net11156' driven by pin 'minaj2_Q/add_134_C161/Z_8' has no loads. (LINT-2)
Warning: In design 'top_interpolator_dac', net 'minaj2_Q/net11155' driven by pin 'minaj2_Q/add_134_C161/Z_9' has no loads. (LINT-2)
Warning: In design 'top_interpolator_dac', net 'minaj2_Q/net11154' driven by pin 'minaj2_Q/add_134_C161/Z_10' has no loads. (LINT-2)
Warning: In design 'top_interpolator_dac', net 'minaj2_Q/net11153' driven by pin 'minaj2_Q/add_134_C161/Z_11' has no loads. (LINT-2)
Warning: In design 'top_interpolator_dac', net 'minaj2_Q/net11152' driven by pin 'minaj2_Q/add_134_C161/Z_12' has no loads. (LINT-2)
Warning: In design 'top_interpolator_dac', net 'minaj2_Q/net11151' driven by pin 'minaj2_Q/add_134_C161/Z_13' has no loads. (LINT-2)
Warning: In design 'top_interpolator_dac', net 'minaj2_Q/net11150' driven by pin 'minaj2_Q/add_134_C161/Z_14' has no loads. (LINT-2)
Warning: In design 'top_interpolator_dac', net 'minaj2_Q/net11149' driven by pin 'minaj2_Q/add_134_C162/Z_0' has no loads. (LINT-2)
Warning: In design 'top_interpolator_dac', net 'minaj2_Q/net11148' driven by pin 'minaj2_Q/add_134_C162/Z_1' has no loads. (LINT-2)
Warning: In design 'top_interpolator_dac', net 'minaj2_Q/net11147' driven by pin 'minaj2_Q/add_134_C162/Z_2' has no loads. (LINT-2)
Warning: In design 'top_interpolator_dac', net 'minaj2_Q/net11146' driven by pin 'minaj2_Q/add_134_C162/Z_3' has no loads. (LINT-2)
Warning: In design 'top_interpolator_dac', net 'minaj2_Q/net11145' driven by pin 'minaj2_Q/add_134_C162/Z_4' has no loads. (LINT-2)
Warning: In design 'top_interpolator_dac', net 'minaj2_Q/net11144' driven by pin 'minaj2_Q/add_134_C162/Z_5' has no loads. (LINT-2)
Warning: In design 'top_interpolator_dac', net 'minaj2_Q/net11143' driven by pin 'minaj2_Q/add_134_C162/Z_6' has no loads. (LINT-2)
Warning: In design 'top_interpolator_dac', net 'minaj2_Q/net11142' driven by pin 'minaj2_Q/add_134_C162/Z_7' has no loads. (LINT-2)
Warning: In design 'top_interpolator_dac', net 'minaj2_Q/net11141' driven by pin 'minaj2_Q/add_134_C162/Z_8' has no loads. (LINT-2)
Warning: In design 'top_interpolator_dac', net 'minaj2_Q/net11140' driven by pin 'minaj2_Q/add_134_C162/Z_9' has no loads. (LINT-2)
Warning: In design 'top_interpolator_dac', net 'minaj2_Q/net11139' driven by pin 'minaj2_Q/add_134_C162/Z_10' has no loads. (LINT-2)
Warning: In design 'top_interpolator_dac', net 'minaj2_Q/net11138' driven by pin 'minaj2_Q/add_134_C162/Z_11' has no loads. (LINT-2)
Warning: In design 'top_interpolator_dac', net 'minaj2_Q/net11137' driven by pin 'minaj2_Q/add_134_C162/Z_12' has no loads. (LINT-2)
Warning: In design 'top_interpolator_dac', net 'minaj2_Q/net11136' driven by pin 'minaj2_Q/add_134_C162/Z_13' has no loads. (LINT-2)
Warning: In design 'top_interpolator_dac', net 'minaj2_Q/net11135' driven by pin 'minaj2_Q/add_134_C162/Z_14' has no loads. (LINT-2)
Warning: In design 'top_interpolator_dac', net 'minaj2_Q/net11134' driven by pin 'minaj2_Q/add_134_C163/Z_0' has no loads. (LINT-2)
Warning: In design 'top_interpolator_dac', net 'minaj2_Q/net11133' driven by pin 'minaj2_Q/add_134_C163/Z_1' has no loads. (LINT-2)
Warning: In design 'top_interpolator_dac', net 'minaj2_Q/net11132' driven by pin 'minaj2_Q/add_134_C163/Z_2' has no loads. (LINT-2)
Warning: In design 'top_interpolator_dac', net 'minaj2_Q/net11131' driven by pin 'minaj2_Q/add_134_C163/Z_3' has no loads. (LINT-2)
Warning: In design 'top_interpolator_dac', net 'minaj2_Q/net11130' driven by pin 'minaj2_Q/add_134_C163/Z_4' has no loads. (LINT-2)
Warning: In design 'top_interpolator_dac', net 'minaj2_Q/net11129' driven by pin 'minaj2_Q/add_134_C163/Z_5' has no loads. (LINT-2)
Warning: In design 'top_interpolator_dac', net 'minaj2_Q/net11128' driven by pin 'minaj2_Q/add_134_C163/Z_6' has no loads. (LINT-2)
Warning: In design 'top_interpolator_dac', net 'minaj2_Q/net11127' driven by pin 'minaj2_Q/add_134_C163/Z_7' has no loads. (LINT-2)
Warning: In design 'top_interpolator_dac', net 'minaj2_Q/net11126' driven by pin 'minaj2_Q/add_134_C163/Z_8' has no loads. (LINT-2)
Warning: In design 'top_interpolator_dac', net 'minaj2_Q/net11125' driven by pin 'minaj2_Q/add_134_C163/Z_9' has no loads. (LINT-2)
Warning: In design 'top_interpolator_dac', net 'minaj2_Q/net11124' driven by pin 'minaj2_Q/add_134_C163/Z_10' has no loads. (LINT-2)
Warning: In design 'top_interpolator_dac', net 'minaj2_Q/net11123' driven by pin 'minaj2_Q/add_134_C163/Z_11' has no loads. (LINT-2)
Warning: In design 'top_interpolator_dac', net 'minaj2_Q/net11122' driven by pin 'minaj2_Q/add_134_C163/Z_12' has no loads. (LINT-2)
Warning: In design 'top_interpolator_dac', net 'minaj2_Q/net11121' driven by pin 'minaj2_Q/add_134_C163/Z_13' has no loads. (LINT-2)
Warning: In design 'top_interpolator_dac', net 'minaj2_Q/net11120' driven by pin 'minaj2_Q/add_134_C163/Z_14' has no loads. (LINT-2)
Warning: In design 'top_interpolator_dac', net 'minaj2_Q/net11119' driven by pin 'minaj2_Q/add_134_C148/Z_0' has no loads. (LINT-2)
Warning: In design 'top_interpolator_dac', net 'minaj2_Q/net11118' driven by pin 'minaj2_Q/add_134_C148/Z_1' has no loads. (LINT-2)
Warning: In design 'top_interpolator_dac', net 'minaj2_Q/net11117' driven by pin 'minaj2_Q/add_134_C148/Z_2' has no loads. (LINT-2)
Warning: In design 'top_interpolator_dac', net 'minaj2_Q/net11116' driven by pin 'minaj2_Q/add_134_C148/Z_3' has no loads. (LINT-2)
Warning: In design 'top_interpolator_dac', net 'minaj2_Q/net11115' driven by pin 'minaj2_Q/add_134_C148/Z_4' has no loads. (LINT-2)
Warning: In design 'top_interpolator_dac', net 'minaj2_Q/net11114' driven by pin 'minaj2_Q/add_134_C148/Z_5' has no loads. (LINT-2)
Warning: In design 'top_interpolator_dac', net 'minaj2_Q/net11113' driven by pin 'minaj2_Q/add_134_C148/Z_6' has no loads. (LINT-2)
Warning: In design 'top_interpolator_dac', net 'minaj2_Q/net11112' driven by pin 'minaj2_Q/add_134_C148/Z_7' has no loads. (LINT-2)
Warning: In design 'top_interpolator_dac', net 'minaj2_Q/net11111' driven by pin 'minaj2_Q/add_134_C148/Z_8' has no loads. (LINT-2)
Warning: In design 'top_interpolator_dac', net 'minaj2_Q/net11110' driven by pin 'minaj2_Q/add_134_C148/Z_9' has no loads. (LINT-2)
Warning: In design 'top_interpolator_dac', net 'minaj2_Q/net11109' driven by pin 'minaj2_Q/add_134_C148/Z_10' has no loads. (LINT-2)
Warning: In design 'top_interpolator_dac', net 'minaj2_Q/net11108' driven by pin 'minaj2_Q/add_134_C148/Z_11' has no loads. (LINT-2)
Warning: In design 'top_interpolator_dac', net 'minaj2_Q/net11107' driven by pin 'minaj2_Q/add_134_C148/Z_12' has no loads. (LINT-2)
Warning: In design 'top_interpolator_dac', net 'minaj2_Q/net11106' driven by pin 'minaj2_Q/add_134_C148/Z_13' has no loads. (LINT-2)
Warning: In design 'top_interpolator_dac', net 'minaj2_Q/net11105' driven by pin 'minaj2_Q/add_134_C148/Z_14' has no loads. (LINT-2)
Warning: In design 'top_interpolator_dac', net 'minaj2_Q/net11104' driven by pin 'minaj2_Q/add_132_C151/Z_0' has no loads. (LINT-2)
Warning: In design 'top_interpolator_dac', net 'minaj2_Q/net11103' driven by pin 'minaj2_Q/add_132_C151/Z_1' has no loads. (LINT-2)
Warning: In design 'top_interpolator_dac', net 'minaj2_Q/net11102' driven by pin 'minaj2_Q/add_132_C151/Z_2' has no loads. (LINT-2)
Warning: In design 'top_interpolator_dac', net 'minaj2_Q/net11101' driven by pin 'minaj2_Q/add_132_C151/Z_3' has no loads. (LINT-2)
Warning: In design 'top_interpolator_dac', net 'minaj2_Q/net11100' driven by pin 'minaj2_Q/add_132_C151/Z_4' has no loads. (LINT-2)
Warning: In design 'top_interpolator_dac', net 'minaj2_Q/net11099' driven by pin 'minaj2_Q/add_132_C151/Z_5' has no loads. (LINT-2)
Warning: In design 'top_interpolator_dac', net 'minaj2_Q/net11098' driven by pin 'minaj2_Q/add_132_C151/Z_6' has no loads. (LINT-2)
Warning: In design 'top_interpolator_dac', net 'minaj2_Q/net11097' driven by pin 'minaj2_Q/add_132_C151/Z_7' has no loads. (LINT-2)
Warning: In design 'top_interpolator_dac', net 'minaj2_Q/net11096' driven by pin 'minaj2_Q/add_132_C151/Z_8' has no loads. (LINT-2)
Warning: In design 'top_interpolator_dac', net 'minaj2_Q/net11095' driven by pin 'minaj2_Q/add_132_C151/Z_9' has no loads. (LINT-2)
Warning: In design 'top_interpolator_dac', net 'minaj2_Q/net11094' driven by pin 'minaj2_Q/add_132_C151/Z_10' has no loads. (LINT-2)
Warning: In design 'top_interpolator_dac', net 'minaj2_Q/net11093' driven by pin 'minaj2_Q/add_132_C151/Z_11' has no loads. (LINT-2)
Warning: In design 'top_interpolator_dac', net 'minaj2_Q/net11092' driven by pin 'minaj2_Q/add_132_C151/Z_12' has no loads. (LINT-2)
Warning: In design 'top_interpolator_dac', net 'minaj2_Q/net11091' driven by pin 'minaj2_Q/add_132_C151/Z_13' has no loads. (LINT-2)
Warning: In design 'top_interpolator_dac', net 'minaj2_Q/net11090' driven by pin 'minaj2_Q/add_132_C151/Z_14' has no loads. (LINT-2)
Warning: In design 'top_interpolator_dac', net 'minaj2_Q/net11089' driven by pin 'minaj2_Q/add_132_C152/Z_0' has no loads. (LINT-2)
Warning: In design 'top_interpolator_dac', net 'minaj2_Q/net11088' driven by pin 'minaj2_Q/add_132_C152/Z_1' has no loads. (LINT-2)
Warning: In design 'top_interpolator_dac', net 'minaj2_Q/net11087' driven by pin 'minaj2_Q/add_132_C152/Z_2' has no loads. (LINT-2)
Warning: In design 'top_interpolator_dac', net 'minaj2_Q/net11086' driven by pin 'minaj2_Q/add_132_C152/Z_3' has no loads. (LINT-2)
Warning: In design 'top_interpolator_dac', net 'minaj2_Q/net11085' driven by pin 'minaj2_Q/add_132_C152/Z_4' has no loads. (LINT-2)
Warning: In design 'top_interpolator_dac', net 'minaj2_Q/net11084' driven by pin 'minaj2_Q/add_132_C152/Z_5' has no loads. (LINT-2)
Warning: In design 'top_interpolator_dac', net 'minaj2_Q/net11083' driven by pin 'minaj2_Q/add_132_C152/Z_6' has no loads. (LINT-2)
Warning: In design 'top_interpolator_dac', net 'minaj2_Q/net11082' driven by pin 'minaj2_Q/add_132_C152/Z_7' has no loads. (LINT-2)
Warning: In design 'top_interpolator_dac', net 'minaj2_Q/net11081' driven by pin 'minaj2_Q/add_132_C152/Z_8' has no loads. (LINT-2)
Warning: In design 'top_interpolator_dac', net 'minaj2_Q/net11080' driven by pin 'minaj2_Q/add_132_C152/Z_9' has no loads. (LINT-2)
Warning: In design 'top_interpolator_dac', net 'minaj2_Q/net11079' driven by pin 'minaj2_Q/add_132_C152/Z_10' has no loads. (LINT-2)
Warning: In design 'top_interpolator_dac', net 'minaj2_Q/net11078' driven by pin 'minaj2_Q/add_132_C152/Z_11' has no loads. (LINT-2)
Warning: In design 'top_interpolator_dac', net 'minaj2_Q/net11077' driven by pin 'minaj2_Q/add_132_C152/Z_12' has no loads. (LINT-2)
Warning: In design 'top_interpolator_dac', net 'minaj2_Q/net11076' driven by pin 'minaj2_Q/add_132_C152/Z_13' has no loads. (LINT-2)
Warning: In design 'top_interpolator_dac', net 'minaj2_Q/net11075' driven by pin 'minaj2_Q/add_132_C152/Z_14' has no loads. (LINT-2)
Warning: In design 'top_interpolator_dac', net 'minaj2_Q/net11074' driven by pin 'minaj2_Q/add_134_C155/Z_0' has no loads. (LINT-2)
Warning: In design 'top_interpolator_dac', net 'minaj2_Q/net11073' driven by pin 'minaj2_Q/add_134_C155/Z_1' has no loads. (LINT-2)
Warning: In design 'top_interpolator_dac', net 'minaj2_Q/net11072' driven by pin 'minaj2_Q/add_134_C155/Z_2' has no loads. (LINT-2)
Warning: In design 'top_interpolator_dac', net 'minaj2_Q/net11071' driven by pin 'minaj2_Q/add_134_C155/Z_3' has no loads. (LINT-2)
Warning: In design 'top_interpolator_dac', net 'minaj2_Q/net11070' driven by pin 'minaj2_Q/add_134_C155/Z_4' has no loads. (LINT-2)
Warning: In design 'top_interpolator_dac', net 'minaj2_Q/net11069' driven by pin 'minaj2_Q/add_134_C155/Z_5' has no loads. (LINT-2)
Warning: In design 'top_interpolator_dac', net 'minaj2_Q/net11068' driven by pin 'minaj2_Q/add_134_C155/Z_6' has no loads. (LINT-2)
Warning: In design 'top_interpolator_dac', net 'minaj2_Q/net11067' driven by pin 'minaj2_Q/add_134_C155/Z_7' has no loads. (LINT-2)
Warning: In design 'top_interpolator_dac', net 'minaj2_Q/net11066' driven by pin 'minaj2_Q/add_134_C155/Z_8' has no loads. (LINT-2)
Warning: In design 'top_interpolator_dac', net 'minaj2_Q/net11065' driven by pin 'minaj2_Q/add_134_C155/Z_9' has no loads. (LINT-2)
Warning: In design 'top_interpolator_dac', net 'minaj2_Q/net11064' driven by pin 'minaj2_Q/add_134_C155/Z_10' has no loads. (LINT-2)
Warning: In design 'top_interpolator_dac', net 'minaj2_Q/net11063' driven by pin 'minaj2_Q/add_134_C155/Z_11' has no loads. (LINT-2)
Warning: In design 'top_interpolator_dac', net 'minaj2_Q/net11062' driven by pin 'minaj2_Q/add_134_C155/Z_12' has no loads. (LINT-2)
Warning: In design 'top_interpolator_dac', net 'minaj2_Q/net11061' driven by pin 'minaj2_Q/add_134_C155/Z_13' has no loads. (LINT-2)
Warning: In design 'top_interpolator_dac', net 'minaj2_Q/net11060' driven by pin 'minaj2_Q/add_134_C155/Z_14' has no loads. (LINT-2)
Warning: In design 'top_interpolator_dac', net 'minaj2_Q/net11059' driven by pin 'minaj2_Q/add_134_C156/Z_0' has no loads. (LINT-2)
Warning: In design 'top_interpolator_dac', net 'minaj2_Q/net11058' driven by pin 'minaj2_Q/add_134_C156/Z_1' has no loads. (LINT-2)
Warning: In design 'top_interpolator_dac', net 'minaj2_Q/net11057' driven by pin 'minaj2_Q/add_134_C156/Z_2' has no loads. (LINT-2)
Warning: In design 'top_interpolator_dac', net 'minaj2_Q/net11056' driven by pin 'minaj2_Q/add_134_C156/Z_3' has no loads. (LINT-2)
Warning: In design 'top_interpolator_dac', net 'minaj2_Q/net11055' driven by pin 'minaj2_Q/add_134_C156/Z_4' has no loads. (LINT-2)
Warning: In design 'top_interpolator_dac', net 'minaj2_Q/net11054' driven by pin 'minaj2_Q/add_134_C156/Z_5' has no loads. (LINT-2)
Warning: In design 'top_interpolator_dac', net 'minaj2_Q/net11053' driven by pin 'minaj2_Q/add_134_C156/Z_6' has no loads. (LINT-2)
Warning: In design 'top_interpolator_dac', net 'minaj2_Q/net11052' driven by pin 'minaj2_Q/add_134_C156/Z_7' has no loads. (LINT-2)
Warning: In design 'top_interpolator_dac', net 'minaj2_Q/net11051' driven by pin 'minaj2_Q/add_134_C156/Z_8' has no loads. (LINT-2)
Warning: In design 'top_interpolator_dac', net 'minaj2_Q/net11050' driven by pin 'minaj2_Q/add_134_C156/Z_9' has no loads. (LINT-2)
Warning: In design 'top_interpolator_dac', net 'minaj2_Q/net11049' driven by pin 'minaj2_Q/add_134_C156/Z_10' has no loads. (LINT-2)
Warning: In design 'top_interpolator_dac', net 'minaj2_Q/net11048' driven by pin 'minaj2_Q/add_134_C156/Z_11' has no loads. (LINT-2)
Warning: In design 'top_interpolator_dac', net 'minaj2_Q/net11047' driven by pin 'minaj2_Q/add_134_C156/Z_12' has no loads. (LINT-2)
Warning: In design 'top_interpolator_dac', net 'minaj2_Q/net11046' driven by pin 'minaj2_Q/add_134_C156/Z_13' has no loads. (LINT-2)
Warning: In design 'top_interpolator_dac', net 'minaj2_Q/net11045' driven by pin 'minaj2_Q/add_134_C156/Z_14' has no loads. (LINT-2)
Warning: In design 'top_interpolator_dac', net 'minaj2_Q/net11044' driven by pin 'minaj2_Q/add_132_C157/Z_0' has no loads. (LINT-2)
Warning: In design 'top_interpolator_dac', net 'minaj2_Q/net11043' driven by pin 'minaj2_Q/add_132_C157/Z_1' has no loads. (LINT-2)
Warning: In design 'top_interpolator_dac', net 'minaj2_Q/net11042' driven by pin 'minaj2_Q/add_132_C157/Z_2' has no loads. (LINT-2)
Warning: In design 'top_interpolator_dac', net 'minaj2_Q/net11041' driven by pin 'minaj2_Q/add_132_C157/Z_3' has no loads. (LINT-2)
Warning: In design 'top_interpolator_dac', net 'minaj2_Q/net11040' driven by pin 'minaj2_Q/add_132_C157/Z_4' has no loads. (LINT-2)
Warning: In design 'top_interpolator_dac', net 'minaj2_Q/net11039' driven by pin 'minaj2_Q/add_132_C157/Z_5' has no loads. (LINT-2)
Warning: In design 'top_interpolator_dac', net 'minaj2_Q/net11038' driven by pin 'minaj2_Q/add_132_C157/Z_6' has no loads. (LINT-2)
Warning: In design 'top_interpolator_dac', net 'minaj2_Q/net11037' driven by pin 'minaj2_Q/add_132_C157/Z_7' has no loads. (LINT-2)
Warning: In design 'top_interpolator_dac', net 'minaj2_Q/net11036' driven by pin 'minaj2_Q/add_132_C157/Z_8' has no loads. (LINT-2)
Warning: In design 'top_interpolator_dac', net 'minaj2_Q/net11035' driven by pin 'minaj2_Q/add_132_C157/Z_9' has no loads. (LINT-2)
Warning: In design 'top_interpolator_dac', net 'minaj2_Q/net11034' driven by pin 'minaj2_Q/add_132_C157/Z_10' has no loads. (LINT-2)
Warning: In design 'top_interpolator_dac', net 'minaj2_Q/net11033' driven by pin 'minaj2_Q/add_132_C157/Z_11' has no loads. (LINT-2)
Warning: In design 'top_interpolator_dac', net 'minaj2_Q/net11032' driven by pin 'minaj2_Q/add_132_C157/Z_12' has no loads. (LINT-2)
Warning: In design 'top_interpolator_dac', net 'minaj2_Q/net11031' driven by pin 'minaj2_Q/add_132_C157/Z_13' has no loads. (LINT-2)
Warning: In design 'top_interpolator_dac', net 'minaj2_Q/net11030' driven by pin 'minaj2_Q/add_132_C157/Z_14' has no loads. (LINT-2)
Warning: In design 'top_interpolator_dac', net 'minaj2_Q/net11029' driven by pin 'minaj2_Q/add_132_C160/Z_0' has no loads. (LINT-2)
Warning: In design 'top_interpolator_dac', net 'minaj2_Q/net11028' driven by pin 'minaj2_Q/add_132_C160/Z_1' has no loads. (LINT-2)
Warning: In design 'top_interpolator_dac', net 'minaj2_Q/net11027' driven by pin 'minaj2_Q/add_132_C160/Z_2' has no loads. (LINT-2)
Warning: In design 'top_interpolator_dac', net 'minaj2_Q/net11026' driven by pin 'minaj2_Q/add_132_C160/Z_3' has no loads. (LINT-2)
Warning: In design 'top_interpolator_dac', net 'minaj2_Q/net11025' driven by pin 'minaj2_Q/add_132_C160/Z_4' has no loads. (LINT-2)
Warning: In design 'top_interpolator_dac', net 'minaj2_Q/net11024' driven by pin 'minaj2_Q/add_132_C160/Z_5' has no loads. (LINT-2)
Warning: In design 'top_interpolator_dac', net 'minaj2_Q/net11023' driven by pin 'minaj2_Q/add_132_C160/Z_6' has no loads. (LINT-2)
Warning: In design 'top_interpolator_dac', net 'minaj2_Q/net11022' driven by pin 'minaj2_Q/add_132_C160/Z_7' has no loads. (LINT-2)
Warning: In design 'top_interpolator_dac', net 'minaj2_Q/net11021' driven by pin 'minaj2_Q/add_132_C160/Z_8' has no loads. (LINT-2)
Warning: In design 'top_interpolator_dac', net 'minaj2_Q/net11020' driven by pin 'minaj2_Q/add_132_C160/Z_9' has no loads. (LINT-2)
Warning: In design 'top_interpolator_dac', net 'minaj2_Q/net11019' driven by pin 'minaj2_Q/add_132_C160/Z_10' has no loads. (LINT-2)
Warning: In design 'top_interpolator_dac', net 'minaj2_Q/net11018' driven by pin 'minaj2_Q/add_132_C160/Z_11' has no loads. (LINT-2)
Warning: In design 'top_interpolator_dac', net 'minaj2_Q/net11017' driven by pin 'minaj2_Q/add_132_C160/Z_12' has no loads. (LINT-2)
Warning: In design 'top_interpolator_dac', net 'minaj2_Q/net11016' driven by pin 'minaj2_Q/add_132_C160/Z_13' has no loads. (LINT-2)
Warning: In design 'top_interpolator_dac', net 'minaj2_Q/net11015' driven by pin 'minaj2_Q/add_132_C160/Z_14' has no loads. (LINT-2)
Warning: In design 'top_interpolator_dac', net 'minaj2_Q/net11014' driven by pin 'minaj2_Q/add_132_C161/Z_0' has no loads. (LINT-2)
Warning: In design 'top_interpolator_dac', net 'minaj2_Q/net11013' driven by pin 'minaj2_Q/add_132_C161/Z_1' has no loads. (LINT-2)
Warning: In design 'top_interpolator_dac', net 'minaj2_Q/net11012' driven by pin 'minaj2_Q/add_132_C161/Z_2' has no loads. (LINT-2)
Warning: In design 'top_interpolator_dac', net 'minaj2_Q/net11011' driven by pin 'minaj2_Q/add_132_C161/Z_3' has no loads. (LINT-2)
Warning: In design 'top_interpolator_dac', net 'minaj2_Q/net11010' driven by pin 'minaj2_Q/add_132_C161/Z_4' has no loads. (LINT-2)
Warning: In design 'top_interpolator_dac', net 'minaj2_Q/net11009' driven by pin 'minaj2_Q/add_132_C161/Z_5' has no loads. (LINT-2)
Warning: In design 'top_interpolator_dac', net 'minaj2_Q/net11008' driven by pin 'minaj2_Q/add_132_C161/Z_6' has no loads. (LINT-2)
Warning: In design 'top_interpolator_dac', net 'minaj2_Q/net11007' driven by pin 'minaj2_Q/add_132_C161/Z_7' has no loads. (LINT-2)
Warning: In design 'top_interpolator_dac', net 'minaj2_Q/net11006' driven by pin 'minaj2_Q/add_132_C161/Z_8' has no loads. (LINT-2)
Warning: In design 'top_interpolator_dac', net 'minaj2_Q/net11005' driven by pin 'minaj2_Q/add_132_C161/Z_9' has no loads. (LINT-2)
Warning: In design 'top_interpolator_dac', net 'minaj2_Q/net11004' driven by pin 'minaj2_Q/add_132_C161/Z_10' has no loads. (LINT-2)
Warning: In design 'top_interpolator_dac', net 'minaj2_Q/net11003' driven by pin 'minaj2_Q/add_132_C161/Z_11' has no loads. (LINT-2)
Warning: In design 'top_interpolator_dac', net 'minaj2_Q/net11002' driven by pin 'minaj2_Q/add_132_C161/Z_12' has no loads. (LINT-2)
Warning: In design 'top_interpolator_dac', net 'minaj2_Q/net11001' driven by pin 'minaj2_Q/add_132_C161/Z_13' has no loads. (LINT-2)
Warning: In design 'top_interpolator_dac', net 'minaj2_Q/net11000' driven by pin 'minaj2_Q/add_132_C161/Z_14' has no loads. (LINT-2)
Warning: In design 'top_interpolator_dac', net 'minaj2_Q/net10999' driven by pin 'minaj2_Q/add_132_C162/Z_0' has no loads. (LINT-2)
Warning: In design 'top_interpolator_dac', net 'minaj2_Q/net10998' driven by pin 'minaj2_Q/add_132_C162/Z_1' has no loads. (LINT-2)
Warning: In design 'top_interpolator_dac', net 'minaj2_Q/net10997' driven by pin 'minaj2_Q/add_132_C162/Z_2' has no loads. (LINT-2)
Warning: In design 'top_interpolator_dac', net 'minaj2_Q/net10996' driven by pin 'minaj2_Q/add_132_C162/Z_3' has no loads. (LINT-2)
Warning: In design 'top_interpolator_dac', net 'minaj2_Q/net10995' driven by pin 'minaj2_Q/add_132_C162/Z_4' has no loads. (LINT-2)
Warning: In design 'top_interpolator_dac', net 'minaj2_Q/net10994' driven by pin 'minaj2_Q/add_132_C162/Z_5' has no loads. (LINT-2)
Warning: In design 'top_interpolator_dac', net 'minaj2_Q/net10993' driven by pin 'minaj2_Q/add_132_C162/Z_6' has no loads. (LINT-2)
Warning: In design 'top_interpolator_dac', net 'minaj2_Q/net10992' driven by pin 'minaj2_Q/add_132_C162/Z_7' has no loads. (LINT-2)
Warning: In design 'top_interpolator_dac', net 'minaj2_Q/net10991' driven by pin 'minaj2_Q/add_132_C162/Z_8' has no loads. (LINT-2)
Warning: In design 'top_interpolator_dac', net 'minaj2_Q/net10990' driven by pin 'minaj2_Q/add_132_C162/Z_9' has no loads. (LINT-2)
Warning: In design 'top_interpolator_dac', net 'minaj2_Q/net10989' driven by pin 'minaj2_Q/add_132_C162/Z_10' has no loads. (LINT-2)
Warning: In design 'top_interpolator_dac', net 'minaj2_Q/net10988' driven by pin 'minaj2_Q/add_132_C162/Z_11' has no loads. (LINT-2)
Warning: In design 'top_interpolator_dac', net 'minaj2_Q/net10987' driven by pin 'minaj2_Q/add_132_C162/Z_12' has no loads. (LINT-2)
Warning: In design 'top_interpolator_dac', net 'minaj2_Q/net10986' driven by pin 'minaj2_Q/add_132_C162/Z_13' has no loads. (LINT-2)
Warning: In design 'top_interpolator_dac', net 'minaj2_Q/net10985' driven by pin 'minaj2_Q/add_132_C162/Z_14' has no loads. (LINT-2)
Warning: In design 'top_interpolator_dac', net 'minaj2_Q/net10984' driven by pin 'minaj2_Q/add_132_C163/Z_0' has no loads. (LINT-2)
Warning: In design 'top_interpolator_dac', net 'minaj2_Q/net10983' driven by pin 'minaj2_Q/add_132_C163/Z_1' has no loads. (LINT-2)
Warning: In design 'top_interpolator_dac', net 'minaj2_Q/net10982' driven by pin 'minaj2_Q/add_132_C163/Z_2' has no loads. (LINT-2)
Warning: In design 'top_interpolator_dac', net 'minaj2_Q/net10981' driven by pin 'minaj2_Q/add_132_C163/Z_3' has no loads. (LINT-2)
Warning: In design 'top_interpolator_dac', net 'minaj2_Q/net10980' driven by pin 'minaj2_Q/add_132_C163/Z_4' has no loads. (LINT-2)
Warning: In design 'top_interpolator_dac', net 'minaj2_Q/net10979' driven by pin 'minaj2_Q/add_132_C163/Z_5' has no loads. (LINT-2)
Warning: In design 'top_interpolator_dac', net 'minaj2_Q/net10978' driven by pin 'minaj2_Q/add_132_C163/Z_6' has no loads. (LINT-2)
Warning: In design 'top_interpolator_dac', net 'minaj2_Q/net10977' driven by pin 'minaj2_Q/add_132_C163/Z_7' has no loads. (LINT-2)
Warning: In design 'top_interpolator_dac', net 'minaj2_Q/net10976' driven by pin 'minaj2_Q/add_132_C163/Z_8' has no loads. (LINT-2)
Warning: In design 'top_interpolator_dac', net 'minaj2_Q/net10975' driven by pin 'minaj2_Q/add_132_C163/Z_9' has no loads. (LINT-2)
Warning: In design 'top_interpolator_dac', net 'minaj2_Q/net10974' driven by pin 'minaj2_Q/add_132_C163/Z_10' has no loads. (LINT-2)
Warning: In design 'top_interpolator_dac', net 'minaj2_Q/net10973' driven by pin 'minaj2_Q/add_132_C163/Z_11' has no loads. (LINT-2)
Warning: In design 'top_interpolator_dac', net 'minaj2_Q/net10972' driven by pin 'minaj2_Q/add_132_C163/Z_12' has no loads. (LINT-2)
Warning: In design 'top_interpolator_dac', net 'minaj2_Q/net10971' driven by pin 'minaj2_Q/add_132_C163/Z_13' has no loads. (LINT-2)
Warning: In design 'top_interpolator_dac', net 'minaj2_Q/net10970' driven by pin 'minaj2_Q/add_132_C163/Z_14' has no loads. (LINT-2)
Warning: In design 'top_interpolator_dac', net 'minaj2_Q/net10969' driven by pin 'minaj2_Q/add_132_C148/Z_0' has no loads. (LINT-2)
Warning: In design 'top_interpolator_dac', net 'minaj2_Q/net10968' driven by pin 'minaj2_Q/add_132_C148/Z_1' has no loads. (LINT-2)
Warning: In design 'top_interpolator_dac', net 'minaj2_Q/net10967' driven by pin 'minaj2_Q/add_132_C148/Z_2' has no loads. (LINT-2)
Warning: In design 'top_interpolator_dac', net 'minaj2_Q/net10966' driven by pin 'minaj2_Q/add_132_C148/Z_3' has no loads. (LINT-2)
Warning: In design 'top_interpolator_dac', net 'minaj2_Q/net10965' driven by pin 'minaj2_Q/add_132_C148/Z_4' has no loads. (LINT-2)
Warning: In design 'top_interpolator_dac', net 'minaj2_Q/net10964' driven by pin 'minaj2_Q/add_132_C148/Z_5' has no loads. (LINT-2)
Warning: In design 'top_interpolator_dac', net 'minaj2_Q/net10963' driven by pin 'minaj2_Q/add_132_C148/Z_6' has no loads. (LINT-2)
Warning: In design 'top_interpolator_dac', net 'minaj2_Q/net10962' driven by pin 'minaj2_Q/add_132_C148/Z_7' has no loads. (LINT-2)
Warning: In design 'top_interpolator_dac', net 'minaj2_Q/net10961' driven by pin 'minaj2_Q/add_132_C148/Z_8' has no loads. (LINT-2)
Warning: In design 'top_interpolator_dac', net 'minaj2_Q/net10960' driven by pin 'minaj2_Q/add_132_C148/Z_9' has no loads. (LINT-2)
Warning: In design 'top_interpolator_dac', net 'minaj2_Q/net10959' driven by pin 'minaj2_Q/add_132_C148/Z_10' has no loads. (LINT-2)
Warning: In design 'top_interpolator_dac', net 'minaj2_Q/net10958' driven by pin 'minaj2_Q/add_132_C148/Z_11' has no loads. (LINT-2)
Warning: In design 'top_interpolator_dac', net 'minaj2_Q/net10957' driven by pin 'minaj2_Q/add_132_C148/Z_12' has no loads. (LINT-2)
Warning: In design 'top_interpolator_dac', net 'minaj2_Q/net10956' driven by pin 'minaj2_Q/add_132_C148/Z_13' has no loads. (LINT-2)
Warning: In design 'top_interpolator_dac', net 'minaj2_Q/net10955' driven by pin 'minaj2_Q/add_132_C148/Z_14' has no loads. (LINT-2)
Warning: In design 'top_interpolator_dac', net 'minaj2_Q/net10954' driven by pin 'minaj2_Q/add_132_C155/Z_0' has no loads. (LINT-2)
Warning: In design 'top_interpolator_dac', net 'minaj2_Q/net10953' driven by pin 'minaj2_Q/add_132_C155/Z_1' has no loads. (LINT-2)
Warning: In design 'top_interpolator_dac', net 'minaj2_Q/net10952' driven by pin 'minaj2_Q/add_132_C155/Z_2' has no loads. (LINT-2)
Warning: In design 'top_interpolator_dac', net 'minaj2_Q/net10951' driven by pin 'minaj2_Q/add_132_C155/Z_3' has no loads. (LINT-2)
Warning: In design 'top_interpolator_dac', net 'minaj2_Q/net10950' driven by pin 'minaj2_Q/add_132_C155/Z_4' has no loads. (LINT-2)
Warning: In design 'top_interpolator_dac', net 'minaj2_Q/net10949' driven by pin 'minaj2_Q/add_132_C155/Z_5' has no loads. (LINT-2)
Warning: In design 'top_interpolator_dac', net 'minaj2_Q/net10948' driven by pin 'minaj2_Q/add_132_C155/Z_6' has no loads. (LINT-2)
Warning: In design 'top_interpolator_dac', net 'minaj2_Q/net10947' driven by pin 'minaj2_Q/add_132_C155/Z_7' has no loads. (LINT-2)
Warning: In design 'top_interpolator_dac', net 'minaj2_Q/net10946' driven by pin 'minaj2_Q/add_132_C155/Z_8' has no loads. (LINT-2)
Warning: In design 'top_interpolator_dac', net 'minaj2_Q/net10945' driven by pin 'minaj2_Q/add_132_C155/Z_9' has no loads. (LINT-2)
Warning: In design 'top_interpolator_dac', net 'minaj2_Q/net10944' driven by pin 'minaj2_Q/add_132_C155/Z_10' has no loads. (LINT-2)
Warning: In design 'top_interpolator_dac', net 'minaj2_Q/net10943' driven by pin 'minaj2_Q/add_132_C155/Z_11' has no loads. (LINT-2)
Warning: In design 'top_interpolator_dac', net 'minaj2_Q/net10942' driven by pin 'minaj2_Q/add_132_C155/Z_12' has no loads. (LINT-2)
Warning: In design 'top_interpolator_dac', net 'minaj2_Q/net10941' driven by pin 'minaj2_Q/add_132_C155/Z_13' has no loads. (LINT-2)
Warning: In design 'top_interpolator_dac', net 'minaj2_Q/net10940' driven by pin 'minaj2_Q/add_132_C155/Z_14' has no loads. (LINT-2)
Warning: In design 'top_interpolator_dac', net 'minaj2_Q/net10939' driven by pin 'minaj2_Q/add_132_C156/Z_0' has no loads. (LINT-2)
Warning: In design 'top_interpolator_dac', net 'minaj2_Q/net10938' driven by pin 'minaj2_Q/add_132_C156/Z_1' has no loads. (LINT-2)
Warning: In design 'top_interpolator_dac', net 'minaj2_Q/net10937' driven by pin 'minaj2_Q/add_132_C156/Z_2' has no loads. (LINT-2)
Warning: In design 'top_interpolator_dac', net 'minaj2_Q/net10936' driven by pin 'minaj2_Q/add_132_C156/Z_3' has no loads. (LINT-2)
Warning: In design 'top_interpolator_dac', net 'minaj2_Q/net10935' driven by pin 'minaj2_Q/add_132_C156/Z_4' has no loads. (LINT-2)
Warning: In design 'top_interpolator_dac', net 'minaj2_Q/net10934' driven by pin 'minaj2_Q/add_132_C156/Z_5' has no loads. (LINT-2)
Warning: In design 'top_interpolator_dac', net 'minaj2_Q/net10933' driven by pin 'minaj2_Q/add_132_C156/Z_6' has no loads. (LINT-2)
Warning: In design 'top_interpolator_dac', net 'minaj2_Q/net10932' driven by pin 'minaj2_Q/add_132_C156/Z_7' has no loads. (LINT-2)
Warning: In design 'top_interpolator_dac', net 'minaj2_Q/net10931' driven by pin 'minaj2_Q/add_132_C156/Z_8' has no loads. (LINT-2)
Warning: In design 'top_interpolator_dac', net 'minaj2_Q/net10930' driven by pin 'minaj2_Q/add_132_C156/Z_9' has no loads. (LINT-2)
Warning: In design 'top_interpolator_dac', net 'minaj2_Q/net10929' driven by pin 'minaj2_Q/add_132_C156/Z_10' has no loads. (LINT-2)
Warning: In design 'top_interpolator_dac', net 'minaj2_Q/net10928' driven by pin 'minaj2_Q/add_132_C156/Z_11' has no loads. (LINT-2)
Warning: In design 'top_interpolator_dac', net 'minaj2_Q/net10927' driven by pin 'minaj2_Q/add_132_C156/Z_12' has no loads. (LINT-2)
Warning: In design 'top_interpolator_dac', net 'minaj2_Q/net10926' driven by pin 'minaj2_Q/add_132_C156/Z_13' has no loads. (LINT-2)
Warning: In design 'top_interpolator_dac', net 'minaj2_Q/net10925' driven by pin 'minaj2_Q/add_132_C156/Z_14' has no loads. (LINT-2)
Warning: In design 'top_interpolator_dac', net 'minaj2_Q/net10924' driven by pin 'minaj2_Q/add_130_C151/Z_0' has no loads. (LINT-2)
Warning: In design 'top_interpolator_dac', net 'minaj2_Q/net10923' driven by pin 'minaj2_Q/add_130_C151/Z_1' has no loads. (LINT-2)
Warning: In design 'top_interpolator_dac', net 'minaj2_Q/net10922' driven by pin 'minaj2_Q/add_130_C151/Z_2' has no loads. (LINT-2)
Warning: In design 'top_interpolator_dac', net 'minaj2_Q/net10921' driven by pin 'minaj2_Q/add_130_C151/Z_3' has no loads. (LINT-2)
Warning: In design 'top_interpolator_dac', net 'minaj2_Q/net10920' driven by pin 'minaj2_Q/add_130_C151/Z_4' has no loads. (LINT-2)
Warning: In design 'top_interpolator_dac', net 'minaj2_Q/net10919' driven by pin 'minaj2_Q/add_130_C151/Z_5' has no loads. (LINT-2)
Warning: In design 'top_interpolator_dac', net 'minaj2_Q/net10918' driven by pin 'minaj2_Q/add_130_C151/Z_6' has no loads. (LINT-2)
Warning: In design 'top_interpolator_dac', net 'minaj2_Q/net10917' driven by pin 'minaj2_Q/add_130_C151/Z_7' has no loads. (LINT-2)
Warning: In design 'top_interpolator_dac', net 'minaj2_Q/net10916' driven by pin 'minaj2_Q/add_130_C151/Z_8' has no loads. (LINT-2)
Warning: In design 'top_interpolator_dac', net 'minaj2_Q/net10915' driven by pin 'minaj2_Q/add_130_C151/Z_9' has no loads. (LINT-2)
Warning: In design 'top_interpolator_dac', net 'minaj2_Q/net10914' driven by pin 'minaj2_Q/add_130_C151/Z_10' has no loads. (LINT-2)
Warning: In design 'top_interpolator_dac', net 'minaj2_Q/net10913' driven by pin 'minaj2_Q/add_130_C151/Z_11' has no loads. (LINT-2)
Warning: In design 'top_interpolator_dac', net 'minaj2_Q/net10912' driven by pin 'minaj2_Q/add_130_C151/Z_12' has no loads. (LINT-2)
Warning: In design 'top_interpolator_dac', net 'minaj2_Q/net10911' driven by pin 'minaj2_Q/add_130_C151/Z_13' has no loads. (LINT-2)
Warning: In design 'top_interpolator_dac', net 'minaj2_Q/net10910' driven by pin 'minaj2_Q/add_130_C151/Z_14' has no loads. (LINT-2)
Warning: In design 'top_interpolator_dac', net 'minaj2_Q/net10909' driven by pin 'minaj2_Q/add_130_C152/Z_0' has no loads. (LINT-2)
Warning: In design 'top_interpolator_dac', net 'minaj2_Q/net10908' driven by pin 'minaj2_Q/add_130_C152/Z_1' has no loads. (LINT-2)
Warning: In design 'top_interpolator_dac', net 'minaj2_Q/net10907' driven by pin 'minaj2_Q/add_130_C152/Z_2' has no loads. (LINT-2)
Warning: In design 'top_interpolator_dac', net 'minaj2_Q/net10906' driven by pin 'minaj2_Q/add_130_C152/Z_3' has no loads. (LINT-2)
Warning: In design 'top_interpolator_dac', net 'minaj2_Q/net10905' driven by pin 'minaj2_Q/add_130_C152/Z_4' has no loads. (LINT-2)
Warning: In design 'top_interpolator_dac', net 'minaj2_Q/net10904' driven by pin 'minaj2_Q/add_130_C152/Z_5' has no loads. (LINT-2)
Warning: In design 'top_interpolator_dac', net 'minaj2_Q/net10903' driven by pin 'minaj2_Q/add_130_C152/Z_6' has no loads. (LINT-2)
Warning: In design 'top_interpolator_dac', net 'minaj2_Q/net10902' driven by pin 'minaj2_Q/add_130_C152/Z_7' has no loads. (LINT-2)
Warning: In design 'top_interpolator_dac', net 'minaj2_Q/net10901' driven by pin 'minaj2_Q/add_130_C152/Z_8' has no loads. (LINT-2)
Warning: In design 'top_interpolator_dac', net 'minaj2_Q/net10900' driven by pin 'minaj2_Q/add_130_C152/Z_9' has no loads. (LINT-2)
Warning: In design 'top_interpolator_dac', net 'minaj2_Q/net10899' driven by pin 'minaj2_Q/add_130_C152/Z_10' has no loads. (LINT-2)
Warning: In design 'top_interpolator_dac', net 'minaj2_Q/net10898' driven by pin 'minaj2_Q/add_130_C152/Z_11' has no loads. (LINT-2)
Warning: In design 'top_interpolator_dac', net 'minaj2_Q/net10897' driven by pin 'minaj2_Q/add_130_C152/Z_12' has no loads. (LINT-2)
Warning: In design 'top_interpolator_dac', net 'minaj2_Q/net10896' driven by pin 'minaj2_Q/add_130_C152/Z_13' has no loads. (LINT-2)
Warning: In design 'top_interpolator_dac', net 'minaj2_Q/net10895' driven by pin 'minaj2_Q/add_130_C152/Z_14' has no loads. (LINT-2)
Warning: In design 'top_interpolator_dac', net 'minaj2_Q/net10894' driven by pin 'minaj2_Q/add_130_C157/Z_0' has no loads. (LINT-2)
Warning: In design 'top_interpolator_dac', net 'minaj2_Q/net10893' driven by pin 'minaj2_Q/add_130_C157/Z_1' has no loads. (LINT-2)
Warning: In design 'top_interpolator_dac', net 'minaj2_Q/net10892' driven by pin 'minaj2_Q/add_130_C157/Z_2' has no loads. (LINT-2)
Warning: In design 'top_interpolator_dac', net 'minaj2_Q/net10891' driven by pin 'minaj2_Q/add_130_C157/Z_3' has no loads. (LINT-2)
Warning: In design 'top_interpolator_dac', net 'minaj2_Q/net10890' driven by pin 'minaj2_Q/add_130_C157/Z_4' has no loads. (LINT-2)
Warning: In design 'top_interpolator_dac', net 'minaj2_Q/net10889' driven by pin 'minaj2_Q/add_130_C157/Z_5' has no loads. (LINT-2)
Warning: In design 'top_interpolator_dac', net 'minaj2_Q/net10888' driven by pin 'minaj2_Q/add_130_C157/Z_6' has no loads. (LINT-2)
Warning: In design 'top_interpolator_dac', net 'minaj2_Q/net10887' driven by pin 'minaj2_Q/add_130_C157/Z_7' has no loads. (LINT-2)
Warning: In design 'top_interpolator_dac', net 'minaj2_Q/net10886' driven by pin 'minaj2_Q/add_130_C157/Z_8' has no loads. (LINT-2)
Warning: In design 'top_interpolator_dac', net 'minaj2_Q/net10885' driven by pin 'minaj2_Q/add_130_C157/Z_9' has no loads. (LINT-2)
Warning: In design 'top_interpolator_dac', net 'minaj2_Q/net10884' driven by pin 'minaj2_Q/add_130_C157/Z_10' has no loads. (LINT-2)
Warning: In design 'top_interpolator_dac', net 'minaj2_Q/net10883' driven by pin 'minaj2_Q/add_130_C157/Z_11' has no loads. (LINT-2)
Warning: In design 'top_interpolator_dac', net 'minaj2_Q/net10882' driven by pin 'minaj2_Q/add_130_C157/Z_12' has no loads. (LINT-2)
Warning: In design 'top_interpolator_dac', net 'minaj2_Q/net10881' driven by pin 'minaj2_Q/add_130_C157/Z_13' has no loads. (LINT-2)
Warning: In design 'top_interpolator_dac', net 'minaj2_Q/net10880' driven by pin 'minaj2_Q/add_130_C157/Z_14' has no loads. (LINT-2)
Warning: In design 'top_interpolator_dac', net 'minaj2_Q/net10879' driven by pin 'minaj2_Q/add_130_C160/Z_0' has no loads. (LINT-2)
Warning: In design 'top_interpolator_dac', net 'minaj2_Q/net10878' driven by pin 'minaj2_Q/add_130_C160/Z_1' has no loads. (LINT-2)
Warning: In design 'top_interpolator_dac', net 'minaj2_Q/net10877' driven by pin 'minaj2_Q/add_130_C160/Z_2' has no loads. (LINT-2)
Warning: In design 'top_interpolator_dac', net 'minaj2_Q/net10876' driven by pin 'minaj2_Q/add_130_C160/Z_3' has no loads. (LINT-2)
Warning: In design 'top_interpolator_dac', net 'minaj2_Q/net10875' driven by pin 'minaj2_Q/add_130_C160/Z_4' has no loads. (LINT-2)
Warning: In design 'top_interpolator_dac', net 'minaj2_Q/net10874' driven by pin 'minaj2_Q/add_130_C160/Z_5' has no loads. (LINT-2)
Warning: In design 'top_interpolator_dac', net 'minaj2_Q/net10873' driven by pin 'minaj2_Q/add_130_C160/Z_6' has no loads. (LINT-2)
Warning: In design 'top_interpolator_dac', net 'minaj2_Q/net10872' driven by pin 'minaj2_Q/add_130_C160/Z_7' has no loads. (LINT-2)
Warning: In design 'top_interpolator_dac', net 'minaj2_Q/net10871' driven by pin 'minaj2_Q/add_130_C160/Z_8' has no loads. (LINT-2)
Warning: In design 'top_interpolator_dac', net 'minaj2_Q/net10870' driven by pin 'minaj2_Q/add_130_C160/Z_9' has no loads. (LINT-2)
Warning: In design 'top_interpolator_dac', net 'minaj2_Q/net10869' driven by pin 'minaj2_Q/add_130_C160/Z_10' has no loads. (LINT-2)
Warning: In design 'top_interpolator_dac', net 'minaj2_Q/net10868' driven by pin 'minaj2_Q/add_130_C160/Z_11' has no loads. (LINT-2)
Warning: In design 'top_interpolator_dac', net 'minaj2_Q/net10867' driven by pin 'minaj2_Q/add_130_C160/Z_12' has no loads. (LINT-2)
Warning: In design 'top_interpolator_dac', net 'minaj2_Q/net10866' driven by pin 'minaj2_Q/add_130_C160/Z_13' has no loads. (LINT-2)
Warning: In design 'top_interpolator_dac', net 'minaj2_Q/net10865' driven by pin 'minaj2_Q/add_130_C160/Z_14' has no loads. (LINT-2)
Warning: In design 'top_interpolator_dac', net 'minaj2_Q/net10864' driven by pin 'minaj2_Q/add_130_C161/Z_0' has no loads. (LINT-2)
Warning: In design 'top_interpolator_dac', net 'minaj2_Q/net10863' driven by pin 'minaj2_Q/add_130_C161/Z_1' has no loads. (LINT-2)
Warning: In design 'top_interpolator_dac', net 'minaj2_Q/net10862' driven by pin 'minaj2_Q/add_130_C161/Z_2' has no loads. (LINT-2)
Warning: In design 'top_interpolator_dac', net 'minaj2_Q/net10861' driven by pin 'minaj2_Q/add_130_C161/Z_3' has no loads. (LINT-2)
Warning: In design 'top_interpolator_dac', net 'minaj2_Q/net10860' driven by pin 'minaj2_Q/add_130_C161/Z_4' has no loads. (LINT-2)
Warning: In design 'top_interpolator_dac', net 'minaj2_Q/net10859' driven by pin 'minaj2_Q/add_130_C161/Z_5' has no loads. (LINT-2)
Warning: In design 'top_interpolator_dac', net 'minaj2_Q/net10858' driven by pin 'minaj2_Q/add_130_C161/Z_6' has no loads. (LINT-2)
Warning: In design 'top_interpolator_dac', net 'minaj2_Q/net10857' driven by pin 'minaj2_Q/add_130_C161/Z_7' has no loads. (LINT-2)
Warning: In design 'top_interpolator_dac', net 'minaj2_Q/net10856' driven by pin 'minaj2_Q/add_130_C161/Z_8' has no loads. (LINT-2)
Warning: In design 'top_interpolator_dac', net 'minaj2_Q/net10855' driven by pin 'minaj2_Q/add_130_C161/Z_9' has no loads. (LINT-2)
Warning: In design 'top_interpolator_dac', net 'minaj2_Q/net10854' driven by pin 'minaj2_Q/add_130_C161/Z_10' has no loads. (LINT-2)
Warning: In design 'top_interpolator_dac', net 'minaj2_Q/net10853' driven by pin 'minaj2_Q/add_130_C161/Z_11' has no loads. (LINT-2)
Warning: In design 'top_interpolator_dac', net 'minaj2_Q/net10852' driven by pin 'minaj2_Q/add_130_C161/Z_12' has no loads. (LINT-2)
Warning: In design 'top_interpolator_dac', net 'minaj2_Q/net10851' driven by pin 'minaj2_Q/add_130_C161/Z_13' has no loads. (LINT-2)
Warning: In design 'top_interpolator_dac', net 'minaj2_Q/net10850' driven by pin 'minaj2_Q/add_130_C161/Z_14' has no loads. (LINT-2)
Warning: In design 'top_interpolator_dac', net 'minaj2_Q/net10849' driven by pin 'minaj2_Q/add_130_C162/Z_0' has no loads. (LINT-2)
Warning: In design 'top_interpolator_dac', net 'minaj2_Q/net10848' driven by pin 'minaj2_Q/add_130_C162/Z_1' has no loads. (LINT-2)
Warning: In design 'top_interpolator_dac', net 'minaj2_Q/net10847' driven by pin 'minaj2_Q/add_130_C162/Z_2' has no loads. (LINT-2)
Warning: In design 'top_interpolator_dac', net 'minaj2_Q/net10846' driven by pin 'minaj2_Q/add_130_C162/Z_3' has no loads. (LINT-2)
Warning: In design 'top_interpolator_dac', net 'minaj2_Q/net10845' driven by pin 'minaj2_Q/add_130_C162/Z_4' has no loads. (LINT-2)
Warning: In design 'top_interpolator_dac', net 'minaj2_Q/net10844' driven by pin 'minaj2_Q/add_130_C162/Z_5' has no loads. (LINT-2)
Warning: In design 'top_interpolator_dac', net 'minaj2_Q/net10843' driven by pin 'minaj2_Q/add_130_C162/Z_6' has no loads. (LINT-2)
Warning: In design 'top_interpolator_dac', net 'minaj2_Q/net10842' driven by pin 'minaj2_Q/add_130_C162/Z_7' has no loads. (LINT-2)
Warning: In design 'top_interpolator_dac', net 'minaj2_Q/net10841' driven by pin 'minaj2_Q/add_130_C162/Z_8' has no loads. (LINT-2)
Warning: In design 'top_interpolator_dac', net 'minaj2_Q/net10840' driven by pin 'minaj2_Q/add_130_C162/Z_9' has no loads. (LINT-2)
Warning: In design 'top_interpolator_dac', net 'minaj2_Q/net10839' driven by pin 'minaj2_Q/add_130_C162/Z_10' has no loads. (LINT-2)
Warning: In design 'top_interpolator_dac', net 'minaj2_Q/net10838' driven by pin 'minaj2_Q/add_130_C162/Z_11' has no loads. (LINT-2)
Warning: In design 'top_interpolator_dac', net 'minaj2_Q/net10837' driven by pin 'minaj2_Q/add_130_C162/Z_12' has no loads. (LINT-2)
Warning: In design 'top_interpolator_dac', net 'minaj2_Q/net10836' driven by pin 'minaj2_Q/add_130_C162/Z_13' has no loads. (LINT-2)
Warning: In design 'top_interpolator_dac', net 'minaj2_Q/net10835' driven by pin 'minaj2_Q/add_130_C162/Z_14' has no loads. (LINT-2)
Warning: In design 'top_interpolator_dac', net 'minaj2_Q/net10834' driven by pin 'minaj2_Q/add_130_C163/Z_0' has no loads. (LINT-2)
Warning: In design 'top_interpolator_dac', net 'minaj2_Q/net10833' driven by pin 'minaj2_Q/add_130_C163/Z_1' has no loads. (LINT-2)
Warning: In design 'top_interpolator_dac', net 'minaj2_Q/net10832' driven by pin 'minaj2_Q/add_130_C163/Z_2' has no loads. (LINT-2)
Warning: In design 'top_interpolator_dac', net 'minaj2_Q/net10831' driven by pin 'minaj2_Q/add_130_C163/Z_3' has no loads. (LINT-2)
Warning: In design 'top_interpolator_dac', net 'minaj2_Q/net10830' driven by pin 'minaj2_Q/add_130_C163/Z_4' has no loads. (LINT-2)
Warning: In design 'top_interpolator_dac', net 'minaj2_Q/net10829' driven by pin 'minaj2_Q/add_130_C163/Z_5' has no loads. (LINT-2)
Warning: In design 'top_interpolator_dac', net 'minaj2_Q/net10828' driven by pin 'minaj2_Q/add_130_C163/Z_6' has no loads. (LINT-2)
Warning: In design 'top_interpolator_dac', net 'minaj2_Q/net10827' driven by pin 'minaj2_Q/add_130_C163/Z_7' has no loads. (LINT-2)
Warning: In design 'top_interpolator_dac', net 'minaj2_Q/net10826' driven by pin 'minaj2_Q/add_130_C163/Z_8' has no loads. (LINT-2)
Warning: In design 'top_interpolator_dac', net 'minaj2_Q/net10825' driven by pin 'minaj2_Q/add_130_C163/Z_9' has no loads. (LINT-2)
Warning: In design 'top_interpolator_dac', net 'minaj2_Q/net10824' driven by pin 'minaj2_Q/add_130_C163/Z_10' has no loads. (LINT-2)
Warning: In design 'top_interpolator_dac', net 'minaj2_Q/net10823' driven by pin 'minaj2_Q/add_130_C163/Z_11' has no loads. (LINT-2)
Warning: In design 'top_interpolator_dac', net 'minaj2_Q/net10822' driven by pin 'minaj2_Q/add_130_C163/Z_12' has no loads. (LINT-2)
Warning: In design 'top_interpolator_dac', net 'minaj2_Q/net10821' driven by pin 'minaj2_Q/add_130_C163/Z_13' has no loads. (LINT-2)
Warning: In design 'top_interpolator_dac', net 'minaj2_Q/net10820' driven by pin 'minaj2_Q/add_130_C163/Z_14' has no loads. (LINT-2)
Warning: In design 'top_interpolator_dac', net 'minaj2_Q/net10819' driven by pin 'minaj2_Q/add_130_C148/Z_0' has no loads. (LINT-2)
Warning: In design 'top_interpolator_dac', net 'minaj2_Q/net10818' driven by pin 'minaj2_Q/add_130_C148/Z_1' has no loads. (LINT-2)
Warning: In design 'top_interpolator_dac', net 'minaj2_Q/net10817' driven by pin 'minaj2_Q/add_130_C148/Z_2' has no loads. (LINT-2)
Warning: In design 'top_interpolator_dac', net 'minaj2_Q/net10816' driven by pin 'minaj2_Q/add_130_C148/Z_3' has no loads. (LINT-2)
Warning: In design 'top_interpolator_dac', net 'minaj2_Q/net10815' driven by pin 'minaj2_Q/add_130_C148/Z_4' has no loads. (LINT-2)
Warning: In design 'top_interpolator_dac', net 'minaj2_Q/net10814' driven by pin 'minaj2_Q/add_130_C148/Z_5' has no loads. (LINT-2)
Warning: In design 'top_interpolator_dac', net 'minaj2_Q/net10813' driven by pin 'minaj2_Q/add_130_C148/Z_6' has no loads. (LINT-2)
Warning: In design 'top_interpolator_dac', net 'minaj2_Q/net10812' driven by pin 'minaj2_Q/add_130_C148/Z_7' has no loads. (LINT-2)
Warning: In design 'top_interpolator_dac', net 'minaj2_Q/net10811' driven by pin 'minaj2_Q/add_130_C148/Z_8' has no loads. (LINT-2)
Warning: In design 'top_interpolator_dac', net 'minaj2_Q/net10810' driven by pin 'minaj2_Q/add_130_C148/Z_9' has no loads. (LINT-2)
Warning: In design 'top_interpolator_dac', net 'minaj2_Q/net10809' driven by pin 'minaj2_Q/add_130_C148/Z_10' has no loads. (LINT-2)
Warning: In design 'top_interpolator_dac', net 'minaj2_Q/net10808' driven by pin 'minaj2_Q/add_130_C148/Z_11' has no loads. (LINT-2)
Warning: In design 'top_interpolator_dac', net 'minaj2_Q/net10807' driven by pin 'minaj2_Q/add_130_C148/Z_12' has no loads. (LINT-2)
Warning: In design 'top_interpolator_dac', net 'minaj2_Q/net10806' driven by pin 'minaj2_Q/add_130_C148/Z_13' has no loads. (LINT-2)
Warning: In design 'top_interpolator_dac', net 'minaj2_Q/net10805' driven by pin 'minaj2_Q/add_130_C148/Z_14' has no loads. (LINT-2)
Warning: In design 'top_interpolator_dac', net 'minaj2_Q/net10804' driven by pin 'minaj2_Q/add_130_C155/Z_0' has no loads. (LINT-2)
Warning: In design 'top_interpolator_dac', net 'minaj2_Q/net10803' driven by pin 'minaj2_Q/add_130_C155/Z_1' has no loads. (LINT-2)
Warning: In design 'top_interpolator_dac', net 'minaj2_Q/net10802' driven by pin 'minaj2_Q/add_130_C155/Z_2' has no loads. (LINT-2)
Warning: In design 'top_interpolator_dac', net 'minaj2_Q/net10801' driven by pin 'minaj2_Q/add_130_C155/Z_3' has no loads. (LINT-2)
Warning: In design 'top_interpolator_dac', net 'minaj2_Q/net10800' driven by pin 'minaj2_Q/add_130_C155/Z_4' has no loads. (LINT-2)
Warning: In design 'top_interpolator_dac', net 'minaj2_Q/net10799' driven by pin 'minaj2_Q/add_130_C155/Z_5' has no loads. (LINT-2)
Warning: In design 'top_interpolator_dac', net 'minaj2_Q/net10798' driven by pin 'minaj2_Q/add_130_C155/Z_6' has no loads. (LINT-2)
Warning: In design 'top_interpolator_dac', net 'minaj2_Q/net10797' driven by pin 'minaj2_Q/add_130_C155/Z_7' has no loads. (LINT-2)
Warning: In design 'top_interpolator_dac', net 'minaj2_Q/net10796' driven by pin 'minaj2_Q/add_130_C155/Z_8' has no loads. (LINT-2)
Warning: In design 'top_interpolator_dac', net 'minaj2_Q/net10795' driven by pin 'minaj2_Q/add_130_C155/Z_9' has no loads. (LINT-2)
Warning: In design 'top_interpolator_dac', net 'minaj2_Q/net10794' driven by pin 'minaj2_Q/add_130_C155/Z_10' has no loads. (LINT-2)
Warning: In design 'top_interpolator_dac', net 'minaj2_Q/net10793' driven by pin 'minaj2_Q/add_130_C155/Z_11' has no loads. (LINT-2)
Warning: In design 'top_interpolator_dac', net 'minaj2_Q/net10792' driven by pin 'minaj2_Q/add_130_C155/Z_12' has no loads. (LINT-2)
Warning: In design 'top_interpolator_dac', net 'minaj2_Q/net10791' driven by pin 'minaj2_Q/add_130_C155/Z_13' has no loads. (LINT-2)
Warning: In design 'top_interpolator_dac', net 'minaj2_Q/net10790' driven by pin 'minaj2_Q/add_130_C155/Z_14' has no loads. (LINT-2)
Warning: In design 'top_interpolator_dac', net 'minaj2_Q/net10789' driven by pin 'minaj2_Q/add_130_C156/Z_0' has no loads. (LINT-2)
Warning: In design 'top_interpolator_dac', net 'minaj2_Q/net10788' driven by pin 'minaj2_Q/add_130_C156/Z_1' has no loads. (LINT-2)
Warning: In design 'top_interpolator_dac', net 'minaj2_Q/net10787' driven by pin 'minaj2_Q/add_130_C156/Z_2' has no loads. (LINT-2)
Warning: In design 'top_interpolator_dac', net 'minaj2_Q/net10786' driven by pin 'minaj2_Q/add_130_C156/Z_3' has no loads. (LINT-2)
Warning: In design 'top_interpolator_dac', net 'minaj2_Q/net10785' driven by pin 'minaj2_Q/add_130_C156/Z_4' has no loads. (LINT-2)
Warning: In design 'top_interpolator_dac', net 'minaj2_Q/net10784' driven by pin 'minaj2_Q/add_130_C156/Z_5' has no loads. (LINT-2)
Warning: In design 'top_interpolator_dac', net 'minaj2_Q/net10783' driven by pin 'minaj2_Q/add_130_C156/Z_6' has no loads. (LINT-2)
Warning: In design 'top_interpolator_dac', net 'minaj2_Q/net10782' driven by pin 'minaj2_Q/add_130_C156/Z_7' has no loads. (LINT-2)
Warning: In design 'top_interpolator_dac', net 'minaj2_Q/net10781' driven by pin 'minaj2_Q/add_130_C156/Z_8' has no loads. (LINT-2)
Warning: In design 'top_interpolator_dac', net 'minaj2_Q/net10780' driven by pin 'minaj2_Q/add_130_C156/Z_9' has no loads. (LINT-2)
Warning: In design 'top_interpolator_dac', net 'minaj2_Q/net10779' driven by pin 'minaj2_Q/add_130_C156/Z_10' has no loads. (LINT-2)
Warning: In design 'top_interpolator_dac', net 'minaj2_Q/net10778' driven by pin 'minaj2_Q/add_130_C156/Z_11' has no loads. (LINT-2)
Warning: In design 'top_interpolator_dac', net 'minaj2_Q/net10777' driven by pin 'minaj2_Q/add_130_C156/Z_12' has no loads. (LINT-2)
Warning: In design 'top_interpolator_dac', net 'minaj2_Q/net10776' driven by pin 'minaj2_Q/add_130_C156/Z_13' has no loads. (LINT-2)
Warning: In design 'top_interpolator_dac', net 'minaj2_Q/net10775' driven by pin 'minaj2_Q/add_130_C156/Z_14' has no loads. (LINT-2)
Warning: In design 'top_interpolator_dac', net 'minaj2_Q/net10774' driven by pin 'minaj2_Q/add_70/Z_0' has no loads. (LINT-2)
Warning: In design 'top_interpolator_dac', net 'minaj2_Q/net10773' driven by pin 'minaj2_Q/add_70/Z_1' has no loads. (LINT-2)
Warning: In design 'top_interpolator_dac', net 'minaj2_Q/net10772' driven by pin 'minaj2_Q/add_70/Z_2' has no loads. (LINT-2)
Warning: In design 'top_interpolator_dac', net 'minaj2_Q/net10771' driven by pin 'minaj2_Q/add_70/Z_3' has no loads. (LINT-2)
Warning: In design 'top_interpolator_dac', net 'minaj2_Q/net10770' driven by pin 'minaj2_Q/add_70/Z_4' has no loads. (LINT-2)
Warning: In design 'top_interpolator_dac', net 'minaj2_Q/net10769' driven by pin 'minaj2_Q/add_70/Z_5' has no loads. (LINT-2)
Warning: In design 'top_interpolator_dac', net 'minaj2_Q/net10768' driven by pin 'minaj2_Q/add_70/Z_6' has no loads. (LINT-2)
Warning: In design 'top_interpolator_dac', net 'minaj2_Q/net10767' driven by pin 'minaj2_Q/add_70/Z_7' has no loads. (LINT-2)
Warning: In design 'top_interpolator_dac', net 'minaj2_Q/net10766' driven by pin 'minaj2_Q/add_70/Z_8' has no loads. (LINT-2)
Warning: In design 'top_interpolator_dac', net 'minaj2_Q/net10765' driven by pin 'minaj2_Q/add_70/Z_9' has no loads. (LINT-2)
Warning: In design 'top_interpolator_dac', net 'minaj2_Q/net10764' driven by pin 'minaj2_Q/add_70/Z_10' has no loads. (LINT-2)
Warning: In design 'top_interpolator_dac', net 'minaj2_Q/net10763' driven by pin 'minaj2_Q/add_70/Z_11' has no loads. (LINT-2)
Warning: In design 'top_interpolator_dac', net 'minaj2_Q/net10762' driven by pin 'minaj2_Q/add_70/Z_12' has no loads. (LINT-2)
Warning: In design 'top_interpolator_dac', net 'minaj2_Q/net10761' driven by pin 'minaj2_Q/add_70/Z_13' has no loads. (LINT-2)
Warning: In design 'top_interpolator_dac', net 'fir_Q_u/net24967' driven by pin 'fir_Q_u/add_92_I10/Z_0' has no loads. (LINT-2)
Warning: In design 'top_interpolator_dac', net 'fir_Q_u/net24966' driven by pin 'fir_Q_u/add_92_I10/Z_1' has no loads. (LINT-2)
Warning: In design 'top_interpolator_dac', net 'fir_Q_u/net24965' driven by pin 'fir_Q_u/add_92_I10/Z_2' has no loads. (LINT-2)
Warning: In design 'top_interpolator_dac', net 'fir_Q_u/net24964' driven by pin 'fir_Q_u/add_92_I10/Z_3' has no loads. (LINT-2)
Warning: In design 'top_interpolator_dac', net 'fir_Q_u/net24963' driven by pin 'fir_Q_u/add_92_I10/Z_4' has no loads. (LINT-2)
Warning: In design 'top_interpolator_dac', net 'fir_Q_u/net24962' driven by pin 'fir_Q_u/add_92_I10/Z_5' has no loads. (LINT-2)
Warning: In design 'top_interpolator_dac', net 'fir_Q_u/net24961' driven by pin 'fir_Q_u/add_92_I10/Z_6' has no loads. (LINT-2)
Warning: In design 'top_interpolator_dac', net 'fir_Q_u/net24960' driven by pin 'fir_Q_u/add_92_I10/Z_7' has no loads. (LINT-2)
Warning: In design 'top_interpolator_dac', net 'fir_Q_u/net24959' driven by pin 'fir_Q_u/add_92_I10/Z_8' has no loads. (LINT-2)
Warning: In design 'top_interpolator_dac', net 'fir_Q_u/net24958' driven by pin 'fir_Q_u/add_92_I10/Z_9' has no loads. (LINT-2)
Warning: In design 'top_interpolator_dac', net 'fir_Q_u/net24957' driven by pin 'fir_Q_u/add_92_I10/Z_10' has no loads. (LINT-2)
Warning: In design 'top_interpolator_dac', net 'fir_Q_u/net24956' driven by pin 'fir_Q_u/add_92_I10/Z_11' has no loads. (LINT-2)
Warning: In design 'top_interpolator_dac', net 'fir_Q_u/net24955' driven by pin 'fir_Q_u/C929/Z' has no loads. (LINT-2)
Warning: In design 'top_interpolator_dac', net 'net255' driven by pin 'C88/Z' has no loads. (LINT-2)
Warning: In design 'top_interpolator_dac', net 'cfg_u/net268' driven by pin 'cfg_u/C149/Z' has no loads. (LINT-2)
Warning: In design 'top_interpolator_dac', net 'spi_I/net278' driven by pin 'spi_I/C322/Z' has no loads. (LINT-2)
Warning: In design 'top_interpolator_dac', net 'spi_I/net277' driven by pin 'spi_I/C299/Z' has no loads. (LINT-2)
Warning: In design 'top_interpolator_dac', net 'minaj2_I/net827' driven by pin 'minaj2_I/add_134_C151/Z_0' has no loads. (LINT-2)
Warning: In design 'top_interpolator_dac', net 'minaj2_I/net826' driven by pin 'minaj2_I/add_134_C151/Z_1' has no loads. (LINT-2)
Warning: In design 'top_interpolator_dac', net 'minaj2_I/net825' driven by pin 'minaj2_I/add_134_C151/Z_2' has no loads. (LINT-2)
Warning: In design 'top_interpolator_dac', net 'minaj2_I/net824' driven by pin 'minaj2_I/add_134_C151/Z_3' has no loads. (LINT-2)
Warning: In design 'top_interpolator_dac', net 'minaj2_I/net823' driven by pin 'minaj2_I/add_134_C151/Z_4' has no loads. (LINT-2)
Warning: In design 'top_interpolator_dac', net 'minaj2_I/net822' driven by pin 'minaj2_I/add_134_C151/Z_5' has no loads. (LINT-2)
Warning: In design 'top_interpolator_dac', net 'minaj2_I/net821' driven by pin 'minaj2_I/add_134_C151/Z_6' has no loads. (LINT-2)
Warning: In design 'top_interpolator_dac', net 'minaj2_I/net820' driven by pin 'minaj2_I/add_134_C151/Z_7' has no loads. (LINT-2)
Warning: In design 'top_interpolator_dac', net 'minaj2_I/net819' driven by pin 'minaj2_I/add_134_C151/Z_8' has no loads. (LINT-2)
Warning: In design 'top_interpolator_dac', net 'minaj2_I/net818' driven by pin 'minaj2_I/add_134_C151/Z_9' has no loads. (LINT-2)
Warning: In design 'top_interpolator_dac', net 'minaj2_I/net817' driven by pin 'minaj2_I/add_134_C151/Z_10' has no loads. (LINT-2)
Warning: In design 'top_interpolator_dac', net 'minaj2_I/net816' driven by pin 'minaj2_I/add_134_C151/Z_11' has no loads. (LINT-2)
Warning: In design 'top_interpolator_dac', net 'minaj2_I/net815' driven by pin 'minaj2_I/add_134_C151/Z_12' has no loads. (LINT-2)
Warning: In design 'top_interpolator_dac', net 'minaj2_I/net814' driven by pin 'minaj2_I/add_134_C151/Z_13' has no loads. (LINT-2)
Warning: In design 'top_interpolator_dac', net 'minaj2_I/net813' driven by pin 'minaj2_I/add_134_C151/Z_14' has no loads. (LINT-2)
Warning: In design 'top_interpolator_dac', net 'minaj2_I/net812' driven by pin 'minaj2_I/add_134_C152/Z_0' has no loads. (LINT-2)
Warning: In design 'top_interpolator_dac', net 'minaj2_I/net811' driven by pin 'minaj2_I/add_134_C152/Z_1' has no loads. (LINT-2)
Warning: In design 'top_interpolator_dac', net 'minaj2_I/net810' driven by pin 'minaj2_I/add_134_C152/Z_2' has no loads. (LINT-2)
Warning: In design 'top_interpolator_dac', net 'minaj2_I/net809' driven by pin 'minaj2_I/add_134_C152/Z_3' has no loads. (LINT-2)
Warning: In design 'top_interpolator_dac', net 'minaj2_I/net808' driven by pin 'minaj2_I/add_134_C152/Z_4' has no loads. (LINT-2)
Warning: In design 'top_interpolator_dac', net 'minaj2_I/net807' driven by pin 'minaj2_I/add_134_C152/Z_5' has no loads. (LINT-2)
Warning: In design 'top_interpolator_dac', net 'minaj2_I/net806' driven by pin 'minaj2_I/add_134_C152/Z_6' has no loads. (LINT-2)
Warning: In design 'top_interpolator_dac', net 'minaj2_I/net805' driven by pin 'minaj2_I/add_134_C152/Z_7' has no loads. (LINT-2)
Warning: In design 'top_interpolator_dac', net 'minaj2_I/net804' driven by pin 'minaj2_I/add_134_C152/Z_8' has no loads. (LINT-2)
Warning: In design 'top_interpolator_dac', net 'minaj2_I/net803' driven by pin 'minaj2_I/add_134_C152/Z_9' has no loads. (LINT-2)
Warning: In design 'top_interpolator_dac', net 'minaj2_I/net802' driven by pin 'minaj2_I/add_134_C152/Z_10' has no loads. (LINT-2)
Warning: In design 'top_interpolator_dac', net 'minaj2_I/net801' driven by pin 'minaj2_I/add_134_C152/Z_11' has no loads. (LINT-2)
Warning: In design 'top_interpolator_dac', net 'minaj2_I/net800' driven by pin 'minaj2_I/add_134_C152/Z_12' has no loads. (LINT-2)
Warning: In design 'top_interpolator_dac', net 'minaj2_I/net799' driven by pin 'minaj2_I/add_134_C152/Z_13' has no loads. (LINT-2)
Warning: In design 'top_interpolator_dac', net 'minaj2_I/net798' driven by pin 'minaj2_I/add_134_C152/Z_14' has no loads. (LINT-2)
Warning: In design 'top_interpolator_dac', net 'minaj2_I/net797' driven by pin 'minaj2_I/add_134_C157/Z_0' has no loads. (LINT-2)
Warning: In design 'top_interpolator_dac', net 'minaj2_I/net796' driven by pin 'minaj2_I/add_134_C157/Z_1' has no loads. (LINT-2)
Warning: In design 'top_interpolator_dac', net 'minaj2_I/net795' driven by pin 'minaj2_I/add_134_C157/Z_2' has no loads. (LINT-2)
Warning: In design 'top_interpolator_dac', net 'minaj2_I/net794' driven by pin 'minaj2_I/add_134_C157/Z_3' has no loads. (LINT-2)
Warning: In design 'top_interpolator_dac', net 'minaj2_I/net793' driven by pin 'minaj2_I/add_134_C157/Z_4' has no loads. (LINT-2)
Warning: In design 'top_interpolator_dac', net 'minaj2_I/net792' driven by pin 'minaj2_I/add_134_C157/Z_5' has no loads. (LINT-2)
Warning: In design 'top_interpolator_dac', net 'minaj2_I/net791' driven by pin 'minaj2_I/add_134_C157/Z_6' has no loads. (LINT-2)
Warning: In design 'top_interpolator_dac', net 'minaj2_I/net790' driven by pin 'minaj2_I/add_134_C157/Z_7' has no loads. (LINT-2)
Warning: In design 'top_interpolator_dac', net 'minaj2_I/net789' driven by pin 'minaj2_I/add_134_C157/Z_8' has no loads. (LINT-2)
Warning: In design 'top_interpolator_dac', net 'minaj2_I/net788' driven by pin 'minaj2_I/add_134_C157/Z_9' has no loads. (LINT-2)
Warning: In design 'top_interpolator_dac', net 'minaj2_I/net787' driven by pin 'minaj2_I/add_134_C157/Z_10' has no loads. (LINT-2)
Warning: In design 'top_interpolator_dac', net 'minaj2_I/net786' driven by pin 'minaj2_I/add_134_C157/Z_11' has no loads. (LINT-2)
Warning: In design 'top_interpolator_dac', net 'minaj2_I/net785' driven by pin 'minaj2_I/add_134_C157/Z_12' has no loads. (LINT-2)
Warning: In design 'top_interpolator_dac', net 'minaj2_I/net784' driven by pin 'minaj2_I/add_134_C157/Z_13' has no loads. (LINT-2)
Warning: In design 'top_interpolator_dac', net 'minaj2_I/net783' driven by pin 'minaj2_I/add_134_C157/Z_14' has no loads. (LINT-2)
Warning: In design 'top_interpolator_dac', net 'minaj2_I/net782' driven by pin 'minaj2_I/add_134_C160/Z_0' has no loads. (LINT-2)
Warning: In design 'top_interpolator_dac', net 'minaj2_I/net781' driven by pin 'minaj2_I/add_134_C160/Z_1' has no loads. (LINT-2)
Warning: In design 'top_interpolator_dac', net 'minaj2_I/net780' driven by pin 'minaj2_I/add_134_C160/Z_2' has no loads. (LINT-2)
Warning: In design 'top_interpolator_dac', net 'minaj2_I/net779' driven by pin 'minaj2_I/add_134_C160/Z_3' has no loads. (LINT-2)
Warning: In design 'top_interpolator_dac', net 'minaj2_I/net778' driven by pin 'minaj2_I/add_134_C160/Z_4' has no loads. (LINT-2)
Warning: In design 'top_interpolator_dac', net 'minaj2_I/net777' driven by pin 'minaj2_I/add_134_C160/Z_5' has no loads. (LINT-2)
Warning: In design 'top_interpolator_dac', net 'minaj2_I/net776' driven by pin 'minaj2_I/add_134_C160/Z_6' has no loads. (LINT-2)
Warning: In design 'top_interpolator_dac', net 'minaj2_I/net775' driven by pin 'minaj2_I/add_134_C160/Z_7' has no loads. (LINT-2)
Warning: In design 'top_interpolator_dac', net 'minaj2_I/net774' driven by pin 'minaj2_I/add_134_C160/Z_8' has no loads. (LINT-2)
Warning: In design 'top_interpolator_dac', net 'minaj2_I/net773' driven by pin 'minaj2_I/add_134_C160/Z_9' has no loads. (LINT-2)
Warning: In design 'top_interpolator_dac', net 'minaj2_I/net772' driven by pin 'minaj2_I/add_134_C160/Z_10' has no loads. (LINT-2)
Warning: In design 'top_interpolator_dac', net 'minaj2_I/net771' driven by pin 'minaj2_I/add_134_C160/Z_11' has no loads. (LINT-2)
Warning: In design 'top_interpolator_dac', net 'minaj2_I/net770' driven by pin 'minaj2_I/add_134_C160/Z_12' has no loads. (LINT-2)
Warning: In design 'top_interpolator_dac', net 'minaj2_I/net769' driven by pin 'minaj2_I/add_134_C160/Z_13' has no loads. (LINT-2)
Warning: In design 'top_interpolator_dac', net 'minaj2_I/net768' driven by pin 'minaj2_I/add_134_C160/Z_14' has no loads. (LINT-2)
Warning: In design 'top_interpolator_dac', net 'minaj2_I/net767' driven by pin 'minaj2_I/add_134_C161/Z_0' has no loads. (LINT-2)
Warning: In design 'top_interpolator_dac', net 'minaj2_I/net766' driven by pin 'minaj2_I/add_134_C161/Z_1' has no loads. (LINT-2)
Warning: In design 'top_interpolator_dac', net 'minaj2_I/net765' driven by pin 'minaj2_I/add_134_C161/Z_2' has no loads. (LINT-2)
Warning: In design 'top_interpolator_dac', net 'minaj2_I/net764' driven by pin 'minaj2_I/add_134_C161/Z_3' has no loads. (LINT-2)
Warning: In design 'top_interpolator_dac', net 'minaj2_I/net763' driven by pin 'minaj2_I/add_134_C161/Z_4' has no loads. (LINT-2)
Warning: In design 'top_interpolator_dac', net 'minaj2_I/net762' driven by pin 'minaj2_I/add_134_C161/Z_5' has no loads. (LINT-2)
Warning: In design 'top_interpolator_dac', net 'minaj2_I/net761' driven by pin 'minaj2_I/add_134_C161/Z_6' has no loads. (LINT-2)
Warning: In design 'top_interpolator_dac', net 'minaj2_I/net760' driven by pin 'minaj2_I/add_134_C161/Z_7' has no loads. (LINT-2)
Warning: In design 'top_interpolator_dac', net 'minaj2_I/net759' driven by pin 'minaj2_I/add_134_C161/Z_8' has no loads. (LINT-2)
Warning: In design 'top_interpolator_dac', net 'minaj2_I/net758' driven by pin 'minaj2_I/add_134_C161/Z_9' has no loads. (LINT-2)
Warning: In design 'top_interpolator_dac', net 'minaj2_I/net757' driven by pin 'minaj2_I/add_134_C161/Z_10' has no loads. (LINT-2)
Warning: In design 'top_interpolator_dac', net 'minaj2_I/net756' driven by pin 'minaj2_I/add_134_C161/Z_11' has no loads. (LINT-2)
Warning: In design 'top_interpolator_dac', net 'minaj2_I/net755' driven by pin 'minaj2_I/add_134_C161/Z_12' has no loads. (LINT-2)
Warning: In design 'top_interpolator_dac', net 'minaj2_I/net754' driven by pin 'minaj2_I/add_134_C161/Z_13' has no loads. (LINT-2)
Warning: In design 'top_interpolator_dac', net 'minaj2_I/net753' driven by pin 'minaj2_I/add_134_C161/Z_14' has no loads. (LINT-2)
Warning: In design 'top_interpolator_dac', net 'minaj2_I/net752' driven by pin 'minaj2_I/add_134_C162/Z_0' has no loads. (LINT-2)
Warning: In design 'top_interpolator_dac', net 'minaj2_I/net751' driven by pin 'minaj2_I/add_134_C162/Z_1' has no loads. (LINT-2)
Warning: In design 'top_interpolator_dac', net 'minaj2_I/net750' driven by pin 'minaj2_I/add_134_C162/Z_2' has no loads. (LINT-2)
Warning: In design 'top_interpolator_dac', net 'minaj2_I/net749' driven by pin 'minaj2_I/add_134_C162/Z_3' has no loads. (LINT-2)
Warning: In design 'top_interpolator_dac', net 'minaj2_I/net748' driven by pin 'minaj2_I/add_134_C162/Z_4' has no loads. (LINT-2)
Warning: In design 'top_interpolator_dac', net 'minaj2_I/net747' driven by pin 'minaj2_I/add_134_C162/Z_5' has no loads. (LINT-2)
Warning: In design 'top_interpolator_dac', net 'minaj2_I/net746' driven by pin 'minaj2_I/add_134_C162/Z_6' has no loads. (LINT-2)
Warning: In design 'top_interpolator_dac', net 'minaj2_I/net745' driven by pin 'minaj2_I/add_134_C162/Z_7' has no loads. (LINT-2)
Warning: In design 'top_interpolator_dac', net 'minaj2_I/net744' driven by pin 'minaj2_I/add_134_C162/Z_8' has no loads. (LINT-2)
Warning: In design 'top_interpolator_dac', net 'minaj2_I/net743' driven by pin 'minaj2_I/add_134_C162/Z_9' has no loads. (LINT-2)
Warning: In design 'top_interpolator_dac', net 'minaj2_I/net742' driven by pin 'minaj2_I/add_134_C162/Z_10' has no loads. (LINT-2)
Warning: In design 'top_interpolator_dac', net 'minaj2_I/net741' driven by pin 'minaj2_I/add_134_C162/Z_11' has no loads. (LINT-2)
Warning: In design 'top_interpolator_dac', net 'minaj2_I/net740' driven by pin 'minaj2_I/add_134_C162/Z_12' has no loads. (LINT-2)
Warning: In design 'top_interpolator_dac', net 'minaj2_I/net739' driven by pin 'minaj2_I/add_134_C162/Z_13' has no loads. (LINT-2)
Warning: In design 'top_interpolator_dac', net 'minaj2_I/net738' driven by pin 'minaj2_I/add_134_C162/Z_14' has no loads. (LINT-2)
Warning: In design 'top_interpolator_dac', net 'minaj2_I/net737' driven by pin 'minaj2_I/add_134_C163/Z_0' has no loads. (LINT-2)
Warning: In design 'top_interpolator_dac', net 'minaj2_I/net736' driven by pin 'minaj2_I/add_134_C163/Z_1' has no loads. (LINT-2)
Warning: In design 'top_interpolator_dac', net 'minaj2_I/net735' driven by pin 'minaj2_I/add_134_C163/Z_2' has no loads. (LINT-2)
Warning: In design 'top_interpolator_dac', net 'minaj2_I/net734' driven by pin 'minaj2_I/add_134_C163/Z_3' has no loads. (LINT-2)
Warning: In design 'top_interpolator_dac', net 'minaj2_I/net733' driven by pin 'minaj2_I/add_134_C163/Z_4' has no loads. (LINT-2)
Warning: In design 'top_interpolator_dac', net 'minaj2_I/net732' driven by pin 'minaj2_I/add_134_C163/Z_5' has no loads. (LINT-2)
Warning: In design 'top_interpolator_dac', net 'minaj2_I/net731' driven by pin 'minaj2_I/add_134_C163/Z_6' has no loads. (LINT-2)
Warning: In design 'top_interpolator_dac', net 'minaj2_I/net730' driven by pin 'minaj2_I/add_134_C163/Z_7' has no loads. (LINT-2)
Warning: In design 'top_interpolator_dac', net 'minaj2_I/net729' driven by pin 'minaj2_I/add_134_C163/Z_8' has no loads. (LINT-2)
Warning: In design 'top_interpolator_dac', net 'minaj2_I/net728' driven by pin 'minaj2_I/add_134_C163/Z_9' has no loads. (LINT-2)
Warning: In design 'top_interpolator_dac', net 'minaj2_I/net727' driven by pin 'minaj2_I/add_134_C163/Z_10' has no loads. (LINT-2)
Warning: In design 'top_interpolator_dac', net 'minaj2_I/net726' driven by pin 'minaj2_I/add_134_C163/Z_11' has no loads. (LINT-2)
Warning: In design 'top_interpolator_dac', net 'minaj2_I/net725' driven by pin 'minaj2_I/add_134_C163/Z_12' has no loads. (LINT-2)
Warning: In design 'top_interpolator_dac', net 'minaj2_I/net724' driven by pin 'minaj2_I/add_134_C163/Z_13' has no loads. (LINT-2)
Warning: In design 'top_interpolator_dac', net 'minaj2_I/net723' driven by pin 'minaj2_I/add_134_C163/Z_14' has no loads. (LINT-2)
Warning: In design 'top_interpolator_dac', net 'minaj2_I/net722' driven by pin 'minaj2_I/add_134_C148/Z_0' has no loads. (LINT-2)
Warning: In design 'top_interpolator_dac', net 'minaj2_I/net721' driven by pin 'minaj2_I/add_134_C148/Z_1' has no loads. (LINT-2)
Warning: In design 'top_interpolator_dac', net 'minaj2_I/net720' driven by pin 'minaj2_I/add_134_C148/Z_2' has no loads. (LINT-2)
Warning: In design 'top_interpolator_dac', net 'minaj2_I/net719' driven by pin 'minaj2_I/add_134_C148/Z_3' has no loads. (LINT-2)
Warning: In design 'top_interpolator_dac', net 'minaj2_I/net718' driven by pin 'minaj2_I/add_134_C148/Z_4' has no loads. (LINT-2)
Warning: In design 'top_interpolator_dac', net 'minaj2_I/net717' driven by pin 'minaj2_I/add_134_C148/Z_5' has no loads. (LINT-2)
Warning: In design 'top_interpolator_dac', net 'minaj2_I/net716' driven by pin 'minaj2_I/add_134_C148/Z_6' has no loads. (LINT-2)
Warning: In design 'top_interpolator_dac', net 'minaj2_I/net715' driven by pin 'minaj2_I/add_134_C148/Z_7' has no loads. (LINT-2)
Warning: In design 'top_interpolator_dac', net 'minaj2_I/net714' driven by pin 'minaj2_I/add_134_C148/Z_8' has no loads. (LINT-2)
Warning: In design 'top_interpolator_dac', net 'minaj2_I/net713' driven by pin 'minaj2_I/add_134_C148/Z_9' has no loads. (LINT-2)
Warning: In design 'top_interpolator_dac', net 'minaj2_I/net712' driven by pin 'minaj2_I/add_134_C148/Z_10' has no loads. (LINT-2)
Warning: In design 'top_interpolator_dac', net 'minaj2_I/net711' driven by pin 'minaj2_I/add_134_C148/Z_11' has no loads. (LINT-2)
Warning: In design 'top_interpolator_dac', net 'minaj2_I/net710' driven by pin 'minaj2_I/add_134_C148/Z_12' has no loads. (LINT-2)
Warning: In design 'top_interpolator_dac', net 'minaj2_I/net709' driven by pin 'minaj2_I/add_134_C148/Z_13' has no loads. (LINT-2)
Warning: In design 'top_interpolator_dac', net 'minaj2_I/net708' driven by pin 'minaj2_I/add_134_C148/Z_14' has no loads. (LINT-2)
Warning: In design 'top_interpolator_dac', net 'minaj2_I/net707' driven by pin 'minaj2_I/add_132_C151/Z_0' has no loads. (LINT-2)
Warning: In design 'top_interpolator_dac', net 'minaj2_I/net706' driven by pin 'minaj2_I/add_132_C151/Z_1' has no loads. (LINT-2)
Warning: In design 'top_interpolator_dac', net 'minaj2_I/net705' driven by pin 'minaj2_I/add_132_C151/Z_2' has no loads. (LINT-2)
Warning: In design 'top_interpolator_dac', net 'minaj2_I/net704' driven by pin 'minaj2_I/add_132_C151/Z_3' has no loads. (LINT-2)
Warning: In design 'top_interpolator_dac', net 'minaj2_I/net703' driven by pin 'minaj2_I/add_132_C151/Z_4' has no loads. (LINT-2)
Warning: In design 'top_interpolator_dac', net 'minaj2_I/net702' driven by pin 'minaj2_I/add_132_C151/Z_5' has no loads. (LINT-2)
Warning: In design 'top_interpolator_dac', net 'minaj2_I/net701' driven by pin 'minaj2_I/add_132_C151/Z_6' has no loads. (LINT-2)
Warning: In design 'top_interpolator_dac', net 'minaj2_I/net700' driven by pin 'minaj2_I/add_132_C151/Z_7' has no loads. (LINT-2)
Warning: In design 'top_interpolator_dac', net 'minaj2_I/net699' driven by pin 'minaj2_I/add_132_C151/Z_8' has no loads. (LINT-2)
Warning: In design 'top_interpolator_dac', net 'minaj2_I/net698' driven by pin 'minaj2_I/add_132_C151/Z_9' has no loads. (LINT-2)
Warning: In design 'top_interpolator_dac', net 'minaj2_I/net697' driven by pin 'minaj2_I/add_132_C151/Z_10' has no loads. (LINT-2)
Warning: In design 'top_interpolator_dac', net 'minaj2_I/net696' driven by pin 'minaj2_I/add_132_C151/Z_11' has no loads. (LINT-2)
Warning: In design 'top_interpolator_dac', net 'minaj2_I/net695' driven by pin 'minaj2_I/add_132_C151/Z_12' has no loads. (LINT-2)
Warning: In design 'top_interpolator_dac', net 'minaj2_I/net694' driven by pin 'minaj2_I/add_132_C151/Z_13' has no loads. (LINT-2)
Warning: In design 'top_interpolator_dac', net 'minaj2_I/net693' driven by pin 'minaj2_I/add_132_C151/Z_14' has no loads. (LINT-2)
Warning: In design 'top_interpolator_dac', net 'minaj2_I/net692' driven by pin 'minaj2_I/add_132_C152/Z_0' has no loads. (LINT-2)
Warning: In design 'top_interpolator_dac', net 'minaj2_I/net691' driven by pin 'minaj2_I/add_132_C152/Z_1' has no loads. (LINT-2)
Warning: In design 'top_interpolator_dac', net 'minaj2_I/net690' driven by pin 'minaj2_I/add_132_C152/Z_2' has no loads. (LINT-2)
Warning: In design 'top_interpolator_dac', net 'minaj2_I/net689' driven by pin 'minaj2_I/add_132_C152/Z_3' has no loads. (LINT-2)
Warning: In design 'top_interpolator_dac', net 'minaj2_I/net688' driven by pin 'minaj2_I/add_132_C152/Z_4' has no loads. (LINT-2)
Warning: In design 'top_interpolator_dac', net 'minaj2_I/net687' driven by pin 'minaj2_I/add_132_C152/Z_5' has no loads. (LINT-2)
Warning: In design 'top_interpolator_dac', net 'minaj2_I/net686' driven by pin 'minaj2_I/add_132_C152/Z_6' has no loads. (LINT-2)
Warning: In design 'top_interpolator_dac', net 'minaj2_I/net685' driven by pin 'minaj2_I/add_132_C152/Z_7' has no loads. (LINT-2)
Warning: In design 'top_interpolator_dac', net 'minaj2_I/net684' driven by pin 'minaj2_I/add_132_C152/Z_8' has no loads. (LINT-2)
Warning: In design 'top_interpolator_dac', net 'minaj2_I/net683' driven by pin 'minaj2_I/add_132_C152/Z_9' has no loads. (LINT-2)
Warning: In design 'top_interpolator_dac', net 'minaj2_I/net682' driven by pin 'minaj2_I/add_132_C152/Z_10' has no loads. (LINT-2)
Warning: In design 'top_interpolator_dac', net 'minaj2_I/net681' driven by pin 'minaj2_I/add_132_C152/Z_11' has no loads. (LINT-2)
Warning: In design 'top_interpolator_dac', net 'minaj2_I/net680' driven by pin 'minaj2_I/add_132_C152/Z_12' has no loads. (LINT-2)
Warning: In design 'top_interpolator_dac', net 'minaj2_I/net679' driven by pin 'minaj2_I/add_132_C152/Z_13' has no loads. (LINT-2)
Warning: In design 'top_interpolator_dac', net 'minaj2_I/net678' driven by pin 'minaj2_I/add_132_C152/Z_14' has no loads. (LINT-2)
Warning: In design 'top_interpolator_dac', net 'minaj2_I/net677' driven by pin 'minaj2_I/add_134_C155/Z_0' has no loads. (LINT-2)
Warning: In design 'top_interpolator_dac', net 'minaj2_I/net676' driven by pin 'minaj2_I/add_134_C155/Z_1' has no loads. (LINT-2)
Warning: In design 'top_interpolator_dac', net 'minaj2_I/net675' driven by pin 'minaj2_I/add_134_C155/Z_2' has no loads. (LINT-2)
Warning: In design 'top_interpolator_dac', net 'minaj2_I/net674' driven by pin 'minaj2_I/add_134_C155/Z_3' has no loads. (LINT-2)
Warning: In design 'top_interpolator_dac', net 'minaj2_I/net673' driven by pin 'minaj2_I/add_134_C155/Z_4' has no loads. (LINT-2)
Warning: In design 'top_interpolator_dac', net 'minaj2_I/net672' driven by pin 'minaj2_I/add_134_C155/Z_5' has no loads. (LINT-2)
Warning: In design 'top_interpolator_dac', net 'minaj2_I/net671' driven by pin 'minaj2_I/add_134_C155/Z_6' has no loads. (LINT-2)
Warning: In design 'top_interpolator_dac', net 'minaj2_I/net670' driven by pin 'minaj2_I/add_134_C155/Z_7' has no loads. (LINT-2)
Warning: In design 'top_interpolator_dac', net 'minaj2_I/net669' driven by pin 'minaj2_I/add_134_C155/Z_8' has no loads. (LINT-2)
Warning: In design 'top_interpolator_dac', net 'minaj2_I/net668' driven by pin 'minaj2_I/add_134_C155/Z_9' has no loads. (LINT-2)
Warning: In design 'top_interpolator_dac', net 'minaj2_I/net667' driven by pin 'minaj2_I/add_134_C155/Z_10' has no loads. (LINT-2)
Warning: In design 'top_interpolator_dac', net 'minaj2_I/net666' driven by pin 'minaj2_I/add_134_C155/Z_11' has no loads. (LINT-2)
Warning: In design 'top_interpolator_dac', net 'minaj2_I/net665' driven by pin 'minaj2_I/add_134_C155/Z_12' has no loads. (LINT-2)
Warning: In design 'top_interpolator_dac', net 'minaj2_I/net664' driven by pin 'minaj2_I/add_134_C155/Z_13' has no loads. (LINT-2)
Warning: In design 'top_interpolator_dac', net 'minaj2_I/net663' driven by pin 'minaj2_I/add_134_C155/Z_14' has no loads. (LINT-2)
Warning: In design 'top_interpolator_dac', net 'minaj2_I/net662' driven by pin 'minaj2_I/add_134_C156/Z_0' has no loads. (LINT-2)
Warning: In design 'top_interpolator_dac', net 'minaj2_I/net661' driven by pin 'minaj2_I/add_134_C156/Z_1' has no loads. (LINT-2)
Warning: In design 'top_interpolator_dac', net 'minaj2_I/net660' driven by pin 'minaj2_I/add_134_C156/Z_2' has no loads. (LINT-2)
Warning: In design 'top_interpolator_dac', net 'minaj2_I/net659' driven by pin 'minaj2_I/add_134_C156/Z_3' has no loads. (LINT-2)
Warning: In design 'top_interpolator_dac', net 'minaj2_I/net658' driven by pin 'minaj2_I/add_134_C156/Z_4' has no loads. (LINT-2)
Warning: In design 'top_interpolator_dac', net 'minaj2_I/net657' driven by pin 'minaj2_I/add_134_C156/Z_5' has no loads. (LINT-2)
Warning: In design 'top_interpolator_dac', net 'minaj2_I/net656' driven by pin 'minaj2_I/add_134_C156/Z_6' has no loads. (LINT-2)
Warning: In design 'top_interpolator_dac', net 'minaj2_I/net655' driven by pin 'minaj2_I/add_134_C156/Z_7' has no loads. (LINT-2)
Warning: In design 'top_interpolator_dac', net 'minaj2_I/net654' driven by pin 'minaj2_I/add_134_C156/Z_8' has no loads. (LINT-2)
Warning: In design 'top_interpolator_dac', net 'minaj2_I/net653' driven by pin 'minaj2_I/add_134_C156/Z_9' has no loads. (LINT-2)
Warning: In design 'top_interpolator_dac', net 'minaj2_I/net652' driven by pin 'minaj2_I/add_134_C156/Z_10' has no loads. (LINT-2)
Warning: In design 'top_interpolator_dac', net 'minaj2_I/net651' driven by pin 'minaj2_I/add_134_C156/Z_11' has no loads. (LINT-2)
Warning: In design 'top_interpolator_dac', net 'minaj2_I/net650' driven by pin 'minaj2_I/add_134_C156/Z_12' has no loads. (LINT-2)
Warning: In design 'top_interpolator_dac', net 'minaj2_I/net649' driven by pin 'minaj2_I/add_134_C156/Z_13' has no loads. (LINT-2)
Warning: In design 'top_interpolator_dac', net 'minaj2_I/net648' driven by pin 'minaj2_I/add_134_C156/Z_14' has no loads. (LINT-2)
Warning: In design 'top_interpolator_dac', net 'minaj2_I/net647' driven by pin 'minaj2_I/add_132_C157/Z_0' has no loads. (LINT-2)
Warning: In design 'top_interpolator_dac', net 'minaj2_I/net646' driven by pin 'minaj2_I/add_132_C157/Z_1' has no loads. (LINT-2)
Warning: In design 'top_interpolator_dac', net 'minaj2_I/net645' driven by pin 'minaj2_I/add_132_C157/Z_2' has no loads. (LINT-2)
Warning: In design 'top_interpolator_dac', net 'minaj2_I/net644' driven by pin 'minaj2_I/add_132_C157/Z_3' has no loads. (LINT-2)
Warning: In design 'top_interpolator_dac', net 'minaj2_I/net643' driven by pin 'minaj2_I/add_132_C157/Z_4' has no loads. (LINT-2)
Warning: In design 'top_interpolator_dac', net 'minaj2_I/net642' driven by pin 'minaj2_I/add_132_C157/Z_5' has no loads. (LINT-2)
Warning: In design 'top_interpolator_dac', net 'minaj2_I/net641' driven by pin 'minaj2_I/add_132_C157/Z_6' has no loads. (LINT-2)
Warning: In design 'top_interpolator_dac', net 'minaj2_I/net640' driven by pin 'minaj2_I/add_132_C157/Z_7' has no loads. (LINT-2)
Warning: In design 'top_interpolator_dac', net 'minaj2_I/net639' driven by pin 'minaj2_I/add_132_C157/Z_8' has no loads. (LINT-2)
Warning: In design 'top_interpolator_dac', net 'minaj2_I/net638' driven by pin 'minaj2_I/add_132_C157/Z_9' has no loads. (LINT-2)
Warning: In design 'top_interpolator_dac', net 'minaj2_I/net637' driven by pin 'minaj2_I/add_132_C157/Z_10' has no loads. (LINT-2)
Warning: In design 'top_interpolator_dac', net 'minaj2_I/net636' driven by pin 'minaj2_I/add_132_C157/Z_11' has no loads. (LINT-2)
Warning: In design 'top_interpolator_dac', net 'minaj2_I/net635' driven by pin 'minaj2_I/add_132_C157/Z_12' has no loads. (LINT-2)
Warning: In design 'top_interpolator_dac', net 'minaj2_I/net634' driven by pin 'minaj2_I/add_132_C157/Z_13' has no loads. (LINT-2)
Warning: In design 'top_interpolator_dac', net 'minaj2_I/net633' driven by pin 'minaj2_I/add_132_C157/Z_14' has no loads. (LINT-2)
Warning: In design 'top_interpolator_dac', net 'minaj2_I/net632' driven by pin 'minaj2_I/add_132_C160/Z_0' has no loads. (LINT-2)
Warning: In design 'top_interpolator_dac', net 'minaj2_I/net631' driven by pin 'minaj2_I/add_132_C160/Z_1' has no loads. (LINT-2)
Warning: In design 'top_interpolator_dac', net 'minaj2_I/net630' driven by pin 'minaj2_I/add_132_C160/Z_2' has no loads. (LINT-2)
Warning: In design 'top_interpolator_dac', net 'minaj2_I/net629' driven by pin 'minaj2_I/add_132_C160/Z_3' has no loads. (LINT-2)
Warning: In design 'top_interpolator_dac', net 'minaj2_I/net628' driven by pin 'minaj2_I/add_132_C160/Z_4' has no loads. (LINT-2)
Warning: In design 'top_interpolator_dac', net 'minaj2_I/net627' driven by pin 'minaj2_I/add_132_C160/Z_5' has no loads. (LINT-2)
Warning: In design 'top_interpolator_dac', net 'minaj2_I/net626' driven by pin 'minaj2_I/add_132_C160/Z_6' has no loads. (LINT-2)
Warning: In design 'top_interpolator_dac', net 'minaj2_I/net625' driven by pin 'minaj2_I/add_132_C160/Z_7' has no loads. (LINT-2)
Warning: In design 'top_interpolator_dac', net 'minaj2_I/net624' driven by pin 'minaj2_I/add_132_C160/Z_8' has no loads. (LINT-2)
Warning: In design 'top_interpolator_dac', net 'minaj2_I/net623' driven by pin 'minaj2_I/add_132_C160/Z_9' has no loads. (LINT-2)
Warning: In design 'top_interpolator_dac', net 'minaj2_I/net622' driven by pin 'minaj2_I/add_132_C160/Z_10' has no loads. (LINT-2)
Warning: In design 'top_interpolator_dac', net 'minaj2_I/net621' driven by pin 'minaj2_I/add_132_C160/Z_11' has no loads. (LINT-2)
Warning: In design 'top_interpolator_dac', net 'minaj2_I/net620' driven by pin 'minaj2_I/add_132_C160/Z_12' has no loads. (LINT-2)
Warning: In design 'top_interpolator_dac', net 'minaj2_I/net619' driven by pin 'minaj2_I/add_132_C160/Z_13' has no loads. (LINT-2)
Warning: In design 'top_interpolator_dac', net 'minaj2_I/net618' driven by pin 'minaj2_I/add_132_C160/Z_14' has no loads. (LINT-2)
Warning: In design 'top_interpolator_dac', net 'minaj2_I/net617' driven by pin 'minaj2_I/add_132_C161/Z_0' has no loads. (LINT-2)
Warning: In design 'top_interpolator_dac', net 'minaj2_I/net616' driven by pin 'minaj2_I/add_132_C161/Z_1' has no loads. (LINT-2)
Warning: In design 'top_interpolator_dac', net 'minaj2_I/net615' driven by pin 'minaj2_I/add_132_C161/Z_2' has no loads. (LINT-2)
Warning: In design 'top_interpolator_dac', net 'minaj2_I/net614' driven by pin 'minaj2_I/add_132_C161/Z_3' has no loads. (LINT-2)
Warning: In design 'top_interpolator_dac', net 'minaj2_I/net613' driven by pin 'minaj2_I/add_132_C161/Z_4' has no loads. (LINT-2)
Warning: In design 'top_interpolator_dac', net 'minaj2_I/net612' driven by pin 'minaj2_I/add_132_C161/Z_5' has no loads. (LINT-2)
Warning: In design 'top_interpolator_dac', net 'minaj2_I/net611' driven by pin 'minaj2_I/add_132_C161/Z_6' has no loads. (LINT-2)
Warning: In design 'top_interpolator_dac', net 'minaj2_I/net610' driven by pin 'minaj2_I/add_132_C161/Z_7' has no loads. (LINT-2)
Warning: In design 'top_interpolator_dac', net 'minaj2_I/net609' driven by pin 'minaj2_I/add_132_C161/Z_8' has no loads. (LINT-2)
Warning: In design 'top_interpolator_dac', net 'minaj2_I/net608' driven by pin 'minaj2_I/add_132_C161/Z_9' has no loads. (LINT-2)
Warning: In design 'top_interpolator_dac', net 'minaj2_I/net607' driven by pin 'minaj2_I/add_132_C161/Z_10' has no loads. (LINT-2)
Warning: In design 'top_interpolator_dac', net 'minaj2_I/net606' driven by pin 'minaj2_I/add_132_C161/Z_11' has no loads. (LINT-2)
Warning: In design 'top_interpolator_dac', net 'minaj2_I/net605' driven by pin 'minaj2_I/add_132_C161/Z_12' has no loads. (LINT-2)
Warning: In design 'top_interpolator_dac', net 'minaj2_I/net604' driven by pin 'minaj2_I/add_132_C161/Z_13' has no loads. (LINT-2)
Warning: In design 'top_interpolator_dac', net 'minaj2_I/net603' driven by pin 'minaj2_I/add_132_C161/Z_14' has no loads. (LINT-2)
Warning: In design 'top_interpolator_dac', net 'minaj2_I/net602' driven by pin 'minaj2_I/add_132_C162/Z_0' has no loads. (LINT-2)
Warning: In design 'top_interpolator_dac', net 'minaj2_I/net601' driven by pin 'minaj2_I/add_132_C162/Z_1' has no loads. (LINT-2)
Warning: In design 'top_interpolator_dac', net 'minaj2_I/net600' driven by pin 'minaj2_I/add_132_C162/Z_2' has no loads. (LINT-2)
Warning: In design 'top_interpolator_dac', net 'minaj2_I/net599' driven by pin 'minaj2_I/add_132_C162/Z_3' has no loads. (LINT-2)
Warning: In design 'top_interpolator_dac', net 'minaj2_I/net598' driven by pin 'minaj2_I/add_132_C162/Z_4' has no loads. (LINT-2)
Warning: In design 'top_interpolator_dac', net 'minaj2_I/net597' driven by pin 'minaj2_I/add_132_C162/Z_5' has no loads. (LINT-2)
Warning: In design 'top_interpolator_dac', net 'minaj2_I/net596' driven by pin 'minaj2_I/add_132_C162/Z_6' has no loads. (LINT-2)
Warning: In design 'top_interpolator_dac', net 'minaj2_I/net595' driven by pin 'minaj2_I/add_132_C162/Z_7' has no loads. (LINT-2)
Warning: In design 'top_interpolator_dac', net 'minaj2_I/net594' driven by pin 'minaj2_I/add_132_C162/Z_8' has no loads. (LINT-2)
Warning: In design 'top_interpolator_dac', net 'minaj2_I/net593' driven by pin 'minaj2_I/add_132_C162/Z_9' has no loads. (LINT-2)
Warning: In design 'top_interpolator_dac', net 'minaj2_I/net592' driven by pin 'minaj2_I/add_132_C162/Z_10' has no loads. (LINT-2)
Warning: In design 'top_interpolator_dac', net 'minaj2_I/net591' driven by pin 'minaj2_I/add_132_C162/Z_11' has no loads. (LINT-2)
Warning: In design 'top_interpolator_dac', net 'minaj2_I/net590' driven by pin 'minaj2_I/add_132_C162/Z_12' has no loads. (LINT-2)
Warning: In design 'top_interpolator_dac', net 'minaj2_I/net589' driven by pin 'minaj2_I/add_132_C162/Z_13' has no loads. (LINT-2)
Warning: In design 'top_interpolator_dac', net 'minaj2_I/net588' driven by pin 'minaj2_I/add_132_C162/Z_14' has no loads. (LINT-2)
Warning: In design 'top_interpolator_dac', net 'minaj2_I/net587' driven by pin 'minaj2_I/add_132_C163/Z_0' has no loads. (LINT-2)
Warning: In design 'top_interpolator_dac', net 'minaj2_I/net586' driven by pin 'minaj2_I/add_132_C163/Z_1' has no loads. (LINT-2)
Warning: In design 'top_interpolator_dac', net 'minaj2_I/net585' driven by pin 'minaj2_I/add_132_C163/Z_2' has no loads. (LINT-2)
Warning: In design 'top_interpolator_dac', net 'minaj2_I/net584' driven by pin 'minaj2_I/add_132_C163/Z_3' has no loads. (LINT-2)
Warning: In design 'top_interpolator_dac', net 'minaj2_I/net583' driven by pin 'minaj2_I/add_132_C163/Z_4' has no loads. (LINT-2)
Warning: In design 'top_interpolator_dac', net 'minaj2_I/net582' driven by pin 'minaj2_I/add_132_C163/Z_5' has no loads. (LINT-2)
Warning: In design 'top_interpolator_dac', net 'minaj2_I/net581' driven by pin 'minaj2_I/add_132_C163/Z_6' has no loads. (LINT-2)
Warning: In design 'top_interpolator_dac', net 'minaj2_I/net580' driven by pin 'minaj2_I/add_132_C163/Z_7' has no loads. (LINT-2)
Warning: In design 'top_interpolator_dac', net 'minaj2_I/net579' driven by pin 'minaj2_I/add_132_C163/Z_8' has no loads. (LINT-2)
Warning: In design 'top_interpolator_dac', net 'minaj2_I/net578' driven by pin 'minaj2_I/add_132_C163/Z_9' has no loads. (LINT-2)
Warning: In design 'top_interpolator_dac', net 'minaj2_I/net577' driven by pin 'minaj2_I/add_132_C163/Z_10' has no loads. (LINT-2)
Warning: In design 'top_interpolator_dac', net 'minaj2_I/net576' driven by pin 'minaj2_I/add_132_C163/Z_11' has no loads. (LINT-2)
Warning: In design 'top_interpolator_dac', net 'minaj2_I/net575' driven by pin 'minaj2_I/add_132_C163/Z_12' has no loads. (LINT-2)
Warning: In design 'top_interpolator_dac', net 'minaj2_I/net574' driven by pin 'minaj2_I/add_132_C163/Z_13' has no loads. (LINT-2)
Warning: In design 'top_interpolator_dac', net 'minaj2_I/net573' driven by pin 'minaj2_I/add_132_C163/Z_14' has no loads. (LINT-2)
Warning: In design 'top_interpolator_dac', net 'minaj2_I/net572' driven by pin 'minaj2_I/add_132_C148/Z_0' has no loads. (LINT-2)
Warning: In design 'top_interpolator_dac', net 'minaj2_I/net571' driven by pin 'minaj2_I/add_132_C148/Z_1' has no loads. (LINT-2)
Warning: In design 'top_interpolator_dac', net 'minaj2_I/net570' driven by pin 'minaj2_I/add_132_C148/Z_2' has no loads. (LINT-2)
Warning: In design 'top_interpolator_dac', net 'minaj2_I/net569' driven by pin 'minaj2_I/add_132_C148/Z_3' has no loads. (LINT-2)
Warning: In design 'top_interpolator_dac', net 'minaj2_I/net568' driven by pin 'minaj2_I/add_132_C148/Z_4' has no loads. (LINT-2)
Warning: In design 'top_interpolator_dac', net 'minaj2_I/net567' driven by pin 'minaj2_I/add_132_C148/Z_5' has no loads. (LINT-2)
Warning: In design 'top_interpolator_dac', net 'minaj2_I/net566' driven by pin 'minaj2_I/add_132_C148/Z_6' has no loads. (LINT-2)
Warning: In design 'top_interpolator_dac', net 'minaj2_I/net565' driven by pin 'minaj2_I/add_132_C148/Z_7' has no loads. (LINT-2)
Warning: In design 'top_interpolator_dac', net 'minaj2_I/net564' driven by pin 'minaj2_I/add_132_C148/Z_8' has no loads. (LINT-2)
Warning: In design 'top_interpolator_dac', net 'minaj2_I/net563' driven by pin 'minaj2_I/add_132_C148/Z_9' has no loads. (LINT-2)
Warning: In design 'top_interpolator_dac', net 'minaj2_I/net562' driven by pin 'minaj2_I/add_132_C148/Z_10' has no loads. (LINT-2)
Warning: In design 'top_interpolator_dac', net 'minaj2_I/net561' driven by pin 'minaj2_I/add_132_C148/Z_11' has no loads. (LINT-2)
Warning: In design 'top_interpolator_dac', net 'minaj2_I/net560' driven by pin 'minaj2_I/add_132_C148/Z_12' has no loads. (LINT-2)
Warning: In design 'top_interpolator_dac', net 'minaj2_I/net559' driven by pin 'minaj2_I/add_132_C148/Z_13' has no loads. (LINT-2)
Warning: In design 'top_interpolator_dac', net 'minaj2_I/net558' driven by pin 'minaj2_I/add_132_C148/Z_14' has no loads. (LINT-2)
Warning: In design 'top_interpolator_dac', net 'minaj2_I/net557' driven by pin 'minaj2_I/add_132_C155/Z_0' has no loads. (LINT-2)
Warning: In design 'top_interpolator_dac', net 'minaj2_I/net556' driven by pin 'minaj2_I/add_132_C155/Z_1' has no loads. (LINT-2)
Warning: In design 'top_interpolator_dac', net 'minaj2_I/net555' driven by pin 'minaj2_I/add_132_C155/Z_2' has no loads. (LINT-2)
Warning: In design 'top_interpolator_dac', net 'minaj2_I/net554' driven by pin 'minaj2_I/add_132_C155/Z_3' has no loads. (LINT-2)
Warning: In design 'top_interpolator_dac', net 'minaj2_I/net553' driven by pin 'minaj2_I/add_132_C155/Z_4' has no loads. (LINT-2)
Warning: In design 'top_interpolator_dac', net 'minaj2_I/net552' driven by pin 'minaj2_I/add_132_C155/Z_5' has no loads. (LINT-2)
Warning: In design 'top_interpolator_dac', net 'minaj2_I/net551' driven by pin 'minaj2_I/add_132_C155/Z_6' has no loads. (LINT-2)
Warning: In design 'top_interpolator_dac', net 'minaj2_I/net550' driven by pin 'minaj2_I/add_132_C155/Z_7' has no loads. (LINT-2)
Warning: In design 'top_interpolator_dac', net 'minaj2_I/net549' driven by pin 'minaj2_I/add_132_C155/Z_8' has no loads. (LINT-2)
Warning: In design 'top_interpolator_dac', net 'minaj2_I/net548' driven by pin 'minaj2_I/add_132_C155/Z_9' has no loads. (LINT-2)
Warning: In design 'top_interpolator_dac', net 'minaj2_I/net547' driven by pin 'minaj2_I/add_132_C155/Z_10' has no loads. (LINT-2)
Warning: In design 'top_interpolator_dac', net 'minaj2_I/net546' driven by pin 'minaj2_I/add_132_C155/Z_11' has no loads. (LINT-2)
Warning: In design 'top_interpolator_dac', net 'minaj2_I/net545' driven by pin 'minaj2_I/add_132_C155/Z_12' has no loads. (LINT-2)
Warning: In design 'top_interpolator_dac', net 'minaj2_I/net544' driven by pin 'minaj2_I/add_132_C155/Z_13' has no loads. (LINT-2)
Warning: In design 'top_interpolator_dac', net 'minaj2_I/net543' driven by pin 'minaj2_I/add_132_C155/Z_14' has no loads. (LINT-2)
Warning: In design 'top_interpolator_dac', net 'minaj2_I/net542' driven by pin 'minaj2_I/add_132_C156/Z_0' has no loads. (LINT-2)
Warning: In design 'top_interpolator_dac', net 'minaj2_I/net541' driven by pin 'minaj2_I/add_132_C156/Z_1' has no loads. (LINT-2)
Warning: In design 'top_interpolator_dac', net 'minaj2_I/net540' driven by pin 'minaj2_I/add_132_C156/Z_2' has no loads. (LINT-2)
Warning: In design 'top_interpolator_dac', net 'minaj2_I/net539' driven by pin 'minaj2_I/add_132_C156/Z_3' has no loads. (LINT-2)
Warning: In design 'top_interpolator_dac', net 'minaj2_I/net538' driven by pin 'minaj2_I/add_132_C156/Z_4' has no loads. (LINT-2)
Warning: In design 'top_interpolator_dac', net 'minaj2_I/net537' driven by pin 'minaj2_I/add_132_C156/Z_5' has no loads. (LINT-2)
Warning: In design 'top_interpolator_dac', net 'minaj2_I/net536' driven by pin 'minaj2_I/add_132_C156/Z_6' has no loads. (LINT-2)
Warning: In design 'top_interpolator_dac', net 'minaj2_I/net535' driven by pin 'minaj2_I/add_132_C156/Z_7' has no loads. (LINT-2)
Warning: In design 'top_interpolator_dac', net 'minaj2_I/net534' driven by pin 'minaj2_I/add_132_C156/Z_8' has no loads. (LINT-2)
Warning: In design 'top_interpolator_dac', net 'minaj2_I/net533' driven by pin 'minaj2_I/add_132_C156/Z_9' has no loads. (LINT-2)
Warning: In design 'top_interpolator_dac', net 'minaj2_I/net532' driven by pin 'minaj2_I/add_132_C156/Z_10' has no loads. (LINT-2)
Warning: In design 'top_interpolator_dac', net 'minaj2_I/net531' driven by pin 'minaj2_I/add_132_C156/Z_11' has no loads. (LINT-2)
Warning: In design 'top_interpolator_dac', net 'minaj2_I/net530' driven by pin 'minaj2_I/add_132_C156/Z_12' has no loads. (LINT-2)
Warning: In design 'top_interpolator_dac', net 'minaj2_I/net529' driven by pin 'minaj2_I/add_132_C156/Z_13' has no loads. (LINT-2)
Warning: In design 'top_interpolator_dac', net 'minaj2_I/net528' driven by pin 'minaj2_I/add_132_C156/Z_14' has no loads. (LINT-2)
Warning: In design 'top_interpolator_dac', net 'minaj2_I/net527' driven by pin 'minaj2_I/add_130_C151/Z_0' has no loads. (LINT-2)
Warning: In design 'top_interpolator_dac', net 'minaj2_I/net526' driven by pin 'minaj2_I/add_130_C151/Z_1' has no loads. (LINT-2)
Warning: In design 'top_interpolator_dac', net 'minaj2_I/net525' driven by pin 'minaj2_I/add_130_C151/Z_2' has no loads. (LINT-2)
Warning: In design 'top_interpolator_dac', net 'minaj2_I/net524' driven by pin 'minaj2_I/add_130_C151/Z_3' has no loads. (LINT-2)
Warning: In design 'top_interpolator_dac', net 'minaj2_I/net523' driven by pin 'minaj2_I/add_130_C151/Z_4' has no loads. (LINT-2)
Warning: In design 'top_interpolator_dac', net 'minaj2_I/net522' driven by pin 'minaj2_I/add_130_C151/Z_5' has no loads. (LINT-2)
Warning: In design 'top_interpolator_dac', net 'minaj2_I/net521' driven by pin 'minaj2_I/add_130_C151/Z_6' has no loads. (LINT-2)
Warning: In design 'top_interpolator_dac', net 'minaj2_I/net520' driven by pin 'minaj2_I/add_130_C151/Z_7' has no loads. (LINT-2)
Warning: In design 'top_interpolator_dac', net 'minaj2_I/net519' driven by pin 'minaj2_I/add_130_C151/Z_8' has no loads. (LINT-2)
Warning: In design 'top_interpolator_dac', net 'minaj2_I/net518' driven by pin 'minaj2_I/add_130_C151/Z_9' has no loads. (LINT-2)
Warning: In design 'top_interpolator_dac', net 'minaj2_I/net517' driven by pin 'minaj2_I/add_130_C151/Z_10' has no loads. (LINT-2)
Warning: In design 'top_interpolator_dac', net 'minaj2_I/net516' driven by pin 'minaj2_I/add_130_C151/Z_11' has no loads. (LINT-2)
Warning: In design 'top_interpolator_dac', net 'minaj2_I/net515' driven by pin 'minaj2_I/add_130_C151/Z_12' has no loads. (LINT-2)
Warning: In design 'top_interpolator_dac', net 'minaj2_I/net514' driven by pin 'minaj2_I/add_130_C151/Z_13' has no loads. (LINT-2)
Warning: In design 'top_interpolator_dac', net 'minaj2_I/net513' driven by pin 'minaj2_I/add_130_C151/Z_14' has no loads. (LINT-2)
Warning: In design 'top_interpolator_dac', net 'minaj2_I/net512' driven by pin 'minaj2_I/add_130_C152/Z_0' has no loads. (LINT-2)
Warning: In design 'top_interpolator_dac', net 'minaj2_I/net511' driven by pin 'minaj2_I/add_130_C152/Z_1' has no loads. (LINT-2)
Warning: In design 'top_interpolator_dac', net 'minaj2_I/net510' driven by pin 'minaj2_I/add_130_C152/Z_2' has no loads. (LINT-2)
Warning: In design 'top_interpolator_dac', net 'minaj2_I/net509' driven by pin 'minaj2_I/add_130_C152/Z_3' has no loads. (LINT-2)
Warning: In design 'top_interpolator_dac', net 'minaj2_I/net508' driven by pin 'minaj2_I/add_130_C152/Z_4' has no loads. (LINT-2)
Warning: In design 'top_interpolator_dac', net 'minaj2_I/net507' driven by pin 'minaj2_I/add_130_C152/Z_5' has no loads. (LINT-2)
Warning: In design 'top_interpolator_dac', net 'minaj2_I/net506' driven by pin 'minaj2_I/add_130_C152/Z_6' has no loads. (LINT-2)
Warning: In design 'top_interpolator_dac', net 'minaj2_I/net505' driven by pin 'minaj2_I/add_130_C152/Z_7' has no loads. (LINT-2)
Warning: In design 'top_interpolator_dac', net 'minaj2_I/net504' driven by pin 'minaj2_I/add_130_C152/Z_8' has no loads. (LINT-2)
Warning: In design 'top_interpolator_dac', net 'minaj2_I/net503' driven by pin 'minaj2_I/add_130_C152/Z_9' has no loads. (LINT-2)
Warning: In design 'top_interpolator_dac', net 'minaj2_I/net502' driven by pin 'minaj2_I/add_130_C152/Z_10' has no loads. (LINT-2)
Warning: In design 'top_interpolator_dac', net 'minaj2_I/net501' driven by pin 'minaj2_I/add_130_C152/Z_11' has no loads. (LINT-2)
Warning: In design 'top_interpolator_dac', net 'minaj2_I/net500' driven by pin 'minaj2_I/add_130_C152/Z_12' has no loads. (LINT-2)
Warning: In design 'top_interpolator_dac', net 'minaj2_I/net499' driven by pin 'minaj2_I/add_130_C152/Z_13' has no loads. (LINT-2)
Warning: In design 'top_interpolator_dac', net 'minaj2_I/net498' driven by pin 'minaj2_I/add_130_C152/Z_14' has no loads. (LINT-2)
Warning: In design 'top_interpolator_dac', net 'minaj2_I/net497' driven by pin 'minaj2_I/add_130_C157/Z_0' has no loads. (LINT-2)
Warning: In design 'top_interpolator_dac', net 'minaj2_I/net496' driven by pin 'minaj2_I/add_130_C157/Z_1' has no loads. (LINT-2)
Warning: In design 'top_interpolator_dac', net 'minaj2_I/net495' driven by pin 'minaj2_I/add_130_C157/Z_2' has no loads. (LINT-2)
Warning: In design 'top_interpolator_dac', net 'minaj2_I/net494' driven by pin 'minaj2_I/add_130_C157/Z_3' has no loads. (LINT-2)
Warning: In design 'top_interpolator_dac', net 'minaj2_I/net493' driven by pin 'minaj2_I/add_130_C157/Z_4' has no loads. (LINT-2)
Warning: In design 'top_interpolator_dac', net 'minaj2_I/net492' driven by pin 'minaj2_I/add_130_C157/Z_5' has no loads. (LINT-2)
Warning: In design 'top_interpolator_dac', net 'minaj2_I/net491' driven by pin 'minaj2_I/add_130_C157/Z_6' has no loads. (LINT-2)
Warning: In design 'top_interpolator_dac', net 'minaj2_I/net490' driven by pin 'minaj2_I/add_130_C157/Z_7' has no loads. (LINT-2)
Warning: In design 'top_interpolator_dac', net 'minaj2_I/net489' driven by pin 'minaj2_I/add_130_C157/Z_8' has no loads. (LINT-2)
Warning: In design 'top_interpolator_dac', net 'minaj2_I/net488' driven by pin 'minaj2_I/add_130_C157/Z_9' has no loads. (LINT-2)
Warning: In design 'top_interpolator_dac', net 'minaj2_I/net487' driven by pin 'minaj2_I/add_130_C157/Z_10' has no loads. (LINT-2)
Warning: In design 'top_interpolator_dac', net 'minaj2_I/net486' driven by pin 'minaj2_I/add_130_C157/Z_11' has no loads. (LINT-2)
Warning: In design 'top_interpolator_dac', net 'minaj2_I/net485' driven by pin 'minaj2_I/add_130_C157/Z_12' has no loads. (LINT-2)
Warning: In design 'top_interpolator_dac', net 'minaj2_I/net484' driven by pin 'minaj2_I/add_130_C157/Z_13' has no loads. (LINT-2)
Warning: In design 'top_interpolator_dac', net 'minaj2_I/net483' driven by pin 'minaj2_I/add_130_C157/Z_14' has no loads. (LINT-2)
Warning: In design 'top_interpolator_dac', net 'minaj2_I/net482' driven by pin 'minaj2_I/add_130_C160/Z_0' has no loads. (LINT-2)
Warning: In design 'top_interpolator_dac', net 'minaj2_I/net481' driven by pin 'minaj2_I/add_130_C160/Z_1' has no loads. (LINT-2)
Warning: In design 'top_interpolator_dac', net 'minaj2_I/net480' driven by pin 'minaj2_I/add_130_C160/Z_2' has no loads. (LINT-2)
Warning: In design 'top_interpolator_dac', net 'minaj2_I/net479' driven by pin 'minaj2_I/add_130_C160/Z_3' has no loads. (LINT-2)
Warning: In design 'top_interpolator_dac', net 'minaj2_I/net478' driven by pin 'minaj2_I/add_130_C160/Z_4' has no loads. (LINT-2)
Warning: In design 'top_interpolator_dac', net 'minaj2_I/net477' driven by pin 'minaj2_I/add_130_C160/Z_5' has no loads. (LINT-2)
Warning: In design 'top_interpolator_dac', net 'minaj2_I/net476' driven by pin 'minaj2_I/add_130_C160/Z_6' has no loads. (LINT-2)
Warning: In design 'top_interpolator_dac', net 'minaj2_I/net475' driven by pin 'minaj2_I/add_130_C160/Z_7' has no loads. (LINT-2)
Warning: In design 'top_interpolator_dac', net 'minaj2_I/net474' driven by pin 'minaj2_I/add_130_C160/Z_8' has no loads. (LINT-2)
Warning: In design 'top_interpolator_dac', net 'minaj2_I/net473' driven by pin 'minaj2_I/add_130_C160/Z_9' has no loads. (LINT-2)
Warning: In design 'top_interpolator_dac', net 'minaj2_I/net472' driven by pin 'minaj2_I/add_130_C160/Z_10' has no loads. (LINT-2)
Warning: In design 'top_interpolator_dac', net 'minaj2_I/net471' driven by pin 'minaj2_I/add_130_C160/Z_11' has no loads. (LINT-2)
Warning: In design 'top_interpolator_dac', net 'minaj2_I/net470' driven by pin 'minaj2_I/add_130_C160/Z_12' has no loads. (LINT-2)
Warning: In design 'top_interpolator_dac', net 'minaj2_I/net469' driven by pin 'minaj2_I/add_130_C160/Z_13' has no loads. (LINT-2)
Warning: In design 'top_interpolator_dac', net 'minaj2_I/net468' driven by pin 'minaj2_I/add_130_C160/Z_14' has no loads. (LINT-2)
Warning: In design 'top_interpolator_dac', net 'minaj2_I/net467' driven by pin 'minaj2_I/add_130_C161/Z_0' has no loads. (LINT-2)
Warning: In design 'top_interpolator_dac', net 'minaj2_I/net466' driven by pin 'minaj2_I/add_130_C161/Z_1' has no loads. (LINT-2)
Warning: In design 'top_interpolator_dac', net 'minaj2_I/net465' driven by pin 'minaj2_I/add_130_C161/Z_2' has no loads. (LINT-2)
Warning: In design 'top_interpolator_dac', net 'minaj2_I/net464' driven by pin 'minaj2_I/add_130_C161/Z_3' has no loads. (LINT-2)
Warning: In design 'top_interpolator_dac', net 'minaj2_I/net463' driven by pin 'minaj2_I/add_130_C161/Z_4' has no loads. (LINT-2)
Warning: In design 'top_interpolator_dac', net 'minaj2_I/net462' driven by pin 'minaj2_I/add_130_C161/Z_5' has no loads. (LINT-2)
Warning: In design 'top_interpolator_dac', net 'minaj2_I/net461' driven by pin 'minaj2_I/add_130_C161/Z_6' has no loads. (LINT-2)
Warning: In design 'top_interpolator_dac', net 'minaj2_I/net460' driven by pin 'minaj2_I/add_130_C161/Z_7' has no loads. (LINT-2)
Warning: In design 'top_interpolator_dac', net 'minaj2_I/net459' driven by pin 'minaj2_I/add_130_C161/Z_8' has no loads. (LINT-2)
Warning: In design 'top_interpolator_dac', net 'minaj2_I/net458' driven by pin 'minaj2_I/add_130_C161/Z_9' has no loads. (LINT-2)
Warning: In design 'top_interpolator_dac', net 'minaj2_I/net457' driven by pin 'minaj2_I/add_130_C161/Z_10' has no loads. (LINT-2)
Warning: In design 'top_interpolator_dac', net 'minaj2_I/net456' driven by pin 'minaj2_I/add_130_C161/Z_11' has no loads. (LINT-2)
Warning: In design 'top_interpolator_dac', net 'minaj2_I/net455' driven by pin 'minaj2_I/add_130_C161/Z_12' has no loads. (LINT-2)
Warning: In design 'top_interpolator_dac', net 'minaj2_I/net454' driven by pin 'minaj2_I/add_130_C161/Z_13' has no loads. (LINT-2)
Warning: In design 'top_interpolator_dac', net 'minaj2_I/net453' driven by pin 'minaj2_I/add_130_C161/Z_14' has no loads. (LINT-2)
Warning: In design 'top_interpolator_dac', net 'minaj2_I/net452' driven by pin 'minaj2_I/add_130_C162/Z_0' has no loads. (LINT-2)
Warning: In design 'top_interpolator_dac', net 'minaj2_I/net451' driven by pin 'minaj2_I/add_130_C162/Z_1' has no loads. (LINT-2)
Warning: In design 'top_interpolator_dac', net 'minaj2_I/net450' driven by pin 'minaj2_I/add_130_C162/Z_2' has no loads. (LINT-2)
Warning: In design 'top_interpolator_dac', net 'minaj2_I/net449' driven by pin 'minaj2_I/add_130_C162/Z_3' has no loads. (LINT-2)
Warning: In design 'top_interpolator_dac', net 'minaj2_I/net448' driven by pin 'minaj2_I/add_130_C162/Z_4' has no loads. (LINT-2)
Warning: In design 'top_interpolator_dac', net 'minaj2_I/net447' driven by pin 'minaj2_I/add_130_C162/Z_5' has no loads. (LINT-2)
Warning: In design 'top_interpolator_dac', net 'minaj2_I/net446' driven by pin 'minaj2_I/add_130_C162/Z_6' has no loads. (LINT-2)
Warning: In design 'top_interpolator_dac', net 'minaj2_I/net445' driven by pin 'minaj2_I/add_130_C162/Z_7' has no loads. (LINT-2)
Warning: In design 'top_interpolator_dac', net 'minaj2_I/net444' driven by pin 'minaj2_I/add_130_C162/Z_8' has no loads. (LINT-2)
Warning: In design 'top_interpolator_dac', net 'minaj2_I/net443' driven by pin 'minaj2_I/add_130_C162/Z_9' has no loads. (LINT-2)
Warning: In design 'top_interpolator_dac', net 'minaj2_I/net442' driven by pin 'minaj2_I/add_130_C162/Z_10' has no loads. (LINT-2)
Warning: In design 'top_interpolator_dac', net 'minaj2_I/net441' driven by pin 'minaj2_I/add_130_C162/Z_11' has no loads. (LINT-2)
Warning: In design 'top_interpolator_dac', net 'minaj2_I/net440' driven by pin 'minaj2_I/add_130_C162/Z_12' has no loads. (LINT-2)
Warning: In design 'top_interpolator_dac', net 'minaj2_I/net439' driven by pin 'minaj2_I/add_130_C162/Z_13' has no loads. (LINT-2)
Warning: In design 'top_interpolator_dac', net 'minaj2_I/net438' driven by pin 'minaj2_I/add_130_C162/Z_14' has no loads. (LINT-2)
Warning: In design 'top_interpolator_dac', net 'minaj2_I/net437' driven by pin 'minaj2_I/add_130_C163/Z_0' has no loads. (LINT-2)
Warning: In design 'top_interpolator_dac', net 'minaj2_I/net436' driven by pin 'minaj2_I/add_130_C163/Z_1' has no loads. (LINT-2)
Warning: In design 'top_interpolator_dac', net 'minaj2_I/net435' driven by pin 'minaj2_I/add_130_C163/Z_2' has no loads. (LINT-2)
Warning: In design 'top_interpolator_dac', net 'minaj2_I/net434' driven by pin 'minaj2_I/add_130_C163/Z_3' has no loads. (LINT-2)
Warning: In design 'top_interpolator_dac', net 'minaj2_I/net433' driven by pin 'minaj2_I/add_130_C163/Z_4' has no loads. (LINT-2)
Warning: In design 'top_interpolator_dac', net 'minaj2_I/net432' driven by pin 'minaj2_I/add_130_C163/Z_5' has no loads. (LINT-2)
Warning: In design 'top_interpolator_dac', net 'minaj2_I/net431' driven by pin 'minaj2_I/add_130_C163/Z_6' has no loads. (LINT-2)
Warning: In design 'top_interpolator_dac', net 'minaj2_I/net430' driven by pin 'minaj2_I/add_130_C163/Z_7' has no loads. (LINT-2)
Warning: In design 'top_interpolator_dac', net 'minaj2_I/net429' driven by pin 'minaj2_I/add_130_C163/Z_8' has no loads. (LINT-2)
Warning: In design 'top_interpolator_dac', net 'minaj2_I/net428' driven by pin 'minaj2_I/add_130_C163/Z_9' has no loads. (LINT-2)
Warning: In design 'top_interpolator_dac', net 'minaj2_I/net427' driven by pin 'minaj2_I/add_130_C163/Z_10' has no loads. (LINT-2)
Warning: In design 'top_interpolator_dac', net 'minaj2_I/net426' driven by pin 'minaj2_I/add_130_C163/Z_11' has no loads. (LINT-2)
Warning: In design 'top_interpolator_dac', net 'minaj2_I/net425' driven by pin 'minaj2_I/add_130_C163/Z_12' has no loads. (LINT-2)
Warning: In design 'top_interpolator_dac', net 'minaj2_I/net424' driven by pin 'minaj2_I/add_130_C163/Z_13' has no loads. (LINT-2)
Warning: In design 'top_interpolator_dac', net 'minaj2_I/net423' driven by pin 'minaj2_I/add_130_C163/Z_14' has no loads. (LINT-2)
Warning: In design 'top_interpolator_dac', net 'minaj2_I/net422' driven by pin 'minaj2_I/add_130_C148/Z_0' has no loads. (LINT-2)
Warning: In design 'top_interpolator_dac', net 'minaj2_I/net421' driven by pin 'minaj2_I/add_130_C148/Z_1' has no loads. (LINT-2)
Warning: In design 'top_interpolator_dac', net 'minaj2_I/net420' driven by pin 'minaj2_I/add_130_C148/Z_2' has no loads. (LINT-2)
Warning: In design 'top_interpolator_dac', net 'minaj2_I/net419' driven by pin 'minaj2_I/add_130_C148/Z_3' has no loads. (LINT-2)
Warning: In design 'top_interpolator_dac', net 'minaj2_I/net418' driven by pin 'minaj2_I/add_130_C148/Z_4' has no loads. (LINT-2)
Warning: In design 'top_interpolator_dac', net 'minaj2_I/net417' driven by pin 'minaj2_I/add_130_C148/Z_5' has no loads. (LINT-2)
Warning: In design 'top_interpolator_dac', net 'minaj2_I/net416' driven by pin 'minaj2_I/add_130_C148/Z_6' has no loads. (LINT-2)
Warning: In design 'top_interpolator_dac', net 'minaj2_I/net415' driven by pin 'minaj2_I/add_130_C148/Z_7' has no loads. (LINT-2)
Warning: In design 'top_interpolator_dac', net 'minaj2_I/net414' driven by pin 'minaj2_I/add_130_C148/Z_8' has no loads. (LINT-2)
Warning: In design 'top_interpolator_dac', net 'minaj2_I/net413' driven by pin 'minaj2_I/add_130_C148/Z_9' has no loads. (LINT-2)
Warning: In design 'top_interpolator_dac', net 'minaj2_I/net412' driven by pin 'minaj2_I/add_130_C148/Z_10' has no loads. (LINT-2)
Warning: In design 'top_interpolator_dac', net 'minaj2_I/net411' driven by pin 'minaj2_I/add_130_C148/Z_11' has no loads. (LINT-2)
Warning: In design 'top_interpolator_dac', net 'minaj2_I/net410' driven by pin 'minaj2_I/add_130_C148/Z_12' has no loads. (LINT-2)
Warning: In design 'top_interpolator_dac', net 'minaj2_I/net409' driven by pin 'minaj2_I/add_130_C148/Z_13' has no loads. (LINT-2)
Warning: In design 'top_interpolator_dac', net 'minaj2_I/net408' driven by pin 'minaj2_I/add_130_C148/Z_14' has no loads. (LINT-2)
Warning: In design 'top_interpolator_dac', net 'minaj2_I/net407' driven by pin 'minaj2_I/add_130_C155/Z_0' has no loads. (LINT-2)
Warning: In design 'top_interpolator_dac', net 'minaj2_I/net406' driven by pin 'minaj2_I/add_130_C155/Z_1' has no loads. (LINT-2)
Warning: In design 'top_interpolator_dac', net 'minaj2_I/net405' driven by pin 'minaj2_I/add_130_C155/Z_2' has no loads. (LINT-2)
Warning: In design 'top_interpolator_dac', net 'minaj2_I/net404' driven by pin 'minaj2_I/add_130_C155/Z_3' has no loads. (LINT-2)
Warning: In design 'top_interpolator_dac', net 'minaj2_I/net403' driven by pin 'minaj2_I/add_130_C155/Z_4' has no loads. (LINT-2)
Warning: In design 'top_interpolator_dac', net 'minaj2_I/net402' driven by pin 'minaj2_I/add_130_C155/Z_5' has no loads. (LINT-2)
Warning: In design 'top_interpolator_dac', net 'minaj2_I/net401' driven by pin 'minaj2_I/add_130_C155/Z_6' has no loads. (LINT-2)
Warning: In design 'top_interpolator_dac', net 'minaj2_I/net400' driven by pin 'minaj2_I/add_130_C155/Z_7' has no loads. (LINT-2)
Warning: In design 'top_interpolator_dac', net 'minaj2_I/net399' driven by pin 'minaj2_I/add_130_C155/Z_8' has no loads. (LINT-2)
Warning: In design 'top_interpolator_dac', net 'minaj2_I/net398' driven by pin 'minaj2_I/add_130_C155/Z_9' has no loads. (LINT-2)
Warning: In design 'top_interpolator_dac', net 'minaj2_I/net397' driven by pin 'minaj2_I/add_130_C155/Z_10' has no loads. (LINT-2)
Warning: In design 'top_interpolator_dac', net 'minaj2_I/net396' driven by pin 'minaj2_I/add_130_C155/Z_11' has no loads. (LINT-2)
Warning: In design 'top_interpolator_dac', net 'minaj2_I/net395' driven by pin 'minaj2_I/add_130_C155/Z_12' has no loads. (LINT-2)
Warning: In design 'top_interpolator_dac', net 'minaj2_I/net394' driven by pin 'minaj2_I/add_130_C155/Z_13' has no loads. (LINT-2)
Warning: In design 'top_interpolator_dac', net 'minaj2_I/net393' driven by pin 'minaj2_I/add_130_C155/Z_14' has no loads. (LINT-2)
Warning: In design 'top_interpolator_dac', net 'minaj2_I/net392' driven by pin 'minaj2_I/add_130_C156/Z_0' has no loads. (LINT-2)
Warning: In design 'top_interpolator_dac', net 'minaj2_I/net391' driven by pin 'minaj2_I/add_130_C156/Z_1' has no loads. (LINT-2)
Warning: In design 'top_interpolator_dac', net 'minaj2_I/net390' driven by pin 'minaj2_I/add_130_C156/Z_2' has no loads. (LINT-2)
Warning: In design 'top_interpolator_dac', net 'minaj2_I/net389' driven by pin 'minaj2_I/add_130_C156/Z_3' has no loads. (LINT-2)
Warning: In design 'top_interpolator_dac', net 'minaj2_I/net388' driven by pin 'minaj2_I/add_130_C156/Z_4' has no loads. (LINT-2)
Warning: In design 'top_interpolator_dac', net 'minaj2_I/net387' driven by pin 'minaj2_I/add_130_C156/Z_5' has no loads. (LINT-2)
Warning: In design 'top_interpolator_dac', net 'minaj2_I/net386' driven by pin 'minaj2_I/add_130_C156/Z_6' has no loads. (LINT-2)
Warning: In design 'top_interpolator_dac', net 'minaj2_I/net385' driven by pin 'minaj2_I/add_130_C156/Z_7' has no loads. (LINT-2)
Warning: In design 'top_interpolator_dac', net 'minaj2_I/net384' driven by pin 'minaj2_I/add_130_C156/Z_8' has no loads. (LINT-2)
Warning: In design 'top_interpolator_dac', net 'minaj2_I/net383' driven by pin 'minaj2_I/add_130_C156/Z_9' has no loads. (LINT-2)
Warning: In design 'top_interpolator_dac', net 'minaj2_I/net382' driven by pin 'minaj2_I/add_130_C156/Z_10' has no loads. (LINT-2)
Warning: In design 'top_interpolator_dac', net 'minaj2_I/net381' driven by pin 'minaj2_I/add_130_C156/Z_11' has no loads. (LINT-2)
Warning: In design 'top_interpolator_dac', net 'minaj2_I/net380' driven by pin 'minaj2_I/add_130_C156/Z_12' has no loads. (LINT-2)
Warning: In design 'top_interpolator_dac', net 'minaj2_I/net379' driven by pin 'minaj2_I/add_130_C156/Z_13' has no loads. (LINT-2)
Warning: In design 'top_interpolator_dac', net 'minaj2_I/net378' driven by pin 'minaj2_I/add_130_C156/Z_14' has no loads. (LINT-2)
Warning: In design 'top_interpolator_dac', net 'minaj2_I/net377' driven by pin 'minaj2_I/add_70/Z_0' has no loads. (LINT-2)
Warning: In design 'top_interpolator_dac', net 'minaj2_I/net376' driven by pin 'minaj2_I/add_70/Z_1' has no loads. (LINT-2)
Warning: In design 'top_interpolator_dac', net 'minaj2_I/net375' driven by pin 'minaj2_I/add_70/Z_2' has no loads. (LINT-2)
Warning: In design 'top_interpolator_dac', net 'minaj2_I/net374' driven by pin 'minaj2_I/add_70/Z_3' has no loads. (LINT-2)
Warning: In design 'top_interpolator_dac', net 'minaj2_I/net373' driven by pin 'minaj2_I/add_70/Z_4' has no loads. (LINT-2)
Warning: In design 'top_interpolator_dac', net 'minaj2_I/net372' driven by pin 'minaj2_I/add_70/Z_5' has no loads. (LINT-2)
Warning: In design 'top_interpolator_dac', net 'minaj2_I/net371' driven by pin 'minaj2_I/add_70/Z_6' has no loads. (LINT-2)
Warning: In design 'top_interpolator_dac', net 'minaj2_I/net370' driven by pin 'minaj2_I/add_70/Z_7' has no loads. (LINT-2)
Warning: In design 'top_interpolator_dac', net 'minaj2_I/net369' driven by pin 'minaj2_I/add_70/Z_8' has no loads. (LINT-2)
Warning: In design 'top_interpolator_dac', net 'minaj2_I/net368' driven by pin 'minaj2_I/add_70/Z_9' has no loads. (LINT-2)
Warning: In design 'top_interpolator_dac', net 'minaj2_I/net367' driven by pin 'minaj2_I/add_70/Z_10' has no loads. (LINT-2)
Warning: In design 'top_interpolator_dac', net 'minaj2_I/net366' driven by pin 'minaj2_I/add_70/Z_11' has no loads. (LINT-2)
Warning: In design 'top_interpolator_dac', net 'minaj2_I/net365' driven by pin 'minaj2_I/add_70/Z_12' has no loads. (LINT-2)
Warning: In design 'top_interpolator_dac', net 'minaj2_I/net364' driven by pin 'minaj2_I/add_70/Z_13' has no loads. (LINT-2)
Warning: In design 'top_interpolator_dac', net 'shift_I/net21160' driven by pin 'shift_I/C1312/Z' has no loads. (LINT-2)
Warning: In design 'top_interpolator_dac', net 'fir_I_u/net21205' driven by pin 'fir_I_u/add_92_I10/Z_0' has no loads. (LINT-2)
Warning: In design 'top_interpolator_dac', net 'fir_I_u/net21204' driven by pin 'fir_I_u/add_92_I10/Z_1' has no loads. (LINT-2)
Warning: In design 'top_interpolator_dac', net 'fir_I_u/net21203' driven by pin 'fir_I_u/add_92_I10/Z_2' has no loads. (LINT-2)
Warning: In design 'top_interpolator_dac', net 'fir_I_u/net21202' driven by pin 'fir_I_u/add_92_I10/Z_3' has no loads. (LINT-2)
Warning: In design 'top_interpolator_dac', net 'fir_I_u/net21201' driven by pin 'fir_I_u/add_92_I10/Z_4' has no loads. (LINT-2)
Warning: In design 'top_interpolator_dac', net 'fir_I_u/net21200' driven by pin 'fir_I_u/add_92_I10/Z_5' has no loads. (LINT-2)
Warning: In design 'top_interpolator_dac', net 'fir_I_u/net21199' driven by pin 'fir_I_u/add_92_I10/Z_6' has no loads. (LINT-2)
Warning: In design 'top_interpolator_dac', net 'fir_I_u/net21198' driven by pin 'fir_I_u/add_92_I10/Z_7' has no loads. (LINT-2)
Warning: In design 'top_interpolator_dac', net 'fir_I_u/net21197' driven by pin 'fir_I_u/add_92_I10/Z_8' has no loads. (LINT-2)
Warning: In design 'top_interpolator_dac', net 'fir_I_u/net21196' driven by pin 'fir_I_u/add_92_I10/Z_9' has no loads. (LINT-2)
Warning: In design 'top_interpolator_dac', net 'fir_I_u/net21195' driven by pin 'fir_I_u/add_92_I10/Z_10' has no loads. (LINT-2)
Warning: In design 'top_interpolator_dac', net 'fir_I_u/net21194' driven by pin 'fir_I_u/add_92_I10/Z_11' has no loads. (LINT-2)
Warning: In design 'top_interpolator_dac', net 'fir_I_u/net21193' driven by pin 'fir_I_u/C929/Z' has no loads. (LINT-2)
Warning: In design 'spi_i_master_W16', input port 'din' is connected directly to output port 'word_out[0]'. (LINT-29)
Warning: In design 'spi_q_slave_W16', input port 'din' is connected directly to output port 'word_out[0]'. (LINT-29)
Warning: In design 'minaj2_interp_3samp_internalSlope', input port 'x_prev[15]' is connected directly to output port 'y0[15]'. (LINT-29)
Warning: In design 'minaj2_interp_3samp_internalSlope', input port 'x_prev[14]' is connected directly to output port 'y0[14]'. (LINT-29)
Warning: In design 'minaj2_interp_3samp_internalSlope', input port 'x_prev[13]' is connected directly to output port 'y0[13]'. (LINT-29)
Warning: In design 'minaj2_interp_3samp_internalSlope', input port 'x_prev[12]' is connected directly to output port 'y0[12]'. (LINT-29)
Warning: In design 'minaj2_interp_3samp_internalSlope', input port 'x_prev[11]' is connected directly to output port 'y0[11]'. (LINT-29)
Warning: In design 'minaj2_interp_3samp_internalSlope', input port 'x_prev[10]' is connected directly to output port 'y0[10]'. (LINT-29)
Warning: In design 'minaj2_interp_3samp_internalSlope', input port 'x_prev[9]' is connected directly to output port 'y0[9]'. (LINT-29)
Warning: In design 'minaj2_interp_3samp_internalSlope', input port 'x_prev[8]' is connected directly to output port 'y0[8]'. (LINT-29)
Warning: In design 'minaj2_interp_3samp_internalSlope', input port 'x_prev[7]' is connected directly to output port 'y0[7]'. (LINT-29)
Warning: In design 'minaj2_interp_3samp_internalSlope', input port 'x_prev[6]' is connected directly to output port 'y0[6]'. (LINT-29)
Warning: In design 'minaj2_interp_3samp_internalSlope', input port 'x_prev[5]' is connected directly to output port 'y0[5]'. (LINT-29)
Warning: In design 'minaj2_interp_3samp_internalSlope', input port 'x_prev[4]' is connected directly to output port 'y0[4]'. (LINT-29)
Warning: In design 'minaj2_interp_3samp_internalSlope', input port 'x_prev[3]' is connected directly to output port 'y0[3]'. (LINT-29)
Warning: In design 'minaj2_interp_3samp_internalSlope', input port 'x_prev[2]' is connected directly to output port 'y0[2]'. (LINT-29)
Warning: In design 'minaj2_interp_3samp_internalSlope', input port 'x_prev[1]' is connected directly to output port 'y0[1]'. (LINT-29)
Warning: In design 'minaj2_interp_3samp_internalSlope', input port 'x_prev[0]' is connected directly to output port 'y0[0]'. (LINT-29)
1
